generated_on,ds,yhat,yhat_lower,yhat_upper
2026-07-23,2026-07-23,7.186515978162444,7.133643819313558,7.239388137011329
2026-07-23,2026-07-24,7.184156554525024,7.13072772814328,7.237585380906768
2026-07-23,2026-07-27,7.184388679615395,7.1089422158724656,7.259835143358325
2026-07-23,2026-07-28,7.184485080041261,7.090187539984127,7.278782620098395
2026-07-23,2026-07-29,7.187055683872535,7.075633087333909,7.29847828041116
2026-07-23,2026-07-30,7.187315565462694,7.061298211731671,7.313332919193717
2026-07-23,2026-07-31,7.187068192495698,7.046935804512245,7.3272005804791505
2026-07-23,2026-08-03,7.189212021969478,7.035241130771641,7.343182913167316
2026-07-23,2026-08-04,7.189528070261102,7.023114776847029,7.355941363675175
2026-07-23,2026-08-05,7.189046053509132,7.010443021143113,7.367649085875151
2026-07-23,2026-08-06,7.190812879971897,7.000015561704537,7.381610198239257
2026-07-23,2026-08-07,7.191196397661487,6.989175844654417,7.393216950668558
2026-07-23,2026-08-10,7.190566309443885,6.9775557478151775,7.403576871072593
2026-07-23,2026-08-11,7.191999491917855,6.967909791333481,7.416089192502229
2026-07-23,2026-08-12,7.192450008481109,6.958010253378759,7.42688976358346
2026-07-23,2026-08-13,7.191739742446813,6.947195812930444,7.436283671963181
2026-07-23,2026-08-14,7.192878185846968,6.9381170619291,7.447639309764835
2026-07-23,2026-08-17,7.193387540846406,6.928972677095287,7.457802404597525
2026-07-23,2026-08-18,7.192649471767576,6.918839501437469,7.466459442097682
2026-07-23,2026-08-19,7.193528848724233,6.910211259067484,7.476846438380981
2026-07-23,2026-08-20,7.194084284402373,6.901698713466905,7.486469855337841
2026-07-23,2026-08-21,7.193357884469697,6.892169211772498,7.494546557166896
2026-07-23,2026-08-24,7.194011345133117,6.883918651176819,7.504104039089416
2026-07-23,2026-08-25,7.194597813110204,6.875944173786694,7.513251452433714
2026-07-23,2026-08-26,7.193911850348443,6.86696139394344,7.520862306753447
2026-07-23,2026-08-27,7.194370387735394,6.859038893392643,7.529701882078145
2026-07-23,2026-08-28,7.194972232354343,6.851526013471439,7.538418451237247
2026-07-23,2026-08-31,7.194346640732967,6.843043162203659,7.545650119262274
2026-07-23,2026-09-01,7.194639235365139,6.835412988045292,7.553865482684987
2026-07-23,2026-09-02,7.195241383732058,6.8282972590926345,7.562185508371481
2026-07-23,2026-09-03,7.19468886869853,6.820273139278129,7.5691045981189315
2026-07-23,2026-09-04,7.194842502545012,6.8129086296433385,7.576776375446686
2026-07-23,2026-09-07,7.195431266092885,6.806135044964538,7.584727487221231
2026-07-23,2026-09-08,7.194958690968868,6.7985319722412765,7.591385409696459
2026-07-23,2026-09-09,7.194998294796971,6.791412722044643,7.598583867549299
2026-07-23,2026-09-10,7.195561867400178,6.78493423450209,7.606189500298266
2026-07-23,2026-09-11,7.195171453352362,6.777717071817442,7.612625834887282
2026-07-23,2026-09-14,7.195119831790976,6.770827108743734,7.619412554838218
2026-07-23,2026-09-15,7.19564855371665,6.764603620820647,7.626693486612653
2026-07-23,2026-09-16,7.195338917328701,6.757739342822838,7.6329384918345635
2026-07-23,2026-09-17,7.195216680926476,6.751065852107896,7.639367509745057
2026-07-23,2026-09-18,7.195703125226405,6.745063413494457,7.646342836958353
2026-07-23,2026-09-21,7.1954701719135485,6.7385209284528464,7.652419415374251
2026-07-23,2026-09-22,7.195295694197963,6.732053318192403,7.658538070203523
2026-07-23,2026-09-23,7.195734621792624,6.726243421685396,7.665225821899851
2026-07-23,2026-09-24,7.195572309558028,6.719993517270083,7.671151101845972
2026-07-23,2026-09-25,7.195361718763384,6.713722717872044,7.677000719654724
2026-07-23,2026-09-28,7.195749939916476,6.708081650268476,7.683418229564476
2026-07-23,2026-09-29,7.195650925610014,6.702096994256623,7.689204856963405
2026-07-23,2026-09-30,7.195418134707419,6.696014932042803,7.694821337372034
2026-07-23,2026-10-01,7.1957543074486425,6.690523165229271,7.700985449668014
2026-07-23,2026-10-02,7.195710486282831,6.684778324217672,7.70664264834799
2026-07-23,2026-10-05,7.1954672607099,6.678877531210623,7.712056990209176
2026-07-23,2026-10-06,7.19575165075419,6.673519150630724,7.717984150877656
2026-07-23,2026-10-07,7.195754599016428,6.667990606599387,7.72351859143347
2026-07-23,2026-10-08,7.195510658668099,6.6622639395496615,7.728757377786537
2026-07-23,2026-10-09,7.19574488029513,6.657026111733543,7.734463648856716
2026-07-23,2026-10-12,7.19578621072501,6.65169226561535,7.73988015583467
2026-07-23,2026-10-13,7.195549361008422,6.646132713284091,7.744966008732753
2026-07-23,2026-10-14,7.195736114054407,6.641005195242407,7.750467032866407
2026-07-23,2026-10-15,7.195807753059382,6.6358463521279765,7.755769153990788
2026-07-23,2026-10-16,7.195584038877539,6.63044691345722,7.760721164297857
2026-07-23,2026-10-19,7.195726853337442,6.625421606378631,7.766032100296253
2026-07-23,2026-10-20,7.195821248985058,6.62041994036634,7.771222557603776
2026-07-23,2026-10-21,7.195615125188451,6.6151735586999205,7.776056691676981
2026-07-24,2026-07-27,7.1855594170726205,7.132124844118916,7.238993990026325
2026-07-24,2026-07-28,7.187174747101507,7.111575233967287,7.262774260235727
2026-07-24,2026-07-29,7.190941662466539,7.096834512375023,7.285048812558055
2026-07-24,2026-07-30,7.190438113189176,7.079753269350662,7.301122957027689
2026-07-24,2026-07-31,7.191487699250144,7.066442387528962,7.316533010971327
2026-07-24,2026-08-03,7.1951636376974815,7.056324796621724,7.334002478773239
2026-07-24,2026-08-04,7.194846662522536,7.042551210632394,7.347142114412677
2026-07-24,2026-08-05,7.195389060007772,7.030791869173491,7.359986250842052
2026-07-24,2026-08-06,7.198920096775538,7.022250637282048,7.375589556269028
2026-07-24,2026-08-07,7.198825504804318,7.010069423748484,7.387581585860151
2026-07-24,2026-08-10,7.198924586447735,6.998868503679496,7.398980669215973
2026-07-24,2026-08-11,7.202260757405556,6.991074426477363,7.413447088333749
2026-07-24,2026-08-12,7.202411145059196,6.979953117780916,7.424869172337477
2026-07-24,2026-08-13,7.202134334991929,6.968994097302669,7.435274572681189
2026-07-24,2026-08-14,7.205231174102078,6.961583106051349,7.448879242152807
2026-07-24,2026-08-17,7.205636729758038,6.95128857493873,7.459984884577346
2026-07-24,2026-08-18,7.2050532289091445,6.9404626749699965,7.469643782848292
2026-07-24,2026-08-19,7.207872987655252,6.933235932603122,7.482510042707382
2026-07-24,2026-08-20,7.208532542090222,6.923640947261343,7.493424136919102
2026-07-24,2026-08-21,7.20771160025838,6.912923256807623,7.502499943709136
2026-07-24,2026-08-24,7.210224143655198,6.905758440853814,7.514689846456582
2026-07-24,2026-08-25,7.211126421832635,6.896778677094638,7.525474166570631
2026-07-24,2026-08-26,7.210135705691202,6.886182563155465,7.534088848226938
2026-07-24,2026-08-27,7.212319088594719,6.878999905170769,7.545638272018669
2026-07-24,2026-08-28,7.213444115669154,6.870569103325872,7.556319128012436
2026-07-24,2026-08-31,7.212348215028812,6.860125745039677,7.564570685017947
2026-07-24,2026-09-01,7.214188950805724,6.852872759557712,7.575505142053736
2026-07-24,2026-09-02,7.215509564130015,6.844932002014685,7.586087126245346
2026-07-24,2026-09-03,7.214368671229253,6.834679852051592,7.594057490406914
2026-07-24,2026-09-04,7.215861712237862,6.827323562318984,7.60439986215674
2026-07-24,2026-09-07,7.217345131557609,6.819816619313257,7.614873643801961
2026-07-24,2026-09-08,7.216213920238441,6.80979541587333,7.622632424603552
2026-07-24,2026-09-09,7.217362375880041,6.802317903366076,7.632406848394007
2026-07-24,2026-09-10,7.218971785651316,6.795189452852182,7.64275411845045
2026-07-24,2026-09-11,7.21789850925326,6.785436585566216,7.650360432940304
2026-07-24,2026-09-14,7.218713132476482,6.777832104818321,7.659594160134644
2026-07-24,2026-09-15,7.220409233190966,6.771027392046817,7.669791074335115
2026-07-24,2026-09-16,7.219435052092237,6.76157562383232,7.677294480352154
2026-07-24,2026-09-17,7.2199335291164575,6.753848478862785,7.68601857937013
2026-07-24,2026-09-18,7.221676018482954,6.747313705513117,7.696038331452791
2026-07-24,2026-09-21,7.220834560644899,6.738189756308848,7.703479364980951
2026-07-24,2026-09-22,7.221040641296176,6.730352553732629,7.711728728859722
2026-07-24,2026-09-23,7.222789590915736,6.724035615931804,7.721543565899667
2026-07-24,2026-09-24,7.222106741730081,6.715259343562878,7.728954139897284
2026-07-24,2026-09-25,7.222049249174706,6.707331436231028,7.736767062118384
2026-07-24,2026-09-28,7.223766347756686,6.701182793914845,7.746349901598527
2026-07-24,2026-09-29,7.223260259112006,6.692766817924339,7.753753700299674
2026-07-24,2026-09-30,7.222972017982741,6.684772852924595,7.761171183040887
2026-07-24,2026-10-01,7.224621657977832,6.678746400199092,7.770496915756572
2026-07-24,2026-10-02,7.224302960877527,6.670696070035991,7.777909851719064
2026-07-24,2026-10-05,7.223819681899411,6.662664607116504,7.784974756682319
2026-07-24,2026-10-06,7.225369872473951,6.656718463449117,7.794021281498784
2026-07-24,2026-10-07,7.225242072846769,6.649032101129988,7.8014520445635505
2026-07-24,2026-10-08,7.224601230191387,6.640994295233416,7.808208165149357
2026-07-24,2026-10-09,7.226024325545477,6.635091468325876,7.816957182765077
2026-07-24,2026-10-12,7.226084359152608,6.627760830907608,7.824407887397609
2026-07-24,2026-10-13,7.225324094009762,6.619749186724953,7.830899001294571
2026-07-24,2026-10-14,7.226597331974282,6.613858078462265,7.839336585486299
2026-07-24,2026-10-15,7.226836251564328,6.606868994006349,7.846803509122307
2026-07-24,2026-10-16,7.225994331960882,6.598916207027614,7.85307245689415
2026-07-24,2026-10-19,7.2271001834376785,6.593010948347015,7.861189418528342
2026-07-24,2026-10-20,7.227503949532281,6.5863440839619525,7.868663815102609
2026-07-24,2026-10-21,7.226616812401448,6.578481984529269,7.874751640273628
2026-07-24,2026-10-22,7.227543147400101,6.572542595708268,7.882543699091934
2026-07-25,2026-07-27,7.1855594170726205,7.132124844118916,7.238993990026325
2026-07-25,2026-07-28,7.187174747101507,7.111575233967287,7.262774260235727
2026-07-25,2026-07-29,7.190941662466539,7.096834512375023,7.285048812558055
2026-07-25,2026-07-30,7.190438113189176,7.079753269350662,7.301122957027689
2026-07-25,2026-07-31,7.191487699250144,7.066442387528962,7.316533010971327
2026-07-25,2026-08-03,7.1951636376974815,7.056324796621724,7.334002478773239
2026-07-25,2026-08-04,7.194846662522536,7.042551210632394,7.347142114412677
2026-07-25,2026-08-05,7.195389060007772,7.030791869173491,7.359986250842052
2026-07-25,2026-08-06,7.198920096775538,7.022250637282048,7.375589556269028
2026-07-25,2026-08-07,7.198825504804318,7.010069423748484,7.387581585860151
2026-07-25,2026-08-10,7.198924586447735,6.998868503679496,7.398980669215973
2026-07-25,2026-08-11,7.202260757405556,6.991074426477363,7.413447088333749
2026-07-25,2026-08-12,7.202411145059196,6.979953117780916,7.424869172337477
2026-07-25,2026-08-13,7.202134334991929,6.968994097302669,7.435274572681189
2026-07-25,2026-08-14,7.205231174102078,6.961583106051349,7.448879242152807
2026-07-25,2026-08-17,7.205636729758038,6.95128857493873,7.459984884577346
2026-07-25,2026-08-18,7.2050532289091445,6.9404626749699965,7.469643782848292
2026-07-25,2026-08-19,7.207872987655252,6.933235932603122,7.482510042707382
2026-07-25,2026-08-20,7.208532542090222,6.923640947261343,7.493424136919102
2026-07-25,2026-08-21,7.20771160025838,6.912923256807623,7.502499943709136
2026-07-25,2026-08-24,7.210224143655198,6.905758440853814,7.514689846456582
2026-07-25,2026-08-25,7.211126421832635,6.896778677094638,7.525474166570631
2026-07-25,2026-08-26,7.210135705691202,6.886182563155465,7.534088848226938
2026-07-25,2026-08-27,7.212319088594719,6.878999905170769,7.545638272018669
2026-07-25,2026-08-28,7.213444115669154,6.870569103325872,7.556319128012436
2026-07-25,2026-08-31,7.212348215028812,6.860125745039677,7.564570685017947
2026-07-25,2026-09-01,7.214188950805724,6.852872759557712,7.575505142053736
2026-07-25,2026-09-02,7.215509564130015,6.844932002014685,7.586087126245346
2026-07-25,2026-09-03,7.214368671229253,6.834679852051592,7.594057490406914
2026-07-25,2026-09-04,7.215861712237862,6.827323562318984,7.60439986215674
2026-07-25,2026-09-07,7.217345131557609,6.819816619313257,7.614873643801961
2026-07-25,2026-09-08,7.216213920238441,6.80979541587333,7.622632424603552
2026-07-25,2026-09-09,7.217362375880041,6.802317903366076,7.632406848394007
2026-07-25,2026-09-10,7.218971785651316,6.795189452852182,7.64275411845045
2026-07-25,2026-09-11,7.21789850925326,6.785436585566216,7.650360432940304
2026-07-25,2026-09-14,7.218713132476482,6.777832104818321,7.659594160134644
2026-07-25,2026-09-15,7.220409233190966,6.771027392046817,7.669791074335115
2026-07-25,2026-09-16,7.219435052092237,6.76157562383232,7.677294480352154
2026-07-25,2026-09-17,7.2199335291164575,6.753848478862785,7.68601857937013
2026-07-25,2026-09-18,7.221676018482954,6.747313705513117,7.696038331452791
2026-07-25,2026-09-21,7.220834560644899,6.738189756308848,7.703479364980951
2026-07-25,2026-09-22,7.221040641296176,6.730352553732629,7.711728728859722
2026-07-25,2026-09-23,7.222789590915736,6.724035615931804,7.721543565899667
2026-07-25,2026-09-24,7.222106741730081,6.715259343562878,7.728954139897284
2026-07-25,2026-09-25,7.222049249174706,6.707331436231028,7.736767062118384
2026-07-25,2026-09-28,7.223766347756686,6.701182793914845,7.746349901598527
2026-07-25,2026-09-29,7.223260259112006,6.692766817924339,7.753753700299674
2026-07-25,2026-09-30,7.222972017982741,6.684772852924595,7.761171183040887
2026-07-25,2026-10-01,7.224621657977832,6.678746400199092,7.770496915756572
2026-07-25,2026-10-02,7.224302960877527,6.670696070035991,7.777909851719064
2026-07-25,2026-10-05,7.223819681899411,6.662664607116504,7.784974756682319
2026-07-25,2026-10-06,7.225369872473951,6.656718463449117,7.794021281498784
2026-07-25,2026-10-07,7.225242072846769,6.649032101129988,7.8014520445635505
2026-07-25,2026-10-08,7.224601230191387,6.640994295233416,7.808208165149357
2026-07-25,2026-10-09,7.226024325545477,6.635091468325876,7.816957182765077
2026-07-25,2026-10-12,7.226084359152608,6.627760830907608,7.824407887397609
2026-07-25,2026-10-13,7.225324094009762,6.619749186724953,7.830899001294571
2026-07-25,2026-10-14,7.226597331974282,6.613858078462265,7.839336585486299
2026-07-25,2026-10-15,7.226836251564328,6.606868994006349,7.846803509122307
2026-07-25,2026-10-16,7.225994331960882,6.598916207027614,7.85307245689415
2026-07-25,2026-10-19,7.2271001834376785,6.593010948347015,7.861189418528342
2026-07-25,2026-10-20,7.227503949532281,6.5863440839619525,7.868663815102609
2026-07-25,2026-10-21,7.226616812401448,6.578481984529269,7.874751640273628
2026-07-25,2026-10-22,7.227543147400101,6.572542595708268,7.882543699091934
2026-07-26,2026-07-27,7.1855594170726205,7.132124844118916,7.238993990026325
2026-07-26,2026-07-28,7.187174747101507,7.111575233967287,7.262774260235727
2026-07-26,2026-07-29,7.190941662466539,7.096834512375023,7.285048812558055
2026-07-26,2026-07-30,7.190438113189176,7.079753269350662,7.301122957027689
2026-07-26,2026-07-31,7.191487699250144,7.066442387528962,7.316533010971327
2026-07-26,2026-08-03,7.1951636376974815,7.056324796621724,7.334002478773239
2026-07-26,2026-08-04,7.194846662522536,7.042551210632394,7.347142114412677
2026-07-26,2026-08-05,7.195389060007772,7.030791869173491,7.359986250842052
2026-07-26,2026-08-06,7.198920096775538,7.022250637282048,7.375589556269028
2026-07-26,2026-08-07,7.198825504804318,7.010069423748484,7.387581585860151
2026-07-26,2026-08-10,7.198924586447735,6.998868503679496,7.398980669215973
2026-07-26,2026-08-11,7.202260757405556,6.991074426477363,7.413447088333749
2026-07-26,2026-08-12,7.202411145059196,6.979953117780916,7.424869172337477
2026-07-26,2026-08-13,7.202134334991929,6.968994097302669,7.435274572681189
2026-07-26,2026-08-14,7.205231174102078,6.961583106051349,7.448879242152807
2026-07-26,2026-08-17,7.205636729758038,6.95128857493873,7.459984884577346
2026-07-26,2026-08-18,7.2050532289091445,6.9404626749699965,7.469643782848292
2026-07-26,2026-08-19,7.207872987655252,6.933235932603122,7.482510042707382
2026-07-26,2026-08-20,7.208532542090222,6.923640947261343,7.493424136919102
2026-07-26,2026-08-21,7.20771160025838,6.912923256807623,7.502499943709136
2026-07-26,2026-08-24,7.210224143655198,6.905758440853814,7.514689846456582
2026-07-26,2026-08-25,7.211126421832635,6.896778677094638,7.525474166570631
2026-07-26,2026-08-26,7.210135705691202,6.886182563155465,7.534088848226938
2026-07-26,2026-08-27,7.212319088594719,6.878999905170769,7.545638272018669
2026-07-26,2026-08-28,7.213444115669154,6.870569103325872,7.556319128012436
2026-07-26,2026-08-31,7.212348215028812,6.860125745039677,7.564570685017947
2026-07-26,2026-09-01,7.214188950805724,6.852872759557712,7.575505142053736
2026-07-26,2026-09-02,7.215509564130015,6.844932002014685,7.586087126245346
2026-07-26,2026-09-03,7.214368671229253,6.834679852051592,7.594057490406914
2026-07-26,2026-09-04,7.215861712237862,6.827323562318984,7.60439986215674
2026-07-26,2026-09-07,7.217345131557609,6.819816619313257,7.614873643801961
2026-07-26,2026-09-08,7.216213920238441,6.80979541587333,7.622632424603552
2026-07-26,2026-09-09,7.217362375880041,6.802317903366076,7.632406848394007
2026-07-26,2026-09-10,7.218971785651316,6.795189452852182,7.64275411845045
2026-07-26,2026-09-11,7.21789850925326,6.785436585566216,7.650360432940304
2026-07-26,2026-09-14,7.218713132476482,6.777832104818321,7.659594160134644
2026-07-26,2026-09-15,7.220409233190966,6.771027392046817,7.669791074335115
2026-07-26,2026-09-16,7.219435052092237,6.76157562383232,7.677294480352154
2026-07-26,2026-09-17,7.2199335291164575,6.753848478862785,7.68601857937013
2026-07-26,2026-09-18,7.221676018482954,6.747313705513117,7.696038331452791
2026-07-26,2026-09-21,7.220834560644899,6.738189756308848,7.703479364980951
2026-07-26,2026-09-22,7.221040641296176,6.730352553732629,7.711728728859722
2026-07-26,2026-09-23,7.222789590915736,6.724035615931804,7.721543565899667
2026-07-26,2026-09-24,7.222106741730081,6.715259343562878,7.728954139897284
2026-07-26,2026-09-25,7.222049249174706,6.707331436231028,7.736767062118384
2026-07-26,2026-09-28,7.223766347756686,6.701182793914845,7.746349901598527
2026-07-26,2026-09-29,7.223260259112006,6.692766817924339,7.753753700299674
2026-07-26,2026-09-30,7.222972017982741,6.684772852924595,7.761171183040887
2026-07-26,2026-10-01,7.224621657977832,6.678746400199092,7.770496915756572
2026-07-26,2026-10-02,7.224302960877527,6.670696070035991,7.777909851719064
2026-07-26,2026-10-05,7.223819681899411,6.662664607116504,7.784974756682319
2026-07-26,2026-10-06,7.225369872473951,6.656718463449117,7.794021281498784
2026-07-26,2026-10-07,7.225242072846769,6.649032101129988,7.8014520445635505
2026-07-26,2026-10-08,7.224601230191387,6.640994295233416,7.808208165149357
2026-07-26,2026-10-09,7.226024325545477,6.635091468325876,7.816957182765077
2026-07-26,2026-10-12,7.226084359152608,6.627760830907608,7.824407887397609
2026-07-26,2026-10-13,7.225324094009762,6.619749186724953,7.830899001294571
2026-07-26,2026-10-14,7.226597331974282,6.613858078462265,7.839336585486299
2026-07-26,2026-10-15,7.226836251564328,6.606868994006349,7.846803509122307
2026-07-26,2026-10-16,7.225994331960882,6.598916207027614,7.85307245689415
2026-07-26,2026-10-19,7.2271001834376785,6.593010948347015,7.861189418528342
2026-07-26,2026-10-20,7.227503949532281,6.5863440839619525,7.868663815102609
2026-07-26,2026-10-21,7.226616812401448,6.578481984529269,7.874751640273628
2026-07-26,2026-10-22,7.227543147400101,6.572542595708268,7.882543699091934
2026-07-27,2026-07-28,7.1717,7.117529967306891,7.22587003269311
2026-07-27,2026-07-29,7.1717,7.095092006269544,7.248307993730457
2026-07-27,2026-07-30,7.1717,7.077874753052077,7.265525246947924
2026-07-27,2026-07-31,7.1717,7.063359937113402,7.280040062886599
2026-07-27,2026-08-03,7.1717,7.050572127535793,7.292827872464207
2026-07-27,2026-08-04,7.1717,7.039011063953553,7.304388936046448
2026-07-27,2026-08-05,7.1717,7.028379568760866,7.315020431239135
2026-07-27,2026-08-06,7.1717,7.018484014306586,7.324915985693415
2026-07-27,2026-08-07,7.1717,7.009189906364442,7.3342100936355585
2026-07-27,2026-08-10,7.1717,7.000399320506687,7.343000679493314
2026-07-27,2026-08-11,7.1717,6.9920383317000985,7.351361668299902
2026-07-27,2026-08-12,7.1717,6.98404950754731,7.359350492452691
2026-07-27,2026-08-13,7.1717,6.976387175077594,7.367012824922407
2026-07-27,2026-08-14,7.1717,6.969014302821824,7.374385697178177
2026-07-27,2026-08-17,7.1717,6.961900371539803,7.381499628460197
2026-07-27,2026-08-18,7.1717,6.955019875476615,7.388380124523386
2026-07-27,2026-08-19,7.1717,6.948351239929784,7.395048760070217
2026-07-27,2026-08-20,7.1717,6.941876021950851,7.40152397804915
2026-07-27,2026-08-21,7.1717,6.93557830860387,7.407821691396131
2026-07-27,2026-08-24,7.1717,6.929444256189451,7.41395574381055
2026-07-27,2026-08-25,7.1717,6.923461732058421,7.41993826794158
2026-07-27,2026-08-26,7.1717,6.917620032406983,7.425779967593018
2026-07-27,2026-08-27,7.1717,6.911909657235874,7.431490342764127
2026-07-27,2026-08-28,7.1717,6.906322128927571,7.43707787107243
2026-07-27,2026-08-31,7.1717,6.90084984453324,7.442550155466761
2026-07-27,2026-09-01,7.1717,6.895485954416142,7.447914045583858
2026-07-27,2026-09-02,7.1717,6.890224261721841,7.453175738278159
2026-07-27,2026-09-03,7.1717,6.8850591384665,7.458340861533501
2026-07-27,2026-09-04,7.1717,6.87998545500421,7.463414544995791
2026-07-27,2026-09-07,7.1717,6.874998520354998,7.468401479645003
2026-07-27,2026-09-08,7.1717,6.870094031416872,7.473305968583129
2026-07-27,2026-09-09,7.1717,6.865268029496921,7.47813197050308
2026-07-27,2026-09-10,7.1717,6.860516862912154,7.482883137087847
2026-07-27,2026-09-11,7.1717,6.855837154655274,7.487562845344727
2026-07-27,2026-09-14,7.1717,6.851225774311413,7.492174225688588
2026-07-27,2026-09-15,7.1717,6.846679813562091,7.496720186437909
2026-07-27,2026-09-16,7.1717,6.842196564731768,7.501203435268232
2026-07-27,2026-09-17,7.1717,6.837773501927447,7.505626498072554
2026-07-27,2026-09-18,7.1717,6.833408264398268,7.509991735601733
2026-07-27,2026-09-21,7.1717,6.829098641803823,7.514301358196178
2026-07-27,2026-09-22,7.1717,6.824842561130227,7.518557438869774
2026-07-27,2026-09-23,7.1717,6.820638075034145,7.522761924965856
2026-07-27,2026-09-24,7.1717,6.816483351428787,7.526916648571214
2026-07-27,2026-09-25,7.1717,6.81237666415386,7.5310233358461405
2026-07-27,2026-09-28,7.1717,6.808316384594694,7.535083615405306
2026-07-27,2026-09-29,7.1717,6.804300974135118,7.539099025864883
2026-07-27,2026-09-30,7.1717,6.800328977344897,7.543071022655104
2026-07-27,2026-10-01,7.1717,6.796399015816197,7.5470009841838035
2026-07-27,2026-10-02,7.1717,6.792509782575072,7.550890217424929
2026-07-27,2026-10-05,7.1717,6.788660037003713,7.554739962996288
2026-07-27,2026-10-06,7.1717,6.784848600217564,7.558551399782437
2026-07-27,2026-10-07,7.1717,6.781074350848458,7.562325649151543
2026-07-27,2026-10-08,7.1717,6.777336221191022,7.566063778808979
2026-07-27,2026-10-09,7.1717,6.773633193674819,7.569766806325182
2026-07-27,2026-10-12,7.1717,6.769964297629197,7.573435702370804
2026-07-27,2026-10-13,7.1717,6.766328606311698,7.5770713936883025
2026-07-27,2026-10-14,7.1717,6.762725234174248,7.580674765825753
2026-07-27,2026-10-15,7.1717,6.759153334344268,7.584246665655733
2026-07-27,2026-10-16,7.1717,6.755612096300439,7.587787903699562
2026-07-27,2026-10-19,7.1717,6.752100743725006,7.591299256274995
2026-07-27,2026-10-20,7.1717,6.748618532516535,7.5947814674834655
2026-07-27,2026-10-21,7.1717,6.745164748948701,7.5982352510513
2026-07-27,2026-10-22,7.1717,6.741738707962184,7.601661292037817
2026-07-27,2026-10-23,7.1717,6.738339751578135,7.605060248421866
2026-07-28,2026-07-29,7.1958,7.141642975524211,7.24995702447579
2026-07-28,2026-07-30,7.1958,7.119210397535323,7.272389602464678
2026-07-28,2026-07-31,7.1958,7.1019972755655605,7.28960272443444
2026-07-28,2026-08-03,7.1958,7.087485942662323,7.304114057337677
2026-07-28,2026-08-04,7.1958,7.07470120181201,7.3168987981879905
2026-07-28,2026-08-05,7.1958,7.063142912634863,7.328457087365138
2026-07-28,2026-08-06,7.1958,7.052513968811235,7.339086031188765
2026-07-28,2026-08-07,7.1958,7.042620789140779,7.348979210859222
2026-07-28,2026-08-10,7.1958,7.033328911664014,7.358271088335987
2026-07-28,2026-08-11,7.1958,7.024540435447517,7.367059564552483
2026-07-28,2026-08-12,7.1958,7.016181453195022,7.375418546804978
2026-07-28,2026-08-13,7.1958,7.008194546289405,7.383405453710595
2026-07-28,2026-08-14,7.1958,7.000534052718903,7.391065947281097
2026-07-28,2026-08-17,7.1958,6.993162949900048,7.398437050099952
2026-07-28,2026-08-18,7.1958,6.98605072591583,7.40554927408417
2026-07-28,2026-08-19,7.1958,6.979171881131598,7.412428118868402
2026-07-28,2026-08-20,7.1958,6.972504846021933,7.419095153978067
2026-07-28,2026-08-21,7.1958,6.966031182063983,7.425568817936018
2026-07-28,2026-08-24,7.1958,6.959734980140342,7.431865019859658
2026-07-28,2026-08-25,7.1958,6.953602399873643,7.437997600126358
2026-07-28,2026-08-26,7.1958,6.947621311526165,7.443978688473836
2026-07-28,2026-08-27,7.1958,6.941781013862705,7.449818986137295
2026-07-28,2026-08-28,7.1958,6.936072009163731,7.455527990836269
2026-07-28,2026-08-31,7.1958,6.930485821846116,7.461114178153885
2026-07-28,2026-09-01,7.1958,6.925014850785541,7.46658514921446
2026-07-28,2026-09-02,7.1958,6.91965224798901,7.4719477520109905
2026-07-28,2026-09-03,7.1958,6.914391818089187,7.477208181910814
2026-07-28,2026-09-04,7.1958,6.909227934452823,7.482372065547177
2026-07-28,2026-09-07,7.1958,6.904155468665018,7.487444531334982
2026-07-28,2026-09-08,7.1958,6.899169730871532,7.492430269128467
2026-07-28,2026-09-09,7.1958,6.894266419003035,7.497333580996965
2026-07-28,2026-09-10,7.1958,6.889441575316624,7.502158424683376
2026-07-28,2026-09-11,7.1958,6.884691549005647,7.506908450994353
2026-07-28,2026-09-14,7.1958,6.880012963873227,7.511587036126773
2026-07-28,2026-09-15,7.1958,6.875402690255743,7.516197309744258
2026-07-28,2026-09-16,7.1958,6.870857820532661,7.520742179467339
2026-07-28,2026-09-17,7.1958,6.866375647678241,7.525224352321759
2026-07-28,2026-09-18,7.1958,6.861953646405661,7.529646353594339
2026-07-28,2026-09-21,7.1958,6.857589456530607,7.534010543469393
2026-07-28,2026-09-22,7.1958,6.853280868243118,7.538319131756882
2026-07-28,2026-09-23,7.1958,6.849025809026805,7.542574190973196
2026-07-28,2026-09-24,7.1958,6.844822332005667,7.546777667994333
2026-07-28,2026-09-25,7.1958,6.840668605532591,7.550931394467409
2026-07-28,2026-09-28,7.1958,6.836562903861541,7.555037096138459
2026-07-28,2026-09-29,7.1958,6.832503598768693,7.559096401231307
2026-07-28,2026-09-30,7.1958,6.828489152007125,7.563110847992875
2026-07-28,2026-10-01,7.1958,6.824518108495889,7.567081891504111
2026-07-28,2026-10-02,7.1958,6.820589090157953,7.571010909842047
2026-07-28,2026-10-05,7.1958,6.8167007903330274,7.574899209666973
2026-07-28,2026-10-06,7.1958,6.8128519687010405,7.57874803129896
2026-07-28,2026-10-07,7.1958,6.809041446660355,7.582558553339646
2026-07-28,2026-10-08,7.1958,6.805268103111921,7.58633189688808
2026-07-28,2026-10-09,7.1958,6.801530870606603,7.590069129393397
2026-07-28,2026-10-12,7.1958,6.7978287318181705,7.59377126818183
2026-07-28,2026-10-13,7.1958,6.794160716308926,7.597439283691075
2026-07-28,2026-10-14,7.1958,6.790525897558818,7.601074102441182
2026-07-28,2026-10-15,7.1958,6.786923390232295,7.604676609767705
2026-07-28,2026-10-16,7.1958,6.783352347660024,7.608247652339976
2026-07-28,2026-10-19,7.1958,6.779811959515199,7.611788040484801
2026-07-28,2026-10-20,7.1958,6.776301449666379,7.615298550333621
2026-07-28,2026-10-21,7.1958,6.772820074190706,7.618779925809294
2026-07-28,2026-10-22,7.1958,6.7693671195331415,7.622232880466859
2026-07-28,2026-10-23,7.1958,6.7659419007987776,7.625658099201223
2026-07-28,2026-10-26,7.1958,6.762543760166672,7.629056239833329
2026-07-29,2026-07-30,7.202437025572846,7.144399459314372,7.2647756114089
2026-07-29,2026-07-31,7.204699276784139,7.142957845937205,7.26323787356189
2026-07-29,2026-08-01,7.206961527995432,7.144511898681859,7.268498719724563
2026-07-29,2026-08-02,7.209223779206725,7.148393057113367,7.270242383221219
2026-07-29,2026-08-03,7.211486030418018,7.155423504781388,7.275860889518241
2026-07-29,2026-08-04,7.21374828162931,7.15355114426717,7.274285862457757
2026-07-29,2026-08-05,7.216010532840604,7.156133989585277,7.276418259007165
2026-07-29,2026-08-06,7.218272784051896,7.151630277617854,7.281926117530712
2026-07-29,2026-08-07,7.220535035263189,7.159353028568793,7.278562663545242
2026-07-29,2026-08-08,7.222797286474482,7.163409357206033,7.287377643777847
2026-07-29,2026-08-09,7.225059537685777,7.163099514895714,7.28803373803635
2026-07-29,2026-08-10,7.2273217888970684,7.162379931631864,7.283737496815476
2026-07-29,2026-08-11,7.229584040108361,7.166330296111134,7.293805353116181
2026-07-29,2026-08-12,7.231846291319655,7.171885007427785,7.296379874744297
2026-07-29,2026-08-13,7.234108542530947,7.169719259212085,7.292433060072637
2026-07-29,2026-08-14,7.236370793742241,7.175351972336898,7.303018697141097
2026-07-29,2026-08-15,7.238633044953533,7.17381519123583,7.305002239193962
2026-07-29,2026-08-16,7.240895296164827,7.173211719946952,7.308094383166617
2026-07-29,2026-08-17,7.24315754737612,7.1747956168005365,7.305290820962182
2026-07-29,2026-08-18,7.245419798587413,7.178480970281865,7.312999448946984
2026-07-29,2026-08-19,7.247682049798706,7.177665296548499,7.313665051592068
2026-07-29,2026-08-20,7.249944301009997,7.178352576512114,7.318672810517783
2026-07-29,2026-08-21,7.252206552221292,7.185075860907917,7.316630224656252
2026-07-29,2026-08-22,7.254468803432584,7.1858034028893965,7.321985642053267
2026-07-29,2026-08-23,7.256731054643878,7.188050855153212,7.328722923425879
2026-07-29,2026-08-24,7.25899330585517,7.18496965007819,7.330067906177546
2026-07-29,2026-08-25,7.261255557066464,7.184723490261739,7.335886445574681
2026-07-29,2026-08-26,7.263517808277756,7.190628168117688,7.337136191377047
2026-07-29,2026-08-27,7.265780059489049,7.189169000720124,7.344383762241978
2026-07-29,2026-08-28,7.268042310700342,7.190390694347638,7.344869872194855
2026-07-29,2026-08-29,7.270304561911635,7.187717780219685,7.344912044822973
2026-07-29,2026-08-30,7.272566813122928,7.194538296329341,7.350644075229932
2026-07-29,2026-08-31,7.274829064334221,7.192157880183591,7.358068046486137
2026-07-29,2026-09-01,7.277091315545515,7.193922236530498,7.352067521703026
2026-07-29,2026-09-02,7.279353566756807,7.199173888495854,7.361103216184566
2026-07-29,2026-09-03,7.281615817968101,7.196977636323696,7.362977876248248
2026-07-29,2026-09-04,7.283878069179393,7.200680959654765,7.371692597881593
2026-07-29,2026-09-05,7.286140320390687,7.191799708101359,7.374439848275846
2026-07-29,2026-09-06,7.28840257160198,7.196909548942985,7.375914748137468
2026-07-29,2026-09-07,7.290664822813271,7.198366951923549,7.377432675113204
2026-07-29,2026-09-08,7.292927074024565,7.20012047835214,7.375227655502963
2026-07-29,2026-09-09,7.295189325235859,7.197410139106002,7.393071149824376
2026-07-29,2026-09-10,7.297451576447151,7.204011435760055,7.391359622077442
2026-07-29,2026-09-11,7.299713827658444,7.195982973459349,7.403686036895674
2026-07-29,2026-09-12,7.301976078869737,7.19979707495314,7.409014526866266
2026-07-29,2026-09-13,7.30423833008103,7.201822809047314,7.407708102364535
2026-07-29,2026-09-14,7.306500581292323,7.196242568337247,7.40875178321056
2026-07-29,2026-09-15,7.308762832503616,7.205184845313152,7.41878930591523
2026-07-29,2026-09-16,7.311025083714908,7.213237632366975,7.417125138626894
2026-07-29,2026-09-17,7.313287334926202,7.195115484305177,7.428773664811784
2026-07-29,2026-09-18,7.315549586137496,7.194538977774388,7.436393719975097
2026-07-29,2026-09-19,7.317811837348788,7.189914547979181,7.44077714412728
2026-07-29,2026-09-20,7.32007408856008,7.194630019862811,7.449600900179149
2026-07-29,2026-09-21,7.3223363397713745,7.203623600904413,7.452175987103724
2026-07-29,2026-09-22,7.324598590982666,7.204240740573262,7.45230165693946
2026-07-29,2026-09-23,7.326860842193961,7.196943215115222,7.465119684710126
2026-07-29,2026-09-24,7.329123093405252,7.199884337964315,7.464957779743341
2026-07-29,2026-09-25,7.331385344616547,7.198172785976764,7.47632404340678
2026-07-29,2026-09-26,7.333647595827839,7.192665573546486,7.478503309587407
2026-07-29,2026-09-27,7.335909847039133,7.194969183823036,7.47946674300102
2026-07-29,2026-09-28,7.338172098250425,7.194245033333141,7.489786886201557
2026-07-29,2026-09-29,7.340434349461717,7.194112467553901,7.493658407745404
2026-07-29,2026-09-30,7.342696600673011,7.1950627225984585,7.502530905478349
2026-07-29,2026-10-01,7.344958851884304,7.191309778262148,7.506561131306071
2026-07-29,2026-10-02,7.347221103095597,7.195142058966843,7.512578899270114
2026-07-29,2026-10-03,7.34948335430689,7.190143949172318,7.529340327030106
2026-07-29,2026-10-04,7.351745605518182,7.18551908707553,7.514217241360566
2026-07-29,2026-10-05,7.354007856729476,7.185177662494994,7.540946195188682
2026-07-29,2026-10-06,7.3562701079407695,7.178862080899866,7.54466367992427
2026-07-29,2026-10-07,7.358532359152062,7.179313133589093,7.550644879186127
2026-07-29,2026-10-08,7.360794610363354,7.18805632594795,7.550948868333389
2026-07-29,2026-10-09,7.363056861574648,7.187584352750855,7.554989244771433
2026-07-29,2026-10-10,7.365319112785942,7.179573756131908,7.550524989498703
2026-07-29,2026-10-11,7.367581363997234,7.176106289141955,7.571553357308569
2026-07-29,2026-10-12,7.369843615208526,7.168862564434273,7.582416730636686
2026-07-29,2026-10-13,7.37210586641982,7.186180418905292,7.580860748808978
2026-07-29,2026-10-14,7.374368117631112,7.1907230412020775,7.595239481367968
2026-07-29,2026-10-15,7.376630368842406,7.1677808747947305,7.578182088086375
2026-07-29,2026-10-16,7.378892620053699,7.175638904218625,7.6084515486659825
2026-07-29,2026-10-17,7.381154871264991,7.166308389732192,7.599493371174355
2026-07-29,2026-10-18,7.383417122476285,7.172986467932983,7.609816976497589
2026-07-29,2026-10-19,7.385679373687578,7.165094905016416,7.61884629735898
2026-07-29,2026-10-20,7.387941624898871,7.174740271523433,7.62646344158984
2026-07-29,2026-10-21,7.390203876110163,7.179525437845322,7.632938821235428
2026-07-29,2026-10-22,7.392466127321457,7.161307043776802,7.633121258886771
2026-07-29,2026-10-23,7.394728378532749,7.148320722244008,7.648728703954745
2026-07-29,2026-10-24,7.396990629744043,7.1600814351669815,7.649946933012744
2026-07-29,2026-10-25,7.399252880955335,7.160588398342053,7.663798269830623
2026-07-29,2026-10-26,7.401515132166628,7.157888700561118,7.660292009211448
2026-07-29,2026-10-27,7.403777383377921,7.15785907306573,7.6807647324722
2026-07-30,2026-07-31,7.1981,7.143954107853939,7.252245892146061
2026-07-30,2026-08-03,7.1981,7.121526146390726,7.274673853609275
2026-07-30,2026-08-04,7.1981,7.104316566085176,7.291883433914824
2026-07-30,2026-08-05,7.1981,7.08980821869995,7.30639178130005
2026-07-30,2026-08-06,7.1981,7.077026108027289,7.319173891972711
2026-07-30,2026-08-07,7.1981,7.065470196646073,7.330729803353927
2026-07-30,2026-08-10,7.1981,7.054843439389384,7.341356560610616
2026-07-30,2026-08-11,7.1981,7.044952294897166,7.351247705102835
2026-07-30,2026-08-12,7.1981,7.035662328881056,7.360537671118944
2026-07-30,2026-08-13,7.1981,7.0268756605536815,7.369324339446319
2026-07-30,2026-08-14,7.1981,7.018518397826755,7.377681602173245
2026-07-30,2026-08-17,7.1981,7.010533133897825,7.385666866102175
2026-07-30,2026-08-18,7.1981,7.002874216150445,7.393325783849555
2026-07-30,2026-08-19,7.1981,6.995504629618655,7.400695370381346
2026-07-30,2026-08-20,7.1981,6.988393868663226,7.407806131336774
2026-07-30,2026-08-21,7.1981,6.981516438895936,7.414683561104065
2026-07-30,2026-08-24,7.1981,6.974850775229118,7.421349224770882
2026-07-30,2026-08-25,7.1981,6.968378442933448,7.427821557066553
2026-07-30,2026-08-26,7.1981,6.962083536164608,7.434116463835393
2026-07-30,2026-08-27,7.1981,6.955952217392674,7.440247782607326
2026-07-30,2026-08-28,7.1981,6.949972359375408,7.446227640624592
2026-07-30,2026-08-31,7.1981,6.944133263079181,7.452066736920819
2026-07-30,2026-09-01,7.1981,6.938425432738418,7.457774567261582
2026-07-30,2026-09-02,7.1981,6.932840394513655,7.463359605486345
2026-07-30,2026-09-03,7.1981,6.9273705488443245,7.468829451155676
2026-07-30,2026-09-04,7.1981,6.922009049146237,7.474190950853763
2026-07-30,2026-09-07,7.1981,6.916749701326591,7.4794502986734095
2026-07-30,2026-09-08,7.1981,6.911586879909666,7.4846131200903345
2026-07-30,2026-09-09,7.1981,6.906515457535589,7.489684542464412
2026-07-30,2026-09-10,7.1981,6.901530745314924,7.494669254685077
2026-07-30,2026-09-11,7.1981,6.896628442063363,7.499571557936638
2026-07-30,2026-09-14,7.1981,6.891804590852189,7.504395409147811
2026-07-30,2026-09-15,7.1981,6.887055541625789,7.5091444583742115
2026-07-30,2026-09-16,7.1981,6.88237791888183,7.51382208111817
2026-07-30,2026-09-17,7.1981,6.877768593600519,7.518431406399482
2026-07-30,2026-09-18,7.1981,6.873224658759469,7.522975341240532
2026-07-30,2026-09-21,7.1981,6.868743407889817,7.527456592110183
2026-07-30,2026-09-22,7.1981,6.864322316224234,7.531877683775766
2026-07-30,2026-09-23,7.1981,6.859959024063932,7.536240975936068
2026-07-30,2026-09-24,7.1981,6.85565132205354,7.54054867794646
2026-07-30,2026-09-25,7.1981,6.851397138103015,7.544802861896986
2026-07-30,2026-09-28,7.1981,6.847194525736857,7.549005474263144
2026-07-30,2026-09-29,7.1981,6.843041653684745,7.553158346315255
2026-07-30,2026-09-30,7.1981,6.838936796555654,7.557263203444346
2026-07-30,2026-10-01,7.1981,6.8348783264607045,7.561321673539296
2026-07-30,2026-10-02,7.1981,6.830864705469411,7.565335294530589
2026-07-30,2026-10-05,7.1981,6.826894478800153,7.569305521199848
2026-07-30,2026-10-06,7.1981,6.822966268659386,7.573233731340614
2026-07-30,2026-10-07,7.1981,6.819078768655616,7.577121231344384
2026-07-30,2026-10-08,7.1981,6.815230738723915,7.580969261276086
2026-07-30,2026-10-09,7.1981,6.8114210005051,7.5847789994949
2026-07-30,2026-10-12,7.1981,6.807648433130742,7.588551566869258
2026-07-30,2026-10-13,7.1981,6.803911969371291,7.592288030628709
2026-07-30,2026-10-14,7.1981,6.80021059210979,7.59598940789021
2026-07-30,2026-10-15,7.1981,6.796543331108169,7.599656668891831
2026-07-30,2026-10-16,7.1981,6.792909260036973,7.603290739963027
2026-07-30,2026-10-19,7.1981,6.789307493742771,7.606892506257229
2026-07-30,2026-10-20,7.1981,6.785737185730396,7.610462814269605
2026-07-30,2026-10-21,7.1981,6.782197525839735,7.614002474160266
2026-07-30,2026-10-22,7.1981,6.778687738099001,7.617512261900999
2026-07-30,2026-10-23,7.1981,6.775207078738372,7.620992921261628
2026-07-30,2026-10-26,7.1981,6.771754834349591,7.6244451656504095
2026-07-30,2026-10-27,7.1981,6.768330320178637,7.627869679821363
2026-07-30,2026-10-28,7.1981,6.76493287853989,7.631267121460111
2026-07-31,2026-08-03,7.2432,7.188913758547284,7.297486241452716
2026-07-31,2026-08-04,7.2432,7.166427662454834,7.319972337545166
2026-07-31,2026-08-05,7.2432,7.149173473885104,7.337226526114896
2026-07-31,2026-08-06,7.2432,7.134627519995528,7.351772480004472
2026-07-31,2026-08-07,7.2432,7.121812277328356,7.364587722671644
2026-07-31,2026-08-10,7.2432,7.1102264123350265,7.376173587664973
2026-07-31,2026-08-11,7.2432,7.099572109889546,7.386827890110454
2026-07-31,2026-08-12,7.2432,7.089655326960956,7.396744673039044
2026-07-31,2026-08-13,7.2432,7.0803412807991135,7.406058719200886
2026-07-31,2026-08-14,7.2432,7.071531836903753,7.414868163096247
2026-07-31,2026-08-17,7.2432,7.063152911653851,7.423247088346149
2026-07-31,2026-08-18,7.2432,7.055146949445077,7.431253050554923
2026-07-31,2026-08-19,7.2432,7.047468179326665,7.438931820673335
2026-07-31,2026-08-20,7.2432,7.040079490387639,7.44632050961236
2026-07-31,2026-08-21,7.2432,7.032950297916331,7.453449702083668
2026-07-31,2026-08-24,7.2432,7.026055041441535,7.460344958558465
2026-07-31,2026-08-25,7.2432,7.019372099977586,7.467027900022414
2026-07-31,2026-08-26,7.2432,7.012882991011236,7.473517008988764
2026-07-31,2026-08-27,7.2432,7.006571767469271,7.479828232530728
2026-07-31,2026-08-28,7.2432,7.00042455595406,7.485975444045939
2026-07-31,2026-08-31,7.2432,6.994429197788829,7.491970802211171
2026-07-31,2026-09-01,7.2432,6.9885749662074135,7.497825033792586
2026-07-31,2026-09-02,7.2432,6.982852340830647,7.503547659169353
2026-07-31,2026-09-03,7.2432,6.977252825854365,7.509147174145634
2026-07-31,2026-09-04,7.2432,6.97176880201949,7.51463119798051
2026-07-31,2026-09-07,7.2432,6.966393404995074,7.520006595004926
2026-07-31,2026-09-08,7.2432,6.961120424632858,7.525279575367142
2026-07-31,2026-09-09,7.2432,6.955944220875552,7.530455779124447
2026-07-31,2026-09-10,7.2432,6.950859653072861,7.535540346927139
2026-07-31,2026-09-11,7.2432,6.945862020181467,7.540537979818533
2026-07-31,2026-09-14,7.2432,6.940947009868136,7.545452990131864
2026-07-31,2026-09-15,7.2432,6.936110654947556,7.550289345052444
2026-07-31,2026-09-16,7.2432,6.931349295902951,7.555050704097049
2026-07-31,2026-09-17,7.2432,6.926659548482486,7.559740451517514
2026-07-31,2026-09-18,7.2432,6.92203827555576,7.56436172444424
2026-07-31,2026-09-21,7.2432,6.917482562565213,7.568917437434787
2026-07-31,2026-09-22,7.2432,6.912989696026652,7.573410303973348
2026-07-31,2026-09-23,7.2432,6.908557144628401,7.577842855371599
2026-07-31,2026-09-24,7.2432,6.904182542555191,7.582217457444809
2026-07-31,2026-09-25,7.2432,6.899863674724871,7.586536325275129
2026-07-31,2026-09-28,7.2432,6.895598463676416,7.590801536323584
2026-07-31,2026-09-29,7.2432,6.891384957888946,7.595015042111053
2026-07-31,2026-09-30,7.2432,6.887221321345381,7.599178678654619
2026-07-31,2026-10-01,7.2432,6.883105824182374,7.603294175817625
2026-07-31,2026-10-02,7.2432,6.879036834291465,7.607363165708534
2026-07-31,2026-10-05,7.2432,6.875012809755761,7.611387190244239
2026-07-31,2026-10-06,7.2432,6.871032292022758,7.615367707977242
2026-07-31,2026-10-07,7.2432,6.86709389972759,7.61930610027241
2026-07-31,2026-10-08,7.2432,6.863196323092517,7.623203676907483
2026-07-31,2026-10-09,7.2432,6.859338318838292,7.627061681161708
2026-07-31,2026-10-12,7.2432,6.855518705551352,7.630881294448648
2026-07-31,2026-10-13,7.2432,6.851736359457911,7.634663640542088
2026-07-31,2026-10-14,7.2432,6.847990210562096,7.638409789437904
2026-07-31,2026-10-15,7.2432,6.844279239110524,7.642120760889476
2026-07-31,2026-10-16,7.2432,6.840602472350208,7.645797527649791
2026-07-31,2026-10-19,7.2432,6.836958981550593,7.649441018449407
2026-07-31,2026-10-20,7.2432,6.8333478792638775,7.653052120736122
2026-07-31,2026-10-21,7.2432,6.829768316800728,7.656631683199272
2026-07-31,2026-10-22,7.2432,6.826219481901048,7.660180518098952
2026-07-31,2026-10-23,7.2432,6.822700596581687,7.663699403418312
2026-07-31,2026-10-26,7.2432,6.819210915144926,7.667189084855074
2026-07-31,2026-10-27,7.2432,6.815749722333312,7.670650277666688
2026-07-31,2026-10-28,7.2432,6.8123163316179,7.674083668382099
2026-07-31,2026-10-29,7.2432,6.808910083608309,7.677489916391691
2026-08-01,2026-08-03,7.2432,7.188913758547284,7.297486241452716
2026-08-01,2026-08-04,7.2432,7.166427662454834,7.319972337545166
2026-08-01,2026-08-05,7.2432,7.149173473885104,7.337226526114896
2026-08-01,2026-08-06,7.2432,7.134627519995528,7.351772480004472
2026-08-01,2026-08-07,7.2432,7.121812277328356,7.364587722671644
2026-08-01,2026-08-10,7.2432,7.1102264123350265,7.376173587664973
2026-08-01,2026-08-11,7.2432,7.099572109889546,7.386827890110454
2026-08-01,2026-08-12,7.2432,7.089655326960956,7.396744673039044
2026-08-01,2026-08-13,7.2432,7.0803412807991135,7.406058719200886
2026-08-01,2026-08-14,7.2432,7.071531836903753,7.414868163096247
2026-08-01,2026-08-17,7.2432,7.063152911653851,7.423247088346149
2026-08-01,2026-08-18,7.2432,7.055146949445077,7.431253050554923
2026-08-01,2026-08-19,7.2432,7.047468179326665,7.438931820673335
2026-08-01,2026-08-20,7.2432,7.040079490387639,7.44632050961236
2026-08-01,2026-08-21,7.2432,7.032950297916331,7.453449702083668
2026-08-01,2026-08-24,7.2432,7.026055041441535,7.460344958558465
2026-08-01,2026-08-25,7.2432,7.019372099977586,7.467027900022414
2026-08-01,2026-08-26,7.2432,7.012882991011236,7.473517008988764
2026-08-01,2026-08-27,7.2432,7.006571767469271,7.479828232530728
2026-08-01,2026-08-28,7.2432,7.00042455595406,7.485975444045939
2026-08-01,2026-08-31,7.2432,6.994429197788829,7.491970802211171
2026-08-01,2026-09-01,7.2432,6.9885749662074135,7.497825033792586
2026-08-01,2026-09-02,7.2432,6.982852340830647,7.503547659169353
2026-08-01,2026-09-03,7.2432,6.977252825854365,7.509147174145634
2026-08-01,2026-09-04,7.2432,6.97176880201949,7.51463119798051
2026-08-01,2026-09-07,7.2432,6.966393404995074,7.520006595004926
2026-08-01,2026-09-08,7.2432,6.961120424632858,7.525279575367142
2026-08-01,2026-09-09,7.2432,6.955944220875552,7.530455779124447
2026-08-01,2026-09-10,7.2432,6.950859653072861,7.535540346927139
2026-08-01,2026-09-11,7.2432,6.945862020181467,7.540537979818533
2026-08-01,2026-09-14,7.2432,6.940947009868136,7.545452990131864
2026-08-01,2026-09-15,7.2432,6.936110654947556,7.550289345052444
2026-08-01,2026-09-16,7.2432,6.931349295902951,7.555050704097049
2026-08-01,2026-09-17,7.2432,6.926659548482486,7.559740451517514
2026-08-01,2026-09-18,7.2432,6.92203827555576,7.56436172444424
2026-08-01,2026-09-21,7.2432,6.917482562565213,7.568917437434787
2026-08-01,2026-09-22,7.2432,6.912989696026652,7.573410303973348
2026-08-01,2026-09-23,7.2432,6.908557144628401,7.577842855371599
2026-08-01,2026-09-24,7.2432,6.904182542555191,7.582217457444809
2026-08-01,2026-09-25,7.2432,6.899863674724871,7.586536325275129
2026-08-01,2026-09-28,7.2432,6.895598463676416,7.590801536323584
2026-08-01,2026-09-29,7.2432,6.891384957888946,7.595015042111053
2026-08-01,2026-09-30,7.2432,6.887221321345381,7.599178678654619
2026-08-01,2026-10-01,7.2432,6.883105824182374,7.603294175817625
2026-08-01,2026-10-02,7.2432,6.879036834291465,7.607363165708534
2026-08-01,2026-10-05,7.2432,6.875012809755761,7.611387190244239
2026-08-01,2026-10-06,7.2432,6.871032292022758,7.615367707977242
2026-08-01,2026-10-07,7.2432,6.86709389972759,7.61930610027241
2026-08-01,2026-10-08,7.2432,6.863196323092517,7.623203676907483
2026-08-01,2026-10-09,7.2432,6.859338318838292,7.627061681161708
2026-08-01,2026-10-12,7.2432,6.855518705551352,7.630881294448648
2026-08-01,2026-10-13,7.2432,6.851736359457911,7.634663640542088
2026-08-01,2026-10-14,7.2432,6.847990210562096,7.638409789437904
2026-08-01,2026-10-15,7.2432,6.844279239110524,7.642120760889476
2026-08-01,2026-10-16,7.2432,6.840602472350208,7.645797527649791
2026-08-01,2026-10-19,7.2432,6.836958981550593,7.649441018449407
2026-08-01,2026-10-20,7.2432,6.8333478792638775,7.653052120736122
2026-08-01,2026-10-21,7.2432,6.829768316800728,7.656631683199272
2026-08-01,2026-10-22,7.2432,6.826219481901048,7.660180518098952
2026-08-01,2026-10-23,7.2432,6.822700596581687,7.663699403418312
2026-08-01,2026-10-26,7.2432,6.819210915144926,7.667189084855074
2026-08-01,2026-10-27,7.2432,6.815749722333312,7.670650277666688
2026-08-01,2026-10-28,7.2432,6.8123163316179,7.674083668382099
2026-08-01,2026-10-29,7.2432,6.808910083608309,7.677489916391691
2026-08-02,2026-08-03,7.2432,7.188913758547284,7.297486241452716
2026-08-02,2026-08-04,7.2432,7.166427662454834,7.319972337545166
2026-08-02,2026-08-05,7.2432,7.149173473885104,7.337226526114896
2026-08-02,2026-08-06,7.2432,7.134627519995528,7.351772480004472
2026-08-02,2026-08-07,7.2432,7.121812277328356,7.364587722671644
2026-08-02,2026-08-10,7.2432,7.1102264123350265,7.376173587664973
2026-08-02,2026-08-11,7.2432,7.099572109889546,7.386827890110454
2026-08-02,2026-08-12,7.2432,7.089655326960956,7.396744673039044
2026-08-02,2026-08-13,7.2432,7.0803412807991135,7.406058719200886
2026-08-02,2026-08-14,7.2432,7.071531836903753,7.414868163096247
2026-08-02,2026-08-17,7.2432,7.063152911653851,7.423247088346149
2026-08-02,2026-08-18,7.2432,7.055146949445077,7.431253050554923
2026-08-02,2026-08-19,7.2432,7.047468179326665,7.438931820673335
2026-08-02,2026-08-20,7.2432,7.040079490387639,7.44632050961236
2026-08-02,2026-08-21,7.2432,7.032950297916331,7.453449702083668
2026-08-02,2026-08-24,7.2432,7.026055041441535,7.460344958558465
2026-08-02,2026-08-25,7.2432,7.019372099977586,7.467027900022414
2026-08-02,2026-08-26,7.2432,7.012882991011236,7.473517008988764
2026-08-02,2026-08-27,7.2432,7.006571767469271,7.479828232530728
2026-08-02,2026-08-28,7.2432,7.00042455595406,7.485975444045939
2026-08-02,2026-08-31,7.2432,6.994429197788829,7.491970802211171
2026-08-02,2026-09-01,7.2432,6.9885749662074135,7.497825033792586
2026-08-02,2026-09-02,7.2432,6.982852340830647,7.503547659169353
2026-08-02,2026-09-03,7.2432,6.977252825854365,7.509147174145634
2026-08-02,2026-09-04,7.2432,6.97176880201949,7.51463119798051
2026-08-02,2026-09-07,7.2432,6.966393404995074,7.520006595004926
2026-08-02,2026-09-08,7.2432,6.961120424632858,7.525279575367142
2026-08-02,2026-09-09,7.2432,6.955944220875552,7.530455779124447
2026-08-02,2026-09-10,7.2432,6.950859653072861,7.535540346927139
2026-08-02,2026-09-11,7.2432,6.945862020181467,7.540537979818533
2026-08-02,2026-09-14,7.2432,6.940947009868136,7.545452990131864
2026-08-02,2026-09-15,7.2432,6.936110654947556,7.550289345052444
2026-08-02,2026-09-16,7.2432,6.931349295902951,7.555050704097049
2026-08-02,2026-09-17,7.2432,6.926659548482486,7.559740451517514
2026-08-02,2026-09-18,7.2432,6.92203827555576,7.56436172444424
2026-08-02,2026-09-21,7.2432,6.917482562565213,7.568917437434787
2026-08-02,2026-09-22,7.2432,6.912989696026652,7.573410303973348
2026-08-02,2026-09-23,7.2432,6.908557144628401,7.577842855371599
2026-08-02,2026-09-24,7.2432,6.904182542555191,7.582217457444809
2026-08-02,2026-09-25,7.2432,6.899863674724871,7.586536325275129
2026-08-02,2026-09-28,7.2432,6.895598463676416,7.590801536323584
2026-08-02,2026-09-29,7.2432,6.891384957888946,7.595015042111053
2026-08-02,2026-09-30,7.2432,6.887221321345381,7.599178678654619
2026-08-02,2026-10-01,7.2432,6.883105824182374,7.603294175817625
2026-08-02,2026-10-02,7.2432,6.879036834291465,7.607363165708534
2026-08-02,2026-10-05,7.2432,6.875012809755761,7.611387190244239
2026-08-02,2026-10-06,7.2432,6.871032292022758,7.615367707977242
2026-08-02,2026-10-07,7.2432,6.86709389972759,7.61930610027241
2026-08-02,2026-10-08,7.2432,6.863196323092517,7.623203676907483
2026-08-02,2026-10-09,7.2432,6.859338318838292,7.627061681161708
2026-08-02,2026-10-12,7.2432,6.855518705551352,7.630881294448648
2026-08-02,2026-10-13,7.2432,6.851736359457911,7.634663640542088
2026-08-02,2026-10-14,7.2432,6.847990210562096,7.638409789437904
2026-08-02,2026-10-15,7.2432,6.844279239110524,7.642120760889476
2026-08-02,2026-10-16,7.2432,6.840602472350208,7.645797527649791
2026-08-02,2026-10-19,7.2432,6.836958981550593,7.649441018449407
2026-08-02,2026-10-20,7.2432,6.8333478792638775,7.653052120736122
2026-08-02,2026-10-21,7.2432,6.829768316800728,7.656631683199272
2026-08-02,2026-10-22,7.2432,6.826219481901048,7.660180518098952
2026-08-02,2026-10-23,7.2432,6.822700596581687,7.663699403418312
2026-08-02,2026-10-26,7.2432,6.819210915144926,7.667189084855074
2026-08-02,2026-10-27,7.2432,6.815749722333312,7.670650277666688
2026-08-02,2026-10-28,7.2432,6.8123163316179,7.674083668382099
2026-08-02,2026-10-29,7.2432,6.808910083608309,7.677489916391691
2026-08-03,2026-08-04,7.2051060246201,7.150035550912438,7.261877809076959
2026-08-03,2026-08-05,7.207305840125326,7.151261541227308,7.25712722381003
2026-08-03,2026-08-06,7.209505655630551,7.159449027803765,7.267209103384081
2026-08-03,2026-08-07,7.211705471135776,7.157942213282424,7.262418201698248
2026-08-03,2026-08-08,7.213905286641002,7.158909587848349,7.269567363452355
2026-08-03,2026-08-09,7.216105102146228,7.164629739073177,7.270123738316006
2026-08-03,2026-08-10,7.218304917651453,7.161757552819907,7.269293718946043
2026-08-03,2026-08-11,7.220504733156679,7.162906749567757,7.2748347153929664
2026-08-03,2026-08-12,7.222704548661905,7.168599091365637,7.2768184198278
2026-08-03,2026-08-13,7.22490436416713,7.170266610741116,7.278303655337312
2026-08-03,2026-08-14,7.227104179672355,7.170359250872616,7.282666414894869
2026-08-03,2026-08-15,7.22930399517758,7.171760683415985,7.283008016391167
2026-08-03,2026-08-16,7.231503810682806,7.174115038193259,7.285437520467132
2026-08-03,2026-08-17,7.233703626188031,7.174764218654007,7.290544503737094
2026-08-03,2026-08-18,7.235903441693257,7.1845932435061926,7.293098958772269
2026-08-03,2026-08-19,7.238103257198483,7.179614759787463,7.292971983663249
2026-08-03,2026-08-20,7.240303072703708,7.178859821351582,7.2946123851512175
2026-08-03,2026-08-21,7.242502888208933,7.181494732122848,7.301785450767014
2026-08-03,2026-08-22,7.244702703714159,7.183456298903982,7.304679160108829
2026-08-03,2026-08-23,7.246902519219384,7.187038688809055,7.310738754678191
2026-08-03,2026-08-24,7.2491023347246095,7.185174661731604,7.312862606020189
2026-08-03,2026-08-25,7.251302150229836,7.185216630992435,7.315252323562091
2026-08-03,2026-08-26,7.253501965735062,7.187618146489008,7.321221213375213
2026-08-03,2026-08-27,7.255701781240288,7.1892172034810775,7.32127127663126
2026-08-03,2026-08-28,7.257901596745513,7.183209735179854,7.3242191844953055
2026-08-03,2026-08-29,7.260101412250738,7.1915133564630125,7.325560851338273
2026-08-03,2026-08-30,7.262301227755963,7.18454154317578,7.336593403436035
2026-08-03,2026-08-31,7.264501043261189,7.186456945287393,7.333902034885079
2026-08-03,2026-09-01,7.266700858766415,7.181298156841727,7.339047051473728
2026-08-03,2026-09-02,7.26890067427164,7.188526948063484,7.346485439165661
2026-08-03,2026-09-03,7.271100489776866,7.194678156995966,7.350506112505156
2026-08-03,2026-09-04,7.273300305282091,7.196394535466829,7.348615455625134
2026-08-03,2026-09-05,7.275500120787316,7.191280303300197,7.356631916163411
2026-08-03,2026-09-06,7.277699936292542,7.191482370848075,7.358501537492679
2026-08-03,2026-09-07,7.279899751797767,7.186475765958884,7.366156320204468
2026-08-03,2026-09-08,7.282099567302993,7.19247304365178,7.366593806526539
2026-08-03,2026-09-09,7.284299382808219,7.188639050799224,7.374385550046322
2026-08-03,2026-09-10,7.286499198313443,7.191397717352691,7.379144676022472
2026-08-03,2026-09-11,7.288699013818669,7.192798923261876,7.387945053572133
2026-08-03,2026-09-12,7.290898829323895,7.191813792908614,7.389673361149018
2026-08-03,2026-09-13,7.29309864482912,7.181701403171667,7.391953542134432
2026-08-03,2026-09-14,7.295298460334346,7.187686037121772,7.398863291508306
2026-08-03,2026-09-15,7.297498275839573,7.185190709951842,7.397957426031518
2026-08-03,2026-09-16,7.299698091344797,7.183926934093934,7.406378314702046
2026-08-03,2026-09-17,7.301897906850023,7.182219793508981,7.422268414821788
2026-08-03,2026-09-18,7.304097722355249,7.183778673302212,7.424022546393972
2026-08-03,2026-09-19,7.306297537860473,7.182159223152528,7.431307662286154
2026-08-03,2026-09-20,7.308497353365699,7.164839217578844,7.4349595248029985
2026-08-03,2026-09-21,7.310697168870925,7.171814345805411,7.433857351186168
2026-08-03,2026-09-22,7.31289698437615,7.171024603137841,7.445878762065477
2026-08-03,2026-09-23,7.315096799881376,7.171469915572957,7.457679575610493
2026-08-03,2026-09-24,7.3172966153866,7.168829701348393,7.45135055016322
2026-08-03,2026-09-25,7.319496430891826,7.168367622197386,7.469338386670868
2026-08-03,2026-09-26,7.321696246397052,7.1638557008966,7.474939901203061
2026-08-03,2026-09-27,7.323896061902278,7.159770896146059,7.468538513961202
2026-08-03,2026-09-28,7.326095877407503,7.1592031691831295,7.477770252439554
2026-08-03,2026-09-29,7.328295692912729,7.144479665833723,7.485994313129202
2026-08-03,2026-09-30,7.330495508417954,7.1465385634287015,7.507659443169753
2026-08-03,2026-10-01,7.33269532392318,7.151923151114996,7.500204185656664
2026-08-03,2026-10-02,7.334895139428406,7.140730996658607,7.50699822151044
2026-08-03,2026-10-03,7.33709495493363,7.138133122667357,7.512063353239065
2026-08-03,2026-10-04,7.339294770438856,7.142677737163597,7.517782228822894
2026-08-03,2026-10-05,7.341494585944082,7.138844206903932,7.532518225886013
2026-08-03,2026-10-06,7.343694401449307,7.139450076563581,7.531182330830787
2026-08-03,2026-10-07,7.345894216954533,7.125361362172416,7.542245955751796
2026-08-03,2026-10-08,7.348094032459759,7.123750933391274,7.557797655985783
2026-08-03,2026-10-09,7.350293847964983,7.1264903615487,7.570899337510735
2026-08-03,2026-10-10,7.352493663470209,7.125470575797135,7.561973624977394
2026-08-03,2026-10-11,7.3546934789754355,7.131885722849495,7.579727775368374
2026-08-03,2026-10-12,7.35689329448066,7.122313253093658,7.5807975786779505
2026-08-03,2026-10-13,7.359093109985886,7.110490187746727,7.588777714373883
2026-08-03,2026-10-14,7.361292925491112,7.109497843155265,7.601798987830866
2026-08-03,2026-10-15,7.363492740996336,7.102313383440411,7.609255186225356
2026-08-03,2026-10-16,7.365692556501562,7.113797913335317,7.618237733756504
2026-08-03,2026-10-17,7.367892372006788,7.113581181263317,7.626505697020943
2026-08-03,2026-10-18,7.370092187512014,7.093185240180668,7.626893097570421
2026-08-03,2026-10-19,7.37229200301724,7.102315252364944,7.644979156472006
2026-08-03,2026-10-20,7.374491818522466,7.107400790855444,7.654228091255044
2026-08-03,2026-10-21,7.37669163402769,7.094964154907108,7.663838449663313
2026-08-03,2026-10-22,7.378891449532916,7.095319566702986,7.661973109628552
2026-08-03,2026-10-23,7.381091265038142,7.09173904522003,7.680793893024156
2026-08-03,2026-10-24,7.3832910805433665,7.084747022109549,7.681883973918293
2026-08-03,2026-10-25,7.385490896048592,7.075904559839917,7.701943324412544
2026-08-03,2026-10-26,7.387690711553819,7.077262250428405,7.692754338578197
2026-08-03,2026-10-27,7.389890527059043,7.079233517214302,7.698277031885189
2026-08-03,2026-10-28,7.392090342564269,7.082347740874379,7.720822555637103
2026-08-03,2026-10-29,7.394290158069493,7.060064535051407,7.714138733693066
2026-08-03,2026-10-30,7.396489973574719,7.067037995731391,7.722128060968299
2026-08-03,2026-10-31,7.3986897890799455,7.062750815891243,7.720973019497536
2026-08-03,2026-11-01,7.40088960458517,7.06524017460043,7.738687749845599
2026-08-05,2026-08-06,7.236793430248346,7.1851277771276845,7.290947395475936
2026-08-05,2026-08-07,7.239969477944021,7.185502562992287,7.293806046792057
2026-08-05,2026-08-08,7.243145525639695,7.191075824335803,7.295628128446475
2026-08-05,2026-08-09,7.246321573335369,7.192661585028749,7.300611627627575
2026-08-05,2026-08-10,7.249497621031044,7.200049838734327,7.3027244282644705
2026-08-05,2026-08-11,7.25267366872672,7.198255600297927,7.306613430945659
2026-08-05,2026-08-12,7.255849716422393,7.198084891193662,7.310730375696764
2026-08-05,2026-08-13,7.259025764118069,7.207096767021051,7.309719811087165
2026-08-05,2026-08-14,7.262201811813743,7.2064763905494225,7.317162463108752
2026-08-05,2026-08-15,7.265377859509416,7.209736565173132,7.324911504930677
2026-08-05,2026-08-16,7.268553907205092,7.214647866127082,7.326306336492266
2026-08-05,2026-08-17,7.271729954900766,7.215213282861888,7.327140843145943
2026-08-05,2026-08-18,7.274906002596441,7.218348370119263,7.335659692216874
2026-08-05,2026-08-19,7.278082050292116,7.221852155459668,7.335862847079317
2026-08-05,2026-08-20,7.281258097987791,7.222527234035669,7.34154809190025
2026-08-05,2026-08-21,7.284434145683464,7.22991711661186,7.347295666997862
2026-08-05,2026-08-22,7.287610193379139,7.225558117440012,7.351414578784169
2026-08-05,2026-08-23,7.290786241074815,7.232977174229052,7.358702705118143
2026-08-05,2026-08-24,7.293962288770489,7.228385661482693,7.3633900584944385
2026-08-05,2026-08-25,7.297138336466164,7.234023619163853,7.361608692867164
2026-08-05,2026-08-26,7.3003143841618385,7.233160566454976,7.368634221823617
2026-08-05,2026-08-27,7.303490431857512,7.237118115465703,7.367760538998162
2026-08-05,2026-08-28,7.306666479553187,7.239700002110143,7.375888843009056
2026-08-05,2026-08-29,7.309842527248862,7.241755509942322,7.38281191523192
2026-08-05,2026-08-30,7.313018574944536,7.246639534950151,7.388390410547142
2026-08-05,2026-08-31,7.316194622640211,7.245219337253225,7.392248523309965
2026-08-05,2026-09-01,7.319370670335886,7.244378494494692,7.394029780263593
2026-08-05,2026-09-02,7.322546718031559,7.249401095603932,7.403405273848363
2026-08-05,2026-09-03,7.325722765727234,7.245206210753396,7.406257337602244
2026-08-05,2026-09-04,7.32889881342291,7.243297149030085,7.420034771850831
2026-08-05,2026-09-05,7.332074861118585,7.245560654125652,7.419531272924798
2026-08-05,2026-09-06,7.335250908814259,7.253056113006036,7.43081325883567
2026-08-05,2026-09-07,7.338426956509934,7.253021040551714,7.436359701600332
2026-08-05,2026-09-08,7.341603004205607,7.245961615599528,7.442787712722535
2026-08-05,2026-09-09,7.344779051901282,7.253263302052397,7.449439108269162
2026-08-05,2026-09-10,7.347955099596957,7.253930457927822,7.451779675623871
2026-08-05,2026-09-11,7.351131147292633,7.239621849365202,7.467139244486789
2026-08-05,2026-09-12,7.354307194988306,7.258106542745067,7.471703355554112
2026-08-05,2026-09-13,7.357483242683982,7.254642668779202,7.481267895429648
2026-08-05,2026-09-14,7.360659290379656,7.247329610970699,7.474220241245416
2026-08-05,2026-09-15,7.363835338075329,7.254554002981365,7.500791284110561
2026-08-05,2026-09-16,7.367011385771005,7.257141433931157,7.501372477212773
2026-08-05,2026-09-17,7.37018743346668,7.249614289044666,7.505705404149452
2026-08-05,2026-09-18,7.373363481162354,7.252047264407214,7.510523517467979
2026-08-05,2026-09-19,7.376539528858029,7.2411450201951535,7.523878885771621
2026-08-05,2026-09-20,7.379715576553703,7.2465699650856,7.533787557683648
2026-08-05,2026-09-21,7.382891624249377,7.243631090496629,7.536855708730357
2026-08-05,2026-09-22,7.386067671945052,7.239205165506161,7.554467914313033
2026-08-05,2026-09-23,7.389243719640728,7.2358060888016515,7.55377655893504
2026-08-05,2026-09-24,7.392419767336403,7.240819067360846,7.5694247941577375
2026-08-05,2026-09-25,7.395595815032077,7.241564763164255,7.568865692893841
2026-08-05,2026-09-26,7.398771862727751,7.245935619817777,7.581942137580385
2026-08-05,2026-09-27,7.401947910423424,7.234508801379524,7.592393820729982
2026-08-05,2026-09-28,7.4051239581191,7.232507703362035,7.600451195784889
2026-08-05,2026-09-29,7.408300005814775,7.238271092870732,7.596410254666708
2026-08-05,2026-09-30,7.411476053510451,7.239778051291671,7.607951556127003
2026-08-05,2026-10-01,7.414652101206124,7.23023466155657,7.617201812200193
2026-08-05,2026-10-02,7.4178281489017985,7.23968393616493,7.632195248214036
2026-08-05,2026-10-03,7.421004196597474,7.236904105555356,7.64558348394113
2026-08-05,2026-10-04,7.424180244293147,7.238422642246508,7.642033530364996
2026-08-05,2026-10-05,7.427356291988823,7.230876053082672,7.658499242331025
2026-08-05,2026-10-06,7.430532339684498,7.228154752096815,7.665706548756445
2026-08-05,2026-10-07,7.433708387380172,7.224284221956663,7.668095038919713
2026-08-05,2026-10-08,7.4368844350758465,7.234388004636027,7.682254610890583
2026-08-05,2026-10-09,7.44006048277152,7.226190687791699,7.67994995879784
2026-08-05,2026-10-10,7.443236530467195,7.229231151003701,7.695285727207658
2026-08-05,2026-10-11,7.44641257816287,7.22523907378143,7.709448776738233
2026-08-05,2026-10-12,7.449588625858546,7.203847027548138,7.727388462992335
2026-08-05,2026-10-13,7.452764673554219,7.217635077084779,7.713823615200548
2026-08-05,2026-10-14,7.4559407212498945,7.213114398867565,7.730172331486859
2026-08-05,2026-10-15,7.459116768945569,7.199899943257503,7.737790012615113
2026-08-05,2026-10-16,7.462292816641242,7.199699415488756,7.766038391869681
2026-08-05,2026-10-17,7.465468864336918,7.216949672005501,7.771762318908494
2026-08-05,2026-10-18,7.468644912032593,7.203278894860903,7.770373864817235
2026-08-05,2026-10-19,7.471820959728267,7.195966857945917,7.782172376010784
2026-08-05,2026-10-20,7.474997007423942,7.187437482375527,7.784545657607246
2026-08-05,2026-10-21,7.478173055119616,7.188045526598367,7.791730785667032
2026-08-05,2026-10-22,7.48134910281529,7.195072681990426,7.80814153376624
2026-08-05,2026-10-23,7.484525150510965,7.175690452386071,7.827956633552912
2026-08-05,2026-10-24,7.487701198206641,7.188861674749204,7.827900092853447
2026-08-05,2026-10-25,7.490877245902316,7.180438908369819,7.841870215979471
2026-08-05,2026-10-26,7.494053293597989,7.178423387840468,7.844848722160838
2026-08-05,2026-10-27,7.497229341293664,7.158002810787769,7.852368761842122
2026-08-05,2026-10-28,7.500405388989337,7.165099484822779,7.864671414316351
2026-08-05,2026-10-29,7.503581436685013,7.153312990138569,7.8783862337295325
2026-08-05,2026-10-30,7.506757484380688,7.1623059309816455,7.895634247570752
2026-08-05,2026-10-31,7.509933532076364,7.172658771681843,7.907062538188022
2026-08-05,2026-11-01,7.513109579772037,7.168846376001156,7.910268458928969
2026-08-05,2026-11-02,7.516285627467711,7.147130809609202,7.929214927951306
2026-08-05,2026-11-03,7.519461675163387,7.148909312421483,7.930236229855863
2026-08-08,2026-08-08,7.250358539936157,7.196139908923563,7.309838361721913
2026-08-08,2026-08-09,7.25296886211358,7.199462112956649,7.312071334977666
2026-08-08,2026-08-10,7.255579184291003,7.196289090412609,7.308090562885625
2026-08-08,2026-08-11,7.258189506468425,7.201584161776394,7.313724395144524
2026-08-08,2026-08-12,7.260799828645847,7.198317881657141,7.3194707356317315
2026-08-08,2026-08-13,7.263410150823272,7.207051539984693,7.321573644102835
2026-08-08,2026-08-14,7.266020473000694,7.205602390368604,7.330016725238216
2026-08-08,2026-08-15,7.268630795178116,7.205693813574977,7.326821524425155
2026-08-08,2026-08-16,7.271241117355539,7.213893411473568,7.328118154611185
2026-08-08,2026-08-17,7.273851439532962,7.216301183792027,7.333113586406187
2026-08-08,2026-08-18,7.276461761710385,7.214789160420826,7.337782388183996
2026-08-08,2026-08-19,7.279072083887807,7.220466082091162,7.342134762789107
2026-08-08,2026-08-20,7.281682406065229,7.223020931856299,7.339362967775686
2026-08-08,2026-08-21,7.284292728242653,7.221048467678295,7.344808712094498
2026-08-08,2026-08-22,7.286903050420075,7.226304817450829,7.351432261907007
2026-08-08,2026-08-23,7.289513372597497,7.228431086730346,7.358264734195604
2026-08-08,2026-08-24,7.292123694774921,7.2254589136352605,7.355614472255338
2026-08-08,2026-08-25,7.294734016952343,7.23124070675175,7.359126652696696
2026-08-08,2026-08-26,7.297344339129766,7.230391642852165,7.360935330635528
2026-08-08,2026-08-27,7.299954661307189,7.235982983476702,7.366509535271461
2026-08-08,2026-08-28,7.30256498348461,7.240590838948866,7.366709664863213
2026-08-08,2026-08-29,7.305175305662034,7.2346603631189135,7.373963983463301
2026-08-08,2026-08-30,7.307785627839457,7.245963183440757,7.376138904110887
2026-08-08,2026-08-31,7.310395950016879,7.240979676920001,7.383561739206235
2026-08-08,2026-09-01,7.313006272194301,7.243230099594974,7.38349788898514
2026-08-08,2026-09-02,7.315616594371725,7.240239315993296,7.391138306038628
2026-08-08,2026-09-03,7.318226916549148,7.248607252052884,7.394700943672587
2026-08-08,2026-09-04,7.32083723872657,7.249726226298532,7.4025531665140925
2026-08-08,2026-09-05,7.323447560903992,7.250567943818739,7.398122562537546
2026-08-08,2026-09-06,7.326057883081415,7.255595896407658,7.401463131687863
2026-08-08,2026-09-07,7.328668205258838,7.253968064075535,7.407199678815029
2026-08-08,2026-09-08,7.33127852743626,7.251883260554731,7.412107710399742
2026-08-08,2026-09-09,7.333888849613684,7.252648493548461,7.416423459851699
2026-08-08,2026-09-10,7.336499171791106,7.256897588207897,7.421775446301081
2026-08-08,2026-09-11,7.339109493968528,7.255418684083292,7.419663115845051
2026-08-08,2026-09-12,7.341719816145952,7.256168005237144,7.435326987951265
2026-08-08,2026-09-13,7.344330138323374,7.261567494908403,7.43574759299931
2026-08-08,2026-09-14,7.346940460500796,7.264888668326272,7.4379111861321885
2026-08-08,2026-09-15,7.34955078267822,7.256017606003985,7.449139421433492
2026-08-08,2026-09-16,7.352161104855642,7.256228900455179,7.448804477191983
2026-08-08,2026-09-17,7.354771427033065,7.258557727065362,7.455429181653344
2026-08-08,2026-09-18,7.357381749210488,7.263388090138019,7.45491703251351
2026-08-08,2026-09-19,7.35999207138791,7.258235865424656,7.465739562444619
2026-08-08,2026-09-20,7.362602393565333,7.264984976572982,7.464849036972194
2026-08-08,2026-09-21,7.365212715742755,7.25797870879116,7.482018402536536
2026-08-08,2026-09-22,7.367823037920178,7.266098042193581,7.482230606064808
2026-08-08,2026-09-23,7.370433360097602,7.269456100691202,7.481092158302923
2026-08-08,2026-09-24,7.373043682275023,7.270028835424953,7.491113097532947
2026-08-08,2026-09-25,7.375654004452445,7.256814554872231,7.500090988458062
2026-08-08,2026-09-26,7.378264326629869,7.260630373522001,7.501099520059167
2026-08-08,2026-09-27,7.380874648807291,7.254636606557068,7.505363265867065
2026-08-08,2026-09-28,7.383484970984713,7.2584938800161,7.5099205145490275
2026-08-08,2026-09-29,7.386095293162137,7.26035958240036,7.526154276200146
2026-08-08,2026-09-30,7.38870561533956,7.257414168641396,7.524657208860822
2026-08-08,2026-10-01,7.391315937516983,7.259685199945016,7.540332735064216
2026-08-08,2026-10-02,7.393926259694405,7.248361761905214,7.528415794918567
2026-08-08,2026-10-03,7.396536581871828,7.265881962544269,7.543895626252991
2026-08-08,2026-10-04,7.399146904049251,7.25342215286993,7.551086658191692
2026-08-08,2026-10-05,7.401757226226673,7.25981309212575,7.554627220025639
2026-08-08,2026-10-06,7.404367548404097,7.259151655711492,7.565761075384232
2026-08-08,2026-10-07,7.406977870581518,7.245801178146453,7.57307443751999
2026-08-08,2026-10-08,7.409588192758941,7.256730208718393,7.57174200068794
2026-08-08,2026-10-09,7.412198514936365,7.246092698157335,7.574344835371436
2026-08-08,2026-10-10,7.414808837113786,7.251981873186354,7.590128166627324
2026-08-08,2026-10-11,7.417419159291208,7.239285428568651,7.599615490718898
2026-08-08,2026-10-12,7.420029481468632,7.246570391192527,7.601879178447437
2026-08-08,2026-10-13,7.422639803646055,7.240749896413794,7.609992444711966
2026-08-08,2026-10-14,7.425250125823476,7.240423122219062,7.612956961547284
2026-08-08,2026-10-15,7.4278604480009,7.24768399693207,7.619524197783451
2026-08-08,2026-10-16,7.430470770178323,7.240793350578083,7.625945882135225
2026-08-08,2026-10-17,7.433081092355744,7.245257773262637,7.643025803043717
2026-08-08,2026-10-18,7.435691414533168,7.246224780457983,7.648838669196603
2026-08-08,2026-10-19,7.438301736710592,7.243996623253931,7.651579137961664
2026-08-08,2026-10-20,7.440912058888013,7.230869262244223,7.648433857646902
2026-08-08,2026-10-21,7.443522381065436,7.247313200871229,7.653913095952371
2026-08-08,2026-10-22,7.44613270324286,7.234174741811523,7.67140722211663
2026-08-08,2026-10-23,7.448743025420282,7.219719381524763,7.669465327055181
2026-08-08,2026-10-24,7.451353347597704,7.220616554842373,7.687252375296252
2026-08-08,2026-10-25,7.453963669775128,7.238859587254192,7.688555451718583
2026-08-08,2026-10-26,7.45657399195255,7.221617629437748,7.701415474574795
2026-08-08,2026-10-27,7.459184314129971,7.233764831638355,7.709816115146897
2026-08-08,2026-10-28,7.4617946363073955,7.225379633100736,7.701924515048388
2026-08-08,2026-10-29,7.464404958484818,7.220818674698195,7.72626754221212
2026-08-08,2026-10-30,7.46701528066224,7.22281968598081,7.72961041620006
2026-08-08,2026-10-31,7.469625602839663,7.2167419360207505,7.72578547027313
2026-08-08,2026-11-01,7.472235925017086,7.206703025541983,7.74242351957994
2026-08-08,2026-11-02,7.474846247194508,7.213249864153027,7.743698907478535
2026-08-08,2026-11-03,7.477456569371931,7.213478875700796,7.741860677316333
2026-08-08,2026-11-04,7.480066891549353,7.21536004361683,7.763147697735505
2026-08-08,2026-11-05,7.482677213726776,7.206644148006318,7.771758122192237
2026-08-10,2026-08-11,7.262344015072518,7.207798008978679,7.3181072680323
2026-08-10,2026-08-12,7.265009879988347,7.20809702398122,7.319110960484864
2026-08-10,2026-08-13,7.267675744904175,7.212479648051064,7.324917135076723
2026-08-10,2026-08-14,7.270341609820003,7.215692578184344,7.327270304664929
2026-08-10,2026-08-15,7.273007474735832,7.216926953769924,7.331412295406914
2026-08-10,2026-08-16,7.27567333965166,7.218247610513331,7.333811631306922
2026-08-10,2026-08-17,7.278339204567487,7.222236506331995,7.33405137347625
2026-08-10,2026-08-18,7.281005069483317,7.223903099098792,7.33549435007884
2026-08-10,2026-08-19,7.283670934399145,7.221371070639525,7.335917514574321
2026-08-10,2026-08-20,7.286336799314973,7.225621823325186,7.343622030400791
2026-08-10,2026-08-21,7.289002664230802,7.231431136738118,7.348176850229426
2026-08-10,2026-08-22,7.291668529146629,7.232718766829624,7.34817665976049
2026-08-10,2026-08-23,7.294334394062457,7.233212143895767,7.356038656906403
2026-08-10,2026-08-24,7.2970002589782865,7.23845464782406,7.355556639760818
2026-08-10,2026-08-25,7.299666123894114,7.237999521896517,7.356795462110413
2026-08-10,2026-08-26,7.302331988809943,7.242428126509885,7.362574421859373
2026-08-10,2026-08-27,7.304997853725771,7.240407410215657,7.36382262876765
2026-08-10,2026-08-28,7.3076637186415985,7.24187693969188,7.368035137359663
2026-08-10,2026-08-29,7.310329583557428,7.242244116036762,7.368636070114378
2026-08-10,2026-08-30,7.312995448473256,7.245160612304194,7.377417662601547
2026-08-10,2026-08-31,7.315661313389084,7.245759021703169,7.377335106771549
2026-08-10,2026-09-01,7.318327178304913,7.248603287592283,7.383520202202457
2026-08-10,2026-09-02,7.320993043220741,7.253258688814169,7.386355441450377
2026-08-10,2026-09-03,7.3236589081365695,7.254432096160558,7.387820403110521
2026-08-10,2026-09-04,7.326324773052398,7.256090598859991,7.397418512826216
2026-08-10,2026-09-05,7.328990637968225,7.257950885025378,7.400883441387597
2026-08-10,2026-09-06,7.331656502884054,7.261127520298041,7.398545965715223
2026-08-10,2026-09-07,7.334322367799882,7.259958028710764,7.407146980828597
2026-08-10,2026-09-08,7.336988232715711,7.261252681403423,7.40648543581245
2026-08-10,2026-09-09,7.339654097631539,7.263393651831554,7.4128396149805456
2026-08-10,2026-09-10,7.342319962547369,7.253266863149005,7.414681968102297
2026-08-10,2026-09-11,7.344985827463196,7.261681138432875,7.423062604364274
2026-08-10,2026-09-12,7.347651692379023,7.256148892484308,7.426605011134047
2026-08-10,2026-09-13,7.350317557294853,7.257636892040414,7.426398338711888
2026-08-10,2026-09-14,7.352983422210681,7.259245783017787,7.431001148681576
2026-08-10,2026-09-15,7.355649287126509,7.2600490078710385,7.439816973382593
2026-08-10,2026-09-16,7.358315152042338,7.257726205251839,7.442832704277699
2026-08-10,2026-09-17,7.360981016958165,7.2633849182735375,7.449068969478056
2026-08-10,2026-09-18,7.3636468818739935,7.264739103846537,7.450055495061963
2026-08-10,2026-09-19,7.366312746789823,7.249869053679057,7.456849224078362
2026-08-10,2026-09-20,7.36897861170565,7.261036107937815,7.461386951872224
2026-08-10,2026-09-21,7.371644476621478,7.255679980459476,7.465990745544072
2026-08-10,2026-09-22,7.374310341537307,7.260537811032267,7.473990288856211
2026-08-10,2026-09-23,7.376976206453135,7.253910152559305,7.47649473704426
2026-08-10,2026-09-24,7.379642071368963,7.2583875214138525,7.485998024238907
2026-08-10,2026-09-25,7.382307936284792,7.253851876900207,7.491869025178707
2026-08-10,2026-09-26,7.384973801200619,7.262973027436793,7.496160315190177
2026-08-10,2026-09-27,7.387639666116449,7.2513013239529505,7.506715081424174
2026-08-10,2026-09-28,7.390305531032276,7.249097411857078,7.504325401070123
2026-08-10,2026-09-29,7.392971395948106,7.251814082193791,7.514209470369171
2026-08-10,2026-09-30,7.395637260863934,7.249307845760663,7.504952832977394
2026-08-10,2026-10-01,7.398303125779761,7.252284725110459,7.522138192694181
2026-08-10,2026-10-02,7.40096899069559,7.241164082751233,7.531177784766277
2026-08-10,2026-10-03,7.403634855611418,7.245038708280878,7.538031984964587
2026-08-10,2026-10-04,7.406300720527246,7.236790966761596,7.54326522482204
2026-08-10,2026-10-05,7.408966585443075,7.241820194552859,7.553404730710668
2026-08-10,2026-10-06,7.411632450358903,7.231360489720365,7.549442632866155
2026-08-10,2026-10-07,7.41429831527473,7.232432190442638,7.558527202323603
2026-08-10,2026-10-08,7.416964180190559,7.240846710215671,7.574517078766369
2026-08-10,2026-10-09,7.419630045106388,7.231461062563827,7.576838689370419
2026-08-10,2026-10-10,7.422295910022215,7.236847650032335,7.584140727468183
2026-08-10,2026-10-11,7.424961774938045,7.227471765289367,7.600185554925914
2026-08-10,2026-10-12,7.427627639853872,7.220371132803019,7.6045045883220945
2026-08-10,2026-10-13,7.4302935047697,7.225296016112356,7.605338914690328
2026-08-10,2026-10-14,7.43295936968553,7.216662711822547,7.607322165122698
2026-08-10,2026-10-15,7.435625234601357,7.2108716444028,7.622781868137505
2026-08-10,2026-10-16,7.438291099517186,7.221745390208269,7.624274395359711
2026-08-10,2026-10-17,7.440956964433014,7.217843675917894,7.641250890440829
2026-08-10,2026-10-18,7.443622829348843,7.21022175981115,7.63579784319712
2026-08-10,2026-10-19,7.446288694264671,7.213293507114639,7.657658522613605
2026-08-10,2026-10-20,7.448954559180499,7.200225369093936,7.652554108450885
2026-08-10,2026-10-21,7.451620424096328,7.216125190902967,7.668126544077816
2026-08-10,2026-10-22,7.454286289012155,7.2126801653489,7.66490675045637
2026-08-10,2026-10-23,7.456952153927983,7.19232464422906,7.678016282733181
2026-08-10,2026-10-24,7.459618018843813,7.198141625076635,7.6842491782261
2026-08-10,2026-10-25,7.46228388375964,7.195506740947094,7.687098780467257
2026-08-10,2026-10-26,7.464949748675468,7.205033576544721,7.696744261859869
2026-08-10,2026-10-27,7.467615613591297,7.195629082617335,7.713386423756374
2026-08-10,2026-10-28,7.470281478507125,7.183342374709139,7.722204634602312
2026-08-10,2026-10-29,7.472947343422954,7.1887510735923845,7.738968380703695
2026-08-10,2026-10-30,7.475613208338782,7.188142555093229,7.733659595432427
2026-08-10,2026-10-31,7.478279073254611,7.191274951384371,7.74159845784539
2026-08-10,2026-11-01,7.480944938170439,7.1857997467996215,7.7491649004829535
2026-08-10,2026-11-02,7.483610803086266,7.193581402718558,7.759187049375771
2026-08-10,2026-11-03,7.486276668002096,7.185093558997742,7.773109289186118
2026-08-10,2026-11-04,7.488942532917924,7.195006108585074,7.762616098768856
2026-08-10,2026-11-05,7.491608397833751,7.175921917666535,7.791123917738781
2026-08-10,2026-11-06,7.494274262749581,7.174272553234935,7.773369201398071
2026-08-10,2026-11-07,7.496940127665408,7.17074712239119,7.78540835961037
2026-08-10,2026-11-08,7.499605992581236,7.172010637454835,7.802885360245063
2026-08-11,2026-08-12,7.267833917007081,7.21214265118789,7.326889728313258
2026-08-11,2026-08-13,7.27052230151013,7.214811249266343,7.327785216040732
2026-08-11,2026-08-14,7.273210686013178,7.220888587300181,7.33101167399514
2026-08-11,2026-08-15,7.275899070516226,7.21646051691899,7.327755043261189
2026-08-11,2026-08-16,7.278587455019275,7.221553663226663,7.331863792611144
2026-08-11,2026-08-17,7.281275839522321,7.22084265981031,7.334645384765657
2026-08-11,2026-08-18,7.28396422402537,7.222818116281902,7.339727433110693
2026-08-11,2026-08-19,7.286652608528419,7.231545876333808,7.346564964033771
2026-08-11,2026-08-20,7.289340993031465,7.231049906081884,7.3508286063642
2026-08-11,2026-08-21,7.292029377534514,7.235366233847682,7.351695004773098
2026-08-11,2026-08-22,7.294717762037562,7.231527711843116,7.351261281971431
2026-08-11,2026-08-23,7.2974061465406095,7.23167604103382,7.353830320751268
2026-08-11,2026-08-24,7.300094531043658,7.242527660553303,7.359560589535479
2026-08-11,2026-08-25,7.302782915546706,7.243409581828038,7.362248731436422
2026-08-11,2026-08-26,7.305471300049754,7.246961238079192,7.364634354708535
2026-08-11,2026-08-27,7.308159684552802,7.2443436325732815,7.364340357079709
2026-08-11,2026-08-28,7.31084806905585,7.253511507770875,7.37023847661312
2026-08-11,2026-08-29,7.313536453558898,7.248407166460247,7.372590791844851
2026-08-11,2026-08-30,7.316224838061945,7.257277711695151,7.379870698033539
2026-08-11,2026-08-31,7.318913222564994,7.257033698017707,7.381677210724806
2026-08-11,2026-09-01,7.321601607068042,7.25942995640682,7.383599406794182
2026-08-11,2026-09-02,7.3242899915710895,7.259243799168901,7.391046911755212
2026-08-11,2026-09-03,7.326978376074138,7.263265261541976,7.399790192464356
2026-08-11,2026-09-04,7.329666760577187,7.26288865971572,7.403924347850598
2026-08-11,2026-09-05,7.332355145080234,7.264554708575106,7.404189081310751
2026-08-11,2026-09-06,7.335043529583282,7.264479976627525,7.406176867165079
2026-08-11,2026-09-07,7.33773191408633,7.264362340985735,7.414245114582124
2026-08-11,2026-09-08,7.340420298589378,7.262458838072984,7.410611422324269
2026-08-11,2026-09-09,7.343108683092426,7.27110489853412,7.422019924633158
2026-08-11,2026-09-10,7.345797067595474,7.270123540721381,7.420256042501873
2026-08-11,2026-09-11,7.348485452098521,7.278999198397798,7.430042176368711
2026-08-11,2026-09-12,7.3511738366015695,7.27816236737717,7.427885238299249
2026-08-11,2026-09-13,7.353862221104618,7.283514777454796,7.440808861930865
2026-08-11,2026-09-14,7.356550605607665,7.264407351243955,7.441556545913934
2026-08-11,2026-09-15,7.359238990110714,7.275923753736928,7.446946965170481
2026-08-11,2026-09-16,7.361927374613763,7.2806600778115325,7.45236096450434
2026-08-11,2026-09-17,7.364615759116809,7.27967862611943,7.453809639295892
2026-08-11,2026-09-18,7.367304143619858,7.280292648951239,7.461835674661194
2026-08-11,2026-09-19,7.369992528122907,7.282294484677345,7.464283037965137
2026-08-11,2026-09-20,7.372680912625953,7.277002774192318,7.472140361150436
2026-08-11,2026-09-21,7.375369297129002,7.282940543985438,7.472512290222137
2026-08-11,2026-09-22,7.37805768163205,7.282418708274427,7.484033484680264
2026-08-11,2026-09-23,7.380746066135098,7.285397271299461,7.483414619165448
2026-08-11,2026-09-24,7.383434450638145,7.278402784872026,7.488695653686827
2026-08-11,2026-09-25,7.386122835141194,7.279757743822391,7.499005948922185
2026-08-11,2026-09-26,7.388811219644242,7.287489111870148,7.505761281609766
2026-08-11,2026-09-27,7.391499604147289,7.277761224109635,7.512649325560132
2026-08-11,2026-09-28,7.394187988650338,7.279958887730638,7.513064272857252
2026-08-11,2026-09-29,7.396876373153386,7.287209097852582,7.519686575374099
2026-08-11,2026-09-30,7.399564757656433,7.285883120569752,7.532180810763824
2026-08-11,2026-10-01,7.402253142159482,7.284775929850646,7.539450037657791
2026-08-11,2026-10-02,7.40494152666253,7.281448744590877,7.544190137565946
2026-08-11,2026-10-03,7.407629911165578,7.274822382125185,7.543307812437891
2026-08-11,2026-10-04,7.410318295668627,7.278828633290066,7.559687821351625
2026-08-11,2026-10-05,7.413006680171674,7.277236297535351,7.569273341005377
2026-08-11,2026-10-06,7.415695064674722,7.273462556062561,7.564456725047128
2026-08-11,2026-10-07,7.418383449177769,7.278230983455022,7.5707969733715235
2026-08-11,2026-10-08,7.421071833680818,7.276108429147884,7.573092229764833
2026-08-11,2026-10-09,7.423760218183866,7.270657348444907,7.590826073519752
2026-08-11,2026-10-10,7.426448602686913,7.277553332909399,7.590564743118928
2026-08-11,2026-10-11,7.429136987189962,7.269538099676027,7.598848418799426
2026-08-11,2026-10-12,7.43182537169301,7.267296803866986,7.598888353856998
2026-08-11,2026-10-13,7.434513756196058,7.278875258757029,7.614486461961601
2026-08-11,2026-10-14,7.437202140699105,7.26973142860125,7.623664769811433
2026-08-11,2026-10-15,7.439890525202153,7.273678846993455,7.627955282121774
2026-08-11,2026-10-16,7.442578909705202,7.273557714177535,7.632220626441886
2026-08-11,2026-10-17,7.445267294208249,7.263816332332093,7.649529819911112
2026-08-11,2026-10-18,7.447955678711297,7.260969803505327,7.640545974003017
2026-08-11,2026-10-19,7.450644063214346,7.265933491671732,7.646104244913318
2026-08-11,2026-10-20,7.4533324477173934,7.25300547612687,7.661288413607262
2026-08-11,2026-10-21,7.4560208322204415,7.252594091934398,7.67301024026368
2026-08-11,2026-10-22,7.45870921672349,7.265033562594439,7.668613006572381
2026-08-11,2026-10-23,7.461397601226538,7.24977883849187,7.696352791711644
2026-08-11,2026-10-24,7.464085985729585,7.257475070016279,7.696957875201332
2026-08-11,2026-10-25,7.466774370232635,7.253127873726578,7.692347373367455
2026-08-11,2026-10-26,7.469462754735682,7.2585577519515825,7.704873806721128
2026-08-11,2026-10-27,7.472151139238729,7.246023492954819,7.725423420483766
2026-08-11,2026-10-28,7.474839523741777,7.253469877693167,7.716202782439777
2026-08-11,2026-10-29,7.477527908244826,7.236237448390702,7.726869504576857
2026-08-11,2026-10-30,7.4802162927478735,7.241355089530241,7.741088357472658
2026-08-11,2026-10-31,7.482904677250922,7.235810094614879,7.743406744870242
2026-08-11,2026-11-01,7.48559306175397,7.244366855956771,7.752634770047724
2026-08-11,2026-11-02,7.488281446257018,7.225507732775621,7.76044043342296
2026-08-11,2026-11-03,7.490969830760066,7.222326834807575,7.761908616107626
2026-08-11,2026-11-04,7.493658215263115,7.240133669862407,7.78331351605634
2026-08-11,2026-11-05,7.496346599766162,7.22484911500388,7.786736702165702
2026-08-11,2026-11-06,7.499034984269208,7.218630815687664,7.792304492907998
2026-08-11,2026-11-07,7.501723368772257,7.226450306046612,7.814820005601013
2026-08-11,2026-11-08,7.504411753275306,7.219034893688265,7.802959498794874
2026-08-11,2026-11-09,7.507100137778353,7.222671120716143,7.815967993718933
2026-08-12,2026-08-13,7.273398054091948,7.216353567097472,7.330146591414011
2026-08-12,2026-08-14,7.276115751928199,7.219401383276667,7.336286719325508
2026-08-12,2026-08-15,7.27883344976445,7.223542504259108,7.337086018654586
2026-08-12,2026-08-16,7.281551147600701,7.2224883988549715,7.34103851385748
2026-08-12,2026-08-17,7.284268845436951,7.2283520581794996,7.34443930936544
2026-08-12,2026-08-18,7.286986543273203,7.233206311910416,7.343469362719264
2026-08-12,2026-08-19,7.289704241109454,7.226537739905937,7.345965632962917
2026-08-12,2026-08-20,7.292421938945704,7.232980435440642,7.351690379023392
2026-08-12,2026-08-21,7.295139636781955,7.236587808993372,7.349841254144809
2026-08-12,2026-08-22,7.297857334618207,7.236728430853636,7.35611333083325
2026-08-12,2026-08-23,7.300575032454457,7.24407448580355,7.356191598328219
2026-08-12,2026-08-24,7.303292730290709,7.243492535663925,7.359748816134767
2026-08-12,2026-08-25,7.306010428126959,7.244712322223886,7.365520700247224
2026-08-12,2026-08-26,7.308728125963211,7.250577500428085,7.369639322885906
2026-08-12,2026-08-27,7.311445823799461,7.251010112782687,7.370138451363158
2026-08-12,2026-08-28,7.314163521635712,7.250090289655591,7.377604603203357
2026-08-12,2026-08-29,7.316881219471964,7.258904130464699,7.377274072531242
2026-08-12,2026-08-30,7.319598917308214,7.256842715138073,7.380561684156314
2026-08-12,2026-08-31,7.322316615144465,7.259305053499987,7.384270295207796
2026-08-12,2026-09-01,7.3250343129807165,7.258579066058206,7.386011024785614
2026-08-12,2026-09-02,7.327752010816967,7.265282526842761,7.39233001776353
2026-08-12,2026-09-03,7.330469708653218,7.265999684372574,7.393299540893434
2026-08-12,2026-09-04,7.333187406489469,7.2663492965494,7.402583385737729
2026-08-12,2026-09-05,7.33590510432572,7.271211858558474,7.40577795416437
2026-08-12,2026-09-06,7.3386228021619715,7.271302559481582,7.409537807189435
2026-08-12,2026-09-07,7.341340499998221,7.274104633260522,7.416067534074743
2026-08-12,2026-09-08,7.344058197834473,7.267820260226836,7.415772222128274
2026-08-12,2026-09-09,7.346775895670724,7.2730798697789565,7.416535757749375
2026-08-12,2026-09-10,7.349493593506975,7.274140870982979,7.4247996804971805
2026-08-12,2026-09-11,7.352211291343225,7.275212442013421,7.423810026926044
2026-08-12,2026-09-12,7.354928989179477,7.271231956693841,7.426454407133753
2026-08-12,2026-09-13,7.357646687015729,7.284633953524805,7.43741438661309
2026-08-12,2026-09-14,7.360364384851978,7.276184344715985,7.43980041464913
2026-08-12,2026-09-15,7.363082082688229,7.276814310767027,7.444353339795556
2026-08-12,2026-09-16,7.365799780524481,7.279936932325162,7.450233368664339
2026-08-12,2026-09-17,7.368517478360732,7.276005213478804,7.4474871174848065
2026-08-12,2026-09-18,7.371235176196982,7.282574652706877,7.456545242516362
2026-08-12,2026-09-19,7.373952874033234,7.285625172954739,7.462708305634189
2026-08-12,2026-09-20,7.376670571869484,7.281614723481965,7.472009642933409
2026-08-12,2026-09-21,7.379388269705736,7.282290096021464,7.472495756225656
2026-08-12,2026-09-22,7.382105967541987,7.281862357994534,7.4846162461150785
2026-08-12,2026-09-23,7.384823665378238,7.282326499655493,7.494900912896603
2026-08-12,2026-09-24,7.387541363214487,7.2825046501321715,7.498108945432789
2026-08-12,2026-09-25,7.390259061050739,7.28116108772255,7.507136320686916
2026-08-12,2026-09-26,7.392976758886991,7.276304070368793,7.508971778948329
2026-08-12,2026-09-27,7.395694456723241,7.279356474627953,7.506338283830457
2026-08-12,2026-09-28,7.398412154559491,7.274933005458283,7.516832712275216
2026-08-12,2026-09-29,7.401129852395743,7.282021718654549,7.520072172245848
2026-08-12,2026-09-30,7.403847550231995,7.285726754306512,7.5309805430426415
2026-08-12,2026-10-01,7.406565248068245,7.282975055462176,7.532688111059117
2026-08-12,2026-10-02,7.409282945904496,7.285647568229621,7.535488918526568
2026-08-12,2026-10-03,7.412000643740747,7.276030597903186,7.546673339179946
2026-08-12,2026-10-04,7.414718341576998,7.284174300042612,7.547804483947643
2026-08-12,2026-10-05,7.41743603941325,7.279648933353652,7.556013342409661
2026-08-12,2026-10-06,7.4201537372495,7.275040941128709,7.568445511773793
2026-08-12,2026-10-07,7.42287143508575,7.274356477022672,7.560098792204992
2026-08-12,2026-10-08,7.425589132922002,7.275148177447908,7.569656681100628
2026-08-12,2026-10-09,7.428306830758253,7.272318909450881,7.585952919579849
2026-08-12,2026-10-10,7.431024528594504,7.275291365868165,7.574882213871594
2026-08-12,2026-10-11,7.4337422264307556,7.270528875849574,7.593602697618366
2026-08-12,2026-10-12,7.436459924267005,7.263524854934153,7.600476950647394
2026-08-12,2026-10-13,7.439177622103257,7.2651653025671665,7.611160599760359
2026-08-12,2026-10-14,7.4418953199395075,7.271340122480456,7.609376355712324
2026-08-12,2026-10-15,7.444613017775759,7.265549314489926,7.629180742046377
2026-08-12,2026-10-16,7.447330715612009,7.270067789810987,7.628743641285034
2026-08-12,2026-10-17,7.450048413448261,7.263155205078163,7.644483019801836
2026-08-12,2026-10-18,7.452766111284513,7.25902207750356,7.644214759119349
2026-08-12,2026-10-19,7.455483809120762,7.251207643876346,7.640743781787578
2026-08-12,2026-10-20,7.458201506957013,7.264606983406119,7.659860341232117
2026-08-12,2026-10-21,7.460919204793265,7.255175945894962,7.6668651373604275
2026-08-12,2026-10-22,7.463636902629516,7.2518868993817724,7.670710903005357
2026-08-12,2026-10-23,7.466354600465766,7.252588710041458,7.68213298141831
2026-08-12,2026-10-24,7.469072298302018,7.239449281805767,7.690933455434343
2026-08-12,2026-10-25,7.471789996138268,7.242060154427612,7.689751765980019
2026-08-12,2026-10-26,7.47450769397452,7.238817744032054,7.700617248875069
2026-08-12,2026-10-27,7.47722539181077,7.2363415434634435,7.705194803293683
2026-08-12,2026-10-28,7.479943089647022,7.236651282615842,7.707338799659423
2026-08-12,2026-10-29,7.482660787483272,7.2389000609287155,7.720727906330191
2026-08-12,2026-10-30,7.485378485319523,7.240532004216886,7.729973248416546
2026-08-12,2026-10-31,7.488096183155775,7.229618791225678,7.738690692614527
2026-08-12,2026-11-01,7.490813880992025,7.21508124468661,7.741020291421679
2026-08-12,2026-11-02,7.493531578828277,7.217005159780153,7.751546896435085
2026-08-12,2026-11-03,7.496249276664527,7.216695645680186,7.756386344797199
2026-08-12,2026-11-04,7.498966974500779,7.21553690233998,7.769008387977226
2026-08-12,2026-11-05,7.501684672337029,7.208459098145572,7.7827352879914
2026-08-12,2026-11-06,7.50440237017328,7.219090426461326,7.780022189197822
2026-08-12,2026-11-07,7.507120068009531,7.195799938302935,7.786743982429599
2026-08-12,2026-11-08,7.509837765845782,7.215259242629422,7.812320898954816
2026-08-12,2026-11-09,7.512555463682032,7.200492016946005,7.817929331841067
2026-08-12,2026-11-10,7.515273161518284,7.2018383553973,7.793687383672781
2026-08-13,2026-08-14,7.278702926677939,7.221585605719841,7.340158008391763
2026-08-13,2026-08-15,7.281444753424055,7.225118334290062,7.339266082912784
2026-08-13,2026-08-16,7.284186580170169,7.228447081410999,7.346009368653579
2026-08-13,2026-08-17,7.286928406916283,7.221831771472612,7.347896756988053
2026-08-13,2026-08-18,7.2896702336624,7.233027458336388,7.346382082299031
2026-08-13,2026-08-19,7.292412060408514,7.240216944660575,7.3550931785742995
2026-08-13,2026-08-20,7.295153887154628,7.239376824240245,7.347630160820909
2026-08-13,2026-08-21,7.297895713900744,7.240613245707268,7.35456408400514
2026-08-13,2026-08-22,7.300637540646859,7.242652634658209,7.361046006121854
2026-08-13,2026-08-23,7.303379367392973,7.240283888224688,7.364016587020364
2026-08-13,2026-08-24,7.306121194139089,7.249726738228291,7.365347653852265
2026-08-13,2026-08-25,7.3088630208852035,7.248838444936704,7.370142166253369
2026-08-13,2026-08-26,7.311604847631318,7.253206715293047,7.371733068064576
2026-08-13,2026-08-27,7.3143466743774335,7.253950668152607,7.376034075679594
2026-08-13,2026-08-28,7.317088501123548,7.258017056376537,7.383565213592039
2026-08-13,2026-08-29,7.319830327869663,7.2552762784380995,7.380059625967867
2026-08-13,2026-08-30,7.322572154615778,7.262425316574887,7.386718242535278
2026-08-13,2026-08-31,7.325313981361893,7.260131730164523,7.388736456549997
2026-08-13,2026-09-01,7.328055808108008,7.269699686088038,7.395057280835047
2026-08-13,2026-09-02,7.330797634854123,7.269808780255999,7.399893908312195
2026-08-13,2026-09-03,7.333539461600237,7.268514273084188,7.404055225869874
2026-08-13,2026-09-04,7.336281288346353,7.268838527149991,7.4058923632986655
2026-08-13,2026-09-05,7.339023115092467,7.27282769606415,7.412754858861503
2026-08-13,2026-09-06,7.341764941838582,7.271758979934806,7.411848655131134
2026-08-13,2026-09-07,7.344506768584697,7.274805095830154,7.411659315456791
2026-08-13,2026-09-08,7.347248595330812,7.277272326502477,7.421970454001939
2026-08-13,2026-09-09,7.349990422076926,7.278914799191917,7.421550334814077
2026-08-13,2026-09-10,7.352732248823042,7.283141081212245,7.42993505560343
2026-08-13,2026-09-11,7.355474075569156,7.282766618006991,7.436314829292072
2026-08-13,2026-09-12,7.358215902315271,7.284383305279123,7.434907231541036
2026-08-13,2026-09-13,7.360957729061386,7.282335868938482,7.441629498964849
2026-08-13,2026-09-14,7.363699555807501,7.2807445254421665,7.446996438402221
2026-08-13,2026-09-15,7.366441382553617,7.286673135129843,7.451792558669567
2026-08-13,2026-09-16,7.369183209299731,7.291443595061762,7.453410435545097
2026-08-13,2026-09-17,7.371925036045845,7.291784584490107,7.457358378014864
2026-08-13,2026-09-18,7.374666862791962,7.289119155525817,7.460410949608026
2026-08-13,2026-09-19,7.377408689538077,7.290037438659113,7.472051414342089
2026-08-13,2026-09-20,7.38015051628419,7.286585487240121,7.480330989297308
2026-08-13,2026-09-21,7.382892343030306,7.285779164486487,7.482427654905235
2026-08-13,2026-09-22,7.385634169776422,7.293744906643993,7.482838008240639
2026-08-13,2026-09-23,7.388375996522536,7.290500694172121,7.493401815282772
2026-08-13,2026-09-24,7.391117823268651,7.2978417661285775,7.489859012865527
2026-08-13,2026-09-25,7.393859650014766,7.295418957673967,7.506525768062708
2026-08-13,2026-09-26,7.396601476760881,7.291605556395877,7.508768266066205
2026-08-13,2026-09-27,7.399343303506996,7.29324334208426,7.511465348715853
2026-08-13,2026-09-28,7.402085130253111,7.291724163018158,7.51967366883674
2026-08-13,2026-09-29,7.4048269569992256,7.29156698309378,7.523634536584166
2026-08-13,2026-09-30,7.407568783745341,7.291839037591705,7.523443115182084
2026-08-13,2026-10-01,7.410310610491456,7.296497040033606,7.53828293650245
2026-08-13,2026-10-02,7.41305243723757,7.291052075711894,7.526863366423179
2026-08-13,2026-10-03,7.415794263983686,7.298751758338514,7.54827176796396
2026-08-13,2026-10-04,7.4185360907298,7.295518175445819,7.558778741740619
2026-08-13,2026-10-05,7.421277917475915,7.292075494897906,7.562260682015215
2026-08-13,2026-10-06,7.42401974422203,7.288517333361006,7.557038173007638
2026-08-13,2026-10-07,7.426761570968145,7.297549191765951,7.575451421313079
2026-08-13,2026-10-08,7.429503397714259,7.289562793832,7.569935821904478
2026-08-13,2026-10-09,7.432245224460375,7.279121162530941,7.5847389295049314
2026-08-13,2026-10-10,7.434987051206489,7.2873986662443455,7.587544336499865
2026-08-13,2026-10-11,7.437728877952604,7.278361996900385,7.589885706938221
2026-08-13,2026-10-12,7.440470704698719,7.281374300003902,7.596274770672182
2026-08-13,2026-10-13,7.443212531444834,7.279007153512055,7.606967428065682
2026-08-13,2026-10-14,7.445954358190949,7.284268180447293,7.616690196287784
2026-08-13,2026-10-15,7.448696184937064,7.269672949733084,7.614636923062585
2026-08-13,2026-10-16,7.451438011683178,7.281437857090504,7.6243668345618545
2026-08-13,2026-10-17,7.454179838429294,7.285214560734773,7.628787849496498
2026-08-13,2026-10-18,7.456921665175408,7.276573239578962,7.633674257600788
2026-08-13,2026-10-19,7.459663491921523,7.27927231712793,7.642336461787696
2026-08-13,2026-10-20,7.4624053186676385,7.274281173049485,7.649906082025135
2026-08-13,2026-10-21,7.465147145413753,7.269741427147822,7.662214977492383
2026-08-13,2026-10-22,7.467888972159868,7.262877568771126,7.665785111916593
2026-08-13,2026-10-23,7.470630798905983,7.274279166231196,7.679084492522532
2026-08-13,2026-10-24,7.473372625652098,7.264785480562178,7.683686265666687
2026-08-13,2026-10-25,7.476114452398212,7.268492327725211,7.689724564834547
2026-08-13,2026-10-26,7.478856279144328,7.267141693265051,7.696784372188291
2026-08-13,2026-10-27,7.481598105890442,7.274536748069008,7.699275629409056
2026-08-13,2026-10-28,7.484339932636557,7.267962180982546,7.716454369874036
2026-08-13,2026-10-29,7.487081759382672,7.261546209208084,7.723928835392761
2026-08-13,2026-10-30,7.489823586128787,7.254756629231919,7.728167052413811
2026-08-13,2026-10-31,7.492565412874901,7.255637560302778,7.730467449430798
2026-08-13,2026-11-01,7.495307239621017,7.254107150925542,7.736131785560674
2026-08-13,2026-11-02,7.498049066367131,7.256253897188102,7.745329999580703
2026-08-13,2026-11-03,7.500790893113248,7.248266390269923,7.75033377739472
2026-08-13,2026-11-04,7.503532719859361,7.258848367966338,7.768027456523681
2026-08-13,2026-11-05,7.506274546605476,7.247240420686827,7.773350776466762
2026-08-13,2026-11-06,7.509016373351592,7.247487204994703,7.777059423323271
2026-08-13,2026-11-07,7.511758200097708,7.255480828750486,7.782281205916655
2026-08-13,2026-11-08,7.5145000268438205,7.241162454061662,7.795906535367117
2026-08-13,2026-11-09,7.517241853589937,7.256838079536392,7.799098562048591
2026-08-13,2026-11-10,7.519983680336052,7.247974800574839,7.808267006967683
2026-08-13,2026-11-11,7.522725507082167,7.241173009468311,7.82382158758043
2026-08-14,2026-08-15,7.284519196134272,7.227024419461588,7.342573817093769
2026-08-14,2026-08-16,7.287298177063184,7.231630369159081,7.3434149774016575
2026-08-14,2026-08-17,7.290077157992097,7.227491417358461,7.348810287356398
2026-08-14,2026-08-18,7.292856138921009,7.230925211480547,7.348043287469554
2026-08-14,2026-08-19,7.295635119849922,7.240360814751422,7.356200235658373
2026-08-14,2026-08-20,7.298414100778834,7.2420251104105455,7.356918785128611
2026-08-14,2026-08-21,7.301193081707747,7.23916473873117,7.357767828724542
2026-08-14,2026-08-22,7.303972062636659,7.250251600619306,7.360824254783848
2026-08-14,2026-08-23,7.306751043565572,7.248756194997666,7.36214224037252
2026-08-14,2026-08-24,7.309530024494485,7.251663269508366,7.369713919909111
2026-08-14,2026-08-25,7.312309005423398,7.251029780211045,7.371978833000962
2026-08-14,2026-08-26,7.31508798635231,7.254179611586234,7.374576287192433
2026-08-14,2026-08-27,7.317866967281222,7.261314741917367,7.383244808718992
2026-08-14,2026-08-28,7.320645948210134,7.262252152699203,7.382214993579238
2026-08-14,2026-08-29,7.323424929139048,7.262192272802824,7.385938742924162
2026-08-14,2026-08-30,7.32620391006796,7.264482598898509,7.389018460984634
2026-08-14,2026-08-31,7.328982890996872,7.267664956720893,7.385522883206551
2026-08-14,2026-09-01,7.331761871925784,7.267468692963751,7.393262616579429
2026-08-14,2026-09-02,7.334540852854697,7.271339842638805,7.392397296087988
2026-08-14,2026-09-03,7.33731983378361,7.270520774542092,7.403448958413556
2026-08-14,2026-09-04,7.340098814712522,7.277592669683269,7.405963407741387
2026-08-14,2026-09-05,7.342877795641434,7.284422565013806,7.40935442297204
2026-08-14,2026-09-06,7.345656776570347,7.276887294306174,7.413380303312413
2026-08-14,2026-09-07,7.34843575749926,7.28213615436887,7.416307419153449
2026-08-14,2026-09-08,7.351214738428172,7.280151117313224,7.419295687360941
2026-08-14,2026-09-09,7.353993719357084,7.283365256780313,7.42396855661818
2026-08-14,2026-09-10,7.356772700285997,7.284334003469087,7.428805653574264
2026-08-14,2026-09-11,7.35955168121491,7.281675334836596,7.43614706065543
2026-08-14,2026-09-12,7.362330662143822,7.286190089498373,7.435427107605634
2026-08-14,2026-09-13,7.365109643072734,7.292048871494202,7.437916808256861
2026-08-14,2026-09-14,7.367888624001647,7.290149609421329,7.443449853063959
2026-08-14,2026-09-15,7.37066760493056,7.286471693254808,7.446496307503258
2026-08-14,2026-09-16,7.373446585859472,7.29749605898088,7.457501049329725
2026-08-14,2026-09-17,7.376225566788384,7.300580350285462,7.458869425416861
2026-08-14,2026-09-18,7.379004547717296,7.2965018426855,7.453021399212311
2026-08-14,2026-09-19,7.381783528646208,7.30179377864107,7.463671508657554
2026-08-14,2026-09-20,7.384562509575122,7.29815188634081,7.472489976413153
2026-08-14,2026-09-21,7.387341490504034,7.300593431378875,7.476382130666838
2026-08-14,2026-09-22,7.390120471432946,7.293052871905536,7.480212951059172
2026-08-14,2026-09-23,7.39289945236186,7.297280958962718,7.488294061807119
2026-08-14,2026-09-24,7.395678433290772,7.300853441096033,7.493743824943333
2026-08-14,2026-09-25,7.398457414219684,7.296605805357856,7.494032406399643
2026-08-14,2026-09-26,7.401236395148596,7.305268638197741,7.50203043077596
2026-08-14,2026-09-27,7.404015376077508,7.301322851466668,7.506651389151494
2026-08-14,2026-09-28,7.406794357006422,7.300191907039558,7.507834849181317
2026-08-14,2026-09-29,7.409573337935334,7.298222887231282,7.521459402935821
2026-08-14,2026-09-30,7.412352318864246,7.304665895561365,7.518619438352169
2026-08-14,2026-10-01,7.415131299793159,7.304874629856537,7.53302832880185
2026-08-14,2026-10-02,7.417910280722072,7.300787951000872,7.529049567978448
2026-08-14,2026-10-03,7.420689261650984,7.298597278081896,7.543161390752358
2026-08-14,2026-10-04,7.423468242579896,7.299592184249869,7.549788528901871
2026-08-14,2026-10-05,7.426247223508809,7.297731161946718,7.552268543533212
2026-08-14,2026-10-06,7.42902620443772,7.309449911506654,7.560262798036306
2026-08-14,2026-10-07,7.431805185366635,7.298002356236608,7.559280046262379
2026-08-14,2026-10-08,7.434584166295546,7.305228701284939,7.5772680067500175
2026-08-14,2026-10-09,7.437363147224459,7.299971777946193,7.576757275990919
2026-08-14,2026-10-10,7.440142128153372,7.305413806170013,7.584052120471291
2026-08-14,2026-10-11,7.442921109082285,7.299857629269572,7.593581644822927
2026-08-14,2026-10-12,7.445700090011196,7.302369899316056,7.5864714555457
2026-08-14,2026-10-13,7.448479070940109,7.29507156336004,7.601261034891128
2026-08-14,2026-10-14,7.45125805186902,7.304308682957595,7.608357821791738
2026-08-14,2026-10-15,7.454037032797935,7.296021919155613,7.619642940017256
2026-08-14,2026-10-16,7.456816013726846,7.295644069750851,7.626874531252766
2026-08-14,2026-10-17,7.459594994655759,7.276865286513489,7.630607981575028
2026-08-14,2026-10-18,7.46237397558467,7.299292211603857,7.641301918456475
2026-08-14,2026-10-19,7.465152956513585,7.286114281321661,7.640670315191932
2026-08-14,2026-10-20,7.467931937442496,7.285934591874556,7.641910780733312
2026-08-14,2026-10-21,7.470710918371409,7.28618985407944,7.65237961279334
2026-08-14,2026-10-22,7.473489899300321,7.280000289405764,7.668327269291098
2026-08-14,2026-10-23,7.476268880229233,7.283066376089255,7.664831541260245
2026-08-14,2026-10-24,7.479047861158147,7.290336522614129,7.666882534386536
2026-08-14,2026-10-25,7.481826842087059,7.281111012412244,7.678430019680038
2026-08-14,2026-10-26,7.484605823015972,7.284246395290962,7.68241044990375
2026-08-14,2026-10-27,7.487384803944884,7.278627088207868,7.700890258635661
2026-08-14,2026-10-28,7.490163784873797,7.276994555493535,7.699715721070637
2026-08-14,2026-10-29,7.492942765802709,7.2708735247127505,7.71347875021626
2026-08-14,2026-10-30,7.495721746731621,7.288105260139284,7.722701281424079
2026-08-14,2026-10-31,7.498500727660533,7.268046566655489,7.728312148609653
2026-08-14,2026-11-01,7.501279708589447,7.275948595692946,7.731445134479679
2026-08-14,2026-11-02,7.5040586895183585,7.263519543736357,7.734506416445611
2026-08-14,2026-11-03,7.506837670447271,7.258423255449204,7.747448982660099
2026-08-14,2026-11-04,7.509616651376184,7.263273379860383,7.743597472469297
2026-08-14,2026-11-05,7.512395632305097,7.262558816289432,7.756327169107291
2026-08-14,2026-11-06,7.515174613234008,7.260152826154647,7.764590085689515
2026-08-14,2026-11-07,7.517953594162921,7.257469535358954,7.774075278042554
2026-08-14,2026-11-08,7.520732575091833,7.258557917263895,7.77073374869708
2026-08-14,2026-11-09,7.523511556020745,7.238044301591239,7.79485689570128
2026-08-14,2026-11-10,7.526290536949658,7.253051346106234,7.813835037087411
2026-08-14,2026-11-11,7.529069517878571,7.257375985970948,7.808582355329658
2026-08-14,2026-11-12,7.531848498807484,7.239373580400871,7.816834898052362
2026-08-15,2026-08-15,7.284519196134272,7.220377215387873,7.345678115594321
2026-08-15,2026-08-16,7.287298177063184,7.233871131077016,7.348244086553188
2026-08-15,2026-08-17,7.290077157992097,7.230192063722859,7.347753312015683
2026-08-15,2026-08-18,7.292856138921009,7.230422781250124,7.349966878759131
2026-08-15,2026-08-19,7.295635119849922,7.23624968138283,7.353831262224087
2026-08-15,2026-08-20,7.298414100778834,7.241168283061365,7.359503293130364
2026-08-15,2026-08-21,7.301193081707747,7.243304214153762,7.361732650124213
2026-08-15,2026-08-22,7.303972062636659,7.246746177153438,7.368298395489125
2026-08-15,2026-08-23,7.306751043565572,7.241592738689398,7.366783607834605
2026-08-15,2026-08-24,7.309530024494485,7.248971690207528,7.3677825195372115
2026-08-15,2026-08-25,7.312309005423398,7.256911413849118,7.377273332901825
2026-08-15,2026-08-26,7.31508798635231,7.252286664097109,7.375251614811726
2026-08-15,2026-08-27,7.317866967281222,7.254090079555951,7.378266517292953
2026-08-15,2026-08-28,7.320645948210134,7.262909891517271,7.3794647960330275
2026-08-15,2026-08-29,7.323424929139048,7.26384370308745,7.387677345089804
2026-08-15,2026-08-30,7.32620391006796,7.263889865545283,7.393251834993299
2026-08-15,2026-08-31,7.328982890996872,7.264436458030111,7.391744787456914
2026-08-15,2026-09-01,7.331761871925784,7.268149338515033,7.395697967493247
2026-08-15,2026-09-02,7.334540852854697,7.270708276174972,7.402842957220913
2026-08-15,2026-09-03,7.33731983378361,7.268363473553935,7.406677638007324
2026-08-15,2026-09-04,7.340098814712522,7.275009369493232,7.405219680555794
2026-08-15,2026-09-05,7.342877795641434,7.2793999540225185,7.407031802283839
2026-08-15,2026-09-06,7.345656776570347,7.276335862671223,7.415580038573412
2026-08-15,2026-09-07,7.34843575749926,7.283684040014461,7.422208754158643
2026-08-15,2026-09-08,7.351214738428172,7.285699330359706,7.423337555846919
2026-08-15,2026-09-09,7.353993719357084,7.28043447942972,7.427294982389602
2026-08-15,2026-09-10,7.356772700285997,7.284827673062068,7.433116095045454
2026-08-15,2026-09-11,7.35955168121491,7.285803769640018,7.437276449646863
2026-08-15,2026-09-12,7.362330662143822,7.283147946858741,7.4306180121570575
2026-08-15,2026-09-13,7.365109643072734,7.287863343622154,7.437942680957292
2026-08-15,2026-09-14,7.367888624001647,7.285592859616449,7.441630940035713
2026-08-15,2026-09-15,7.37066760493056,7.289549715134105,7.452165436999348
2026-08-15,2026-09-16,7.373446585859472,7.289803303260921,7.449395642434885
2026-08-15,2026-09-17,7.376225566788384,7.297981191584477,7.460981822492374
2026-08-15,2026-09-18,7.379004547717296,7.28583419176744,7.459384123265041
2026-08-15,2026-09-19,7.381783528646208,7.288339217186715,7.463442730720954
2026-08-15,2026-09-20,7.384562509575122,7.292687193902053,7.470226461399753
2026-08-15,2026-09-21,7.387341490504034,7.2943197905640655,7.477451972162426
2026-08-15,2026-09-22,7.390120471432946,7.292416780451288,7.469845095984281
2026-08-15,2026-09-23,7.39289945236186,7.295280983685575,7.485911671026256
2026-08-15,2026-09-24,7.395678433290772,7.299317041007965,7.490486718952389
2026-08-15,2026-09-25,7.398457414219684,7.297347836324054,7.489771267139746
2026-08-15,2026-09-26,7.401236395148596,7.297928981348578,7.492794599352151
2026-08-15,2026-09-27,7.404015376077508,7.296285998723828,7.505731425364301
2026-08-15,2026-09-28,7.406794357006422,7.299325876876019,7.512572409631872
2026-08-15,2026-09-29,7.409573337935334,7.292097331182416,7.516943068090776
2026-08-15,2026-09-30,7.412352318864246,7.300928565405813,7.523154472017335
2026-08-15,2026-10-01,7.415131299793159,7.297594562389765,7.521537377826276
2026-08-15,2026-10-02,7.417910280722072,7.29971912651617,7.534714735145956
2026-08-15,2026-10-03,7.420689261650984,7.302041788490559,7.536394668713195
2026-08-15,2026-10-04,7.423468242579896,7.288456726351471,7.538963075646534
2026-08-15,2026-10-05,7.426247223508809,7.292132150617457,7.547513598306934
2026-08-15,2026-10-06,7.42902620443772,7.297694588832533,7.552266288828682
2026-08-15,2026-10-07,7.431805185366635,7.292217519406555,7.560704460962794
2026-08-15,2026-10-08,7.434584166295546,7.296450617584093,7.567986309866789
2026-08-15,2026-10-09,7.437363147224459,7.290087350527412,7.571893533751162
2026-08-15,2026-10-10,7.440142128153372,7.290729507513308,7.56934358940079
2026-08-15,2026-10-11,7.442921109082285,7.293051215496548,7.588783765662942
2026-08-15,2026-10-12,7.445700090011196,7.290186961285722,7.596018444870533
2026-08-15,2026-10-13,7.448479070940109,7.290169147246386,7.607982286429937
2026-08-15,2026-10-14,7.45125805186902,7.286149762141553,7.60327590501098
2026-08-15,2026-10-15,7.454037032797935,7.287956742235316,7.6095579703376925
2026-08-15,2026-10-16,7.456816013726846,7.285376059788922,7.624390554705909
2026-08-15,2026-10-17,7.459594994655759,7.286702155234293,7.630374896252531
2026-08-15,2026-10-18,7.46237397558467,7.294627567485071,7.629838883743518
2026-08-15,2026-10-19,7.465152956513585,7.273532080927894,7.64278088590293
2026-08-15,2026-10-20,7.467931937442496,7.284068110498254,7.643272402429645
2026-08-15,2026-10-21,7.470710918371409,7.272926870276461,7.643366531150113
2026-08-15,2026-10-22,7.473489899300321,7.278075829239223,7.652551354164126
2026-08-15,2026-10-23,7.476268880229233,7.278780538907467,7.66037886940866
2026-08-15,2026-10-24,7.479047861158147,7.26356425350527,7.660319595073552
2026-08-15,2026-10-25,7.481826842087059,7.263829143673501,7.675468862233141
2026-08-15,2026-10-26,7.484605823015972,7.257426479212722,7.684461837873287
2026-08-15,2026-10-27,7.487384803944884,7.265486150368803,7.698061965353819
2026-08-15,2026-10-28,7.490163784873797,7.265448937413337,7.704283035901565
2026-08-15,2026-10-29,7.492942765802709,7.250323484164902,7.704114366370359
2026-08-15,2026-10-30,7.495721746731621,7.262005284891924,7.702830637779567
2026-08-15,2026-10-31,7.498500727660533,7.254992032128135,7.715225462994233
2026-08-15,2026-11-01,7.501279708589447,7.262693533718084,7.72916562018067
2026-08-15,2026-11-02,7.5040586895183585,7.267884204309849,7.732708883383059
2026-08-15,2026-11-03,7.506837670447271,7.265988225823437,7.735087181204555
2026-08-15,2026-11-04,7.509616651376184,7.251483720450822,7.755035635894097
2026-08-15,2026-11-05,7.512395632305097,7.267999372457248,7.765015616143795
2026-08-15,2026-11-06,7.515174613234008,7.256166839758295,7.773692131613616
2026-08-15,2026-11-07,7.517953594162921,7.243036945411881,7.773806610296623
2026-08-15,2026-11-08,7.520732575091833,7.2466812137058225,7.780482764739234
2026-08-15,2026-11-09,7.523511556020745,7.246519830895876,7.789453294205143
2026-08-15,2026-11-10,7.526290536949658,7.236074915964607,7.804933299198752
2026-08-15,2026-11-11,7.529069517878571,7.243101221984359,7.804837671685743
2026-08-15,2026-11-12,7.531848498807484,7.224133844053767,7.814959655625113
2026-08-16,2026-08-15,7.284519196134272,7.225566847225453,7.338995788210986
2026-08-16,2026-08-16,7.287298177063184,7.230896994871536,7.344911582338422
2026-08-16,2026-08-17,7.290077157992097,7.233953210013531,7.345710321285932
2026-08-16,2026-08-18,7.292856138921009,7.235695278769358,7.349262080271142
2026-08-16,2026-08-19,7.295635119849922,7.233748632832346,7.356832396547064
2026-08-16,2026-08-20,7.298414100778834,7.240802680050557,7.358398715788546
2026-08-16,2026-08-21,7.301193081707747,7.243493075149208,7.358322672712791
2026-08-16,2026-08-22,7.303972062636659,7.246221282155256,7.359201042536049
2026-08-16,2026-08-23,7.306751043565572,7.250604042213468,7.364958326204361
2026-08-16,2026-08-24,7.309530024494485,7.2498060819990195,7.37100182773404
2026-08-16,2026-08-25,7.312309005423398,7.254804551164272,7.374458309984165
2026-08-16,2026-08-26,7.31508798635231,7.254053267677428,7.378965466584692
2026-08-16,2026-08-27,7.317866967281222,7.256411982098122,7.380955126224998
2026-08-16,2026-08-28,7.320645948210134,7.262057401755247,7.383200799373661
2026-08-16,2026-08-29,7.323424929139048,7.262139218818445,7.384236555659578
2026-08-16,2026-08-30,7.32620391006796,7.263177512660249,7.3872568728646835
2026-08-16,2026-08-31,7.328982890996872,7.265909092907154,7.391208448797988
2026-08-16,2026-09-01,7.331761871925784,7.265480683554936,7.397421002523972
2026-08-16,2026-09-02,7.334540852854697,7.266446100873035,7.400372849026002
2026-08-16,2026-09-03,7.33731983378361,7.270107926218769,7.404901650004199
2026-08-16,2026-09-04,7.340098814712522,7.276531433921676,7.404567589421566
2026-08-16,2026-09-05,7.342877795641434,7.276597090247042,7.407850095931251
2026-08-16,2026-09-06,7.345656776570347,7.284209676700418,7.4147199662297565
2026-08-16,2026-09-07,7.34843575749926,7.278406878207963,7.416716777969047
2026-08-16,2026-09-08,7.351214738428172,7.278762701999161,7.417333938821629
2026-08-16,2026-09-09,7.353993719357084,7.284047225472311,7.425286377851694
2026-08-16,2026-09-10,7.356772700285997,7.283893710936841,7.425235534958332
2026-08-16,2026-09-11,7.35955168121491,7.281388188390498,7.429945723863094
2026-08-16,2026-09-12,7.362330662143822,7.288937361074561,7.435633155125983
2026-08-16,2026-09-13,7.365109643072734,7.287602477705718,7.438940813255068
2026-08-16,2026-09-14,7.367888624001647,7.284103731750715,7.442334641514368
2026-08-16,2026-09-15,7.37066760493056,7.287876706390744,7.449431736799944
2026-08-16,2026-09-16,7.373446585859472,7.288040427960062,7.456379229859893
2026-08-16,2026-09-17,7.376225566788384,7.2966766459324335,7.456357829341357
2026-08-16,2026-09-18,7.379004547717296,7.291589855248314,7.466460932534421
2026-08-16,2026-09-19,7.381783528646208,7.291345678637503,7.464225766748643
2026-08-16,2026-09-20,7.384562509575122,7.303977499414201,7.467378930986556
2026-08-16,2026-09-21,7.387341490504034,7.295223766621104,7.469904787560531
2026-08-16,2026-09-22,7.390120471432946,7.297330404346009,7.480732013018173
2026-08-16,2026-09-23,7.39289945236186,7.289728486889309,7.488780681041371
2026-08-16,2026-09-24,7.395678433290772,7.294621464736245,7.491734414664607
2026-08-16,2026-09-25,7.398457414219684,7.293461501462825,7.491200523571861
2026-08-16,2026-09-26,7.401236395148596,7.301836841424909,7.496982718675134
2026-08-16,2026-09-27,7.404015376077508,7.310288096889192,7.508383142836704
2026-08-16,2026-09-28,7.406794357006422,7.294067364837038,7.5064252661691455
2026-08-16,2026-09-29,7.409573337935334,7.295161675712413,7.518477255028253
2026-08-16,2026-09-30,7.412352318864246,7.289747341618916,7.52826724538561
2026-08-16,2026-10-01,7.415131299793159,7.3027714125137395,7.531057258837117
2026-08-16,2026-10-02,7.417910280722072,7.291397540122279,7.531000706083215
2026-08-16,2026-10-03,7.420689261650984,7.2939617198078786,7.537506092500796
2026-08-16,2026-10-04,7.423468242579896,7.298686631559218,7.550853918481195
2026-08-16,2026-10-05,7.426247223508809,7.302336005645451,7.552647296055287
2026-08-16,2026-10-06,7.42902620443772,7.296414316101512,7.5601851416062305
2026-08-16,2026-10-07,7.431805185366635,7.29515372950269,7.565637198320952
2026-08-16,2026-10-08,7.434584166295546,7.294259242240284,7.568543480414693
2026-08-16,2026-10-09,7.437363147224459,7.295539125055385,7.574934043943961
2026-08-16,2026-10-10,7.440142128153372,7.297381887442861,7.589668845875126
2026-08-16,2026-10-11,7.442921109082285,7.289147364824637,7.591745201348759
2026-08-16,2026-10-12,7.445700090011196,7.300519024987417,7.591685839438108
2026-08-16,2026-10-13,7.448479070940109,7.282975371817351,7.606728603699318
2026-08-16,2026-10-14,7.45125805186902,7.285659588900533,7.608837171401924
2026-08-16,2026-10-15,7.454037032797935,7.28471854999936,7.615524252052924
2026-08-16,2026-10-16,7.456816013726846,7.285423853229665,7.62669807089997
2026-08-16,2026-10-17,7.459594994655759,7.278150060984896,7.635405242968133
2026-08-16,2026-10-18,7.46237397558467,7.276005838846605,7.640105912649989
2026-08-16,2026-10-19,7.465152956513585,7.291161973277311,7.650058810964426
2026-08-16,2026-10-20,7.467931937442496,7.29520062942726,7.660531838645283
2026-08-16,2026-10-21,7.470710918371409,7.276352575643698,7.651168231707315
2026-08-16,2026-10-22,7.473489899300321,7.282284905254799,7.661914880166454
2026-08-16,2026-10-23,7.476268880229233,7.271005500493763,7.676019489624005
2026-08-16,2026-10-24,7.479047861158147,7.282963797983873,7.669925309290529
2026-08-16,2026-10-25,7.481826842087059,7.2723058379504755,7.6800199334363155
2026-08-16,2026-10-26,7.484605823015972,7.284426421846182,7.690687343258265
2026-08-16,2026-10-27,7.487384803944884,7.269115590019674,7.719143205035815
2026-08-16,2026-10-28,7.490163784873797,7.265290793623924,7.715744593019736
2026-08-16,2026-10-29,7.492942765802709,7.266518938230525,7.714947730320881
2026-08-16,2026-10-30,7.495721746731621,7.278131375833691,7.732104824059152
2026-08-16,2026-10-31,7.498500727660533,7.269504211351012,7.73287238353193
2026-08-16,2026-11-01,7.501279708589447,7.268317734316733,7.739467582032305
2026-08-16,2026-11-02,7.5040586895183585,7.265975657239587,7.752373203927159
2026-08-16,2026-11-03,7.506837670447271,7.258620817478283,7.755555013399671
2026-08-16,2026-11-04,7.509616651376184,7.249168474161481,7.755364575179485
2026-08-16,2026-11-05,7.512395632305097,7.254523379467482,7.765269640469815
2026-08-16,2026-11-06,7.515174613234008,7.247026132127133,7.78584051116803
2026-08-16,2026-11-07,7.517953594162921,7.261720503999155,7.782694739335617
2026-08-16,2026-11-08,7.520732575091833,7.242525666489305,7.798729154189607
2026-08-16,2026-11-09,7.523511556020745,7.239076354719317,7.805771156513408
2026-08-16,2026-11-10,7.526290536949658,7.24413392448923,7.803704550686142
2026-08-16,2026-11-11,7.529069517878571,7.232530244404567,7.806279350885537
2026-08-16,2026-11-12,7.531848498807484,7.2389762317481,7.824216659340153
2026-08-17,2026-08-18,7.295531356552912,7.2395035247490735,7.356463516699183
2026-08-17,2026-08-19,7.298332700376913,7.238589400896631,7.353722874166764
2026-08-17,2026-08-20,7.301134044200913,7.24115615045621,7.360146679937097
2026-08-17,2026-08-21,7.303935388024915,7.245118677022254,7.359578066078297
2026-08-17,2026-08-22,7.306736731848916,7.247394410182782,7.368851612995875
2026-08-17,2026-08-23,7.309538075672917,7.248458751079275,7.367156335657464
2026-08-17,2026-08-24,7.312339419496918,7.251975211706198,7.375190710205625
2026-08-17,2026-08-25,7.315140763320918,7.251303398714091,7.371045976846223
2026-08-17,2026-08-26,7.31794210714492,7.256665750205028,7.380702152413258
2026-08-17,2026-08-27,7.32074345096892,7.257510522455676,7.381232754270404
2026-08-17,2026-08-28,7.323544794792921,7.260077568497429,7.387224994314917
2026-08-17,2026-08-29,7.326346138616922,7.264994187792737,7.385342710834915
2026-08-17,2026-08-30,7.329147482440924,7.268300530348218,7.398028228634503
2026-08-17,2026-08-31,7.331948826264925,7.273798998549938,7.393497686319902
2026-08-17,2026-09-01,7.334750170088926,7.270790239134753,7.403126092127295
2026-08-17,2026-09-02,7.337551513912928,7.276574186042757,7.399312234328341
2026-08-17,2026-09-03,7.340352857736928,7.276956149341439,7.399607855481789
2026-08-17,2026-09-04,7.343154201560929,7.280129299804451,7.404905181320322
2026-08-17,2026-09-05,7.34595554538493,7.279245376770935,7.414923944441063
2026-08-17,2026-09-06,7.34875688920893,7.284423143979098,7.418299997648522
2026-08-17,2026-09-07,7.351558233032932,7.287575544144407,7.41355199294504
2026-08-17,2026-09-08,7.354359576856931,7.289673483135867,7.41812450607879
2026-08-17,2026-09-09,7.3571609206809345,7.291436324706979,7.426405208584992
2026-08-17,2026-09-10,7.359962264504935,7.292235167742194,7.426283542744677
2026-08-17,2026-09-11,7.362763608328937,7.296374849349054,7.427212523540749
2026-08-17,2026-09-12,7.365564952152937,7.296305607754544,7.431224195084336
2026-08-17,2026-09-13,7.368366295976938,7.30053676334821,7.433170459668299
2026-08-17,2026-09-14,7.37116763980094,7.295587353336651,7.446478794699556
2026-08-17,2026-09-15,7.37396898362494,7.296785113062544,7.452017875495205
2026-08-17,2026-09-16,7.376770327448942,7.303093605045588,7.453244687092261
2026-08-17,2026-09-17,7.3795716712729424,7.3093450070394494,7.452876637074657
2026-08-17,2026-09-18,7.382373015096944,7.303346963911823,7.456159189776949
2026-08-17,2026-09-19,7.385174358920945,7.313615952809011,7.464783384265907
2026-08-17,2026-09-20,7.387975702744945,7.303953389462305,7.460328243764925
2026-08-17,2026-09-21,7.390777046568947,7.310242135349907,7.468127803774622
2026-08-17,2026-09-22,7.393578390392947,7.30945981317643,7.474003218674787
2026-08-17,2026-09-23,7.396379734216947,7.3149205333384995,7.47359860983225
2026-08-17,2026-09-24,7.399181078040949,7.31530094968817,7.484511335789922
2026-08-17,2026-09-25,7.401982421864951,7.316728990212387,7.484388307164929
2026-08-17,2026-09-26,7.404783765688951,7.316938565086319,7.487768768269687
2026-08-17,2026-09-27,7.407585109512953,7.317962288355698,7.492404148114189
2026-08-17,2026-09-28,7.410386453336954,7.314905911456303,7.495762437416554
2026-08-17,2026-09-29,7.413187797160955,7.326160773510833,7.501402470698083
2026-08-17,2026-09-30,7.415989140984955,7.31756043015051,7.508667450236495
2026-08-17,2026-10-01,7.418790484808957,7.320259266700818,7.51336933904729
2026-08-17,2026-10-02,7.421591828632957,7.329753068122315,7.516108998725031
2026-08-17,2026-10-03,7.424393172456959,7.325954633850181,7.522822262735302
2026-08-17,2026-10-04,7.427194516280959,7.325081902236656,7.527410586438284
2026-08-17,2026-10-05,7.429995860104961,7.325034549414756,7.53918282821728
2026-08-17,2026-10-06,7.432797203928962,7.32759999622109,7.541327254098098
2026-08-17,2026-10-07,7.435598547752962,7.330889069954123,7.541765460819478
2026-08-17,2026-10-08,7.438399891576964,7.327844829500117,7.543288082854175
2026-08-17,2026-10-09,7.441201235400964,7.319878358184966,7.554159938058376
2026-08-17,2026-10-10,7.444002579224966,7.323627255120543,7.56130943945432
2026-08-17,2026-10-11,7.446803923048966,7.332067202558424,7.567479668505568
2026-08-17,2026-10-12,7.449605266872968,7.3232409906035825,7.575727734377511
2026-08-17,2026-10-13,7.452406610696969,7.329634555081043,7.57269662029877
2026-08-17,2026-10-14,7.4552079545209695,7.319668155402347,7.583238283535661
2026-08-17,2026-10-15,7.4580092983449715,7.320763472280421,7.5987055162833235
2026-08-17,2026-10-16,7.460810642168972,7.333779695662529,7.5926750758953085
2026-08-17,2026-10-17,7.463611985992972,7.323953520126326,7.604194174911127
2026-08-17,2026-10-18,7.466413329816974,7.332599287751958,7.592138809539564
2026-08-17,2026-10-19,7.469214673640974,7.32756854718096,7.599760892844645
2026-08-17,2026-10-20,7.472016017464976,7.328970835533619,7.619482991552029
2026-08-17,2026-10-21,7.474817361288976,7.322713432532789,7.614912821593142
2026-08-17,2026-10-22,7.477618705112978,7.319000446506707,7.637010204745081
2026-08-17,2026-10-23,7.480420048936978,7.323307181146298,7.634634764306443
2026-08-17,2026-10-24,7.483221392760979,7.322580451053614,7.637211986243966
2026-08-17,2026-10-25,7.486022736584981,7.332444303452042,7.643600482867125
2026-08-17,2026-10-26,7.488824080408983,7.339944004226404,7.654356305878878
2026-08-17,2026-10-27,7.491625424232984,7.326342362897004,7.670791989301282
2026-08-17,2026-10-28,7.494426768056984,7.320186681280404,7.668603957599634
2026-08-17,2026-10-29,7.497228111880986,7.317150182022607,7.668480524828474
2026-08-17,2026-10-30,7.500029455704986,7.310444764937928,7.685555632593517
2026-08-17,2026-10-31,7.502830799528986,7.3182056429107005,7.684183396485237
2026-08-17,2026-11-01,7.5056321433529885,7.324564458988937,7.698699019184097
2026-08-17,2026-11-02,7.50843348717699,7.325883105155705,7.701240536541145
2026-08-17,2026-11-03,7.511234831000991,7.319088318612027,7.703994461869519
2026-08-17,2026-11-04,7.514036174824991,7.316970372797643,7.716187446649521
2026-08-17,2026-11-05,7.516837518648993,7.304508395533319,7.715103630072692
2026-08-17,2026-11-06,7.519638862472993,7.324841914909582,7.720594070728542
2026-08-17,2026-11-07,7.522440206296993,7.321369792404066,7.726859578867498
2026-08-17,2026-11-08,7.525241550120995,7.313179708978855,7.728030670231647
2026-08-17,2026-11-09,7.5280428939449955,7.306387984339231,7.740435531576569
2026-08-17,2026-11-10,7.530844237768997,7.308273455571001,7.737072928819084
2026-08-17,2026-11-11,7.533645581592999,7.311905396423922,7.745340904796757
2026-08-17,2026-11-12,7.536446925417001,7.295663388004738,7.759044891851352
2026-08-17,2026-11-13,7.539248269241001,7.3113602654026435,7.761959702033813
2026-08-17,2026-11-14,7.542049613065001,7.307499764022014,7.786225845149247
2026-08-17,2026-11-15,7.544850956889003,7.307005843091808,7.789682214792864
2026-08-18,2026-08-19,7.302430164884805,7.242239233423511,7.364163599975645
2026-08-18,2026-08-20,7.305270742220915,7.24491848049043,7.369019010981697
2026-08-18,2026-08-21,7.3081113195570255,7.248128145909206,7.366663384510944
2026-08-18,2026-08-22,7.310951896893135,7.249347440586112,7.367381671763781
2026-08-18,2026-08-23,7.313792474229246,7.252691663783258,7.371214016549008
2026-08-18,2026-08-24,7.316633051565356,7.256055106144601,7.373929547626991
2026-08-18,2026-08-25,7.319473628901466,7.254684531568239,7.381490416547438
2026-08-18,2026-08-26,7.322314206237577,7.261025504426833,7.381561505193951
2026-08-18,2026-08-27,7.325154783573686,7.263275268704039,7.383770930967128
2026-08-18,2026-08-28,7.327995360909797,7.260551023267926,7.384586501956774
2026-08-18,2026-08-29,7.330835938245907,7.266705420529679,7.393588090119446
2026-08-18,2026-08-30,7.333676515582018,7.270220243147999,7.395523290611874
2026-08-18,2026-08-31,7.336517092918127,7.276669335665418,7.392464406105679
2026-08-18,2026-09-01,7.339357670254238,7.280571617565863,7.400752898962853
2026-08-18,2026-09-02,7.342198247590349,7.279123626968714,7.402104884220738
2026-08-18,2026-09-03,7.345038824926458,7.281750850651474,7.409207434375129
2026-08-18,2026-09-04,7.347879402262568,7.282097112002137,7.40783508206877
2026-08-18,2026-09-05,7.350719979598679,7.287933462039497,7.418005960003921
2026-08-18,2026-09-06,7.35356055693479,7.289379629441544,7.415969802586437
2026-08-18,2026-09-07,7.356401134270899,7.287229036018595,7.421971931724094
2026-08-18,2026-09-08,7.35924171160701,7.289000512831105,7.426231295873628
2026-08-18,2026-09-09,7.362082288943119,7.293012974322764,7.427303676235184
2026-08-18,2026-09-10,7.364922866279229,7.296323644443511,7.438223662068053
2026-08-18,2026-09-11,7.36776344361534,7.300384860326472,7.435065729716468
2026-08-18,2026-09-12,7.37060402095145,7.299925246324576,7.4378883211218865
2026-08-18,2026-09-13,7.37344459828756,7.301415687132219,7.44472466377686
2026-08-18,2026-09-14,7.37628517562367,7.304337645653615,7.450132007468743
2026-08-18,2026-09-15,7.379125752959781,7.310610236342399,7.451632098938039
2026-08-18,2026-09-16,7.381966330295891,7.304898777462838,7.456923494926666
2026-08-18,2026-09-17,7.384806907632001,7.3145023042567585,7.46113926774764
2026-08-18,2026-09-18,7.387647484968111,7.312163990125704,7.4639742427507025
2026-08-18,2026-09-19,7.390488062304222,7.313166574358894,7.471338536470754
2026-08-18,2026-09-20,7.393328639640331,7.306736526955993,7.469846270205796
2026-08-18,2026-09-21,7.396169216976443,7.317022006899019,7.480517367815948
2026-08-18,2026-09-22,7.399009794312552,7.317167216672392,7.484197134537555
2026-08-18,2026-09-23,7.4018503716486626,7.318021628873935,7.487386203631052
2026-08-18,2026-09-24,7.404690948984772,7.318808500152972,7.489096735078418
2026-08-18,2026-09-25,7.407531526320883,7.319640439587369,7.493263736157674
2026-08-18,2026-09-26,7.410372103656993,7.329037689642849,7.495620935109377
2026-08-18,2026-09-27,7.4132126809931025,7.321760705181029,7.502795800821275
2026-08-18,2026-09-28,7.416053258329213,7.317458717464456,7.510544661287758
2026-08-18,2026-09-29,7.418893835665324,7.320856709054192,7.514695187438028
2026-08-18,2026-09-30,7.421734413001434,7.322957773230576,7.514404072176994
2026-08-18,2026-10-01,7.424574990337544,7.333883959626084,7.520210489384141
2026-08-18,2026-10-02,7.427415567673655,7.337008058168811,7.521427298147101
2026-08-18,2026-10-03,7.430256145009765,7.325248734526002,7.525319303874085
2026-08-18,2026-10-04,7.4330967223458755,7.328029805155418,7.534112208272448
2026-08-18,2026-10-05,7.435937299681985,7.329015064224242,7.549671248288126
2026-08-18,2026-10-06,7.438777877018095,7.334486477239757,7.546503813555581
2026-08-18,2026-10-07,7.441618454354206,7.322748303111029,7.553184615584645
2026-08-18,2026-10-08,7.444459031690316,7.331341401842468,7.553911237378806
2026-08-18,2026-10-09,7.447299609026426,7.327643086611704,7.561537359729803
2026-08-18,2026-10-10,7.450140186362535,7.322122541121513,7.562822799228402
2026-08-18,2026-10-11,7.452980763698648,7.333502666154904,7.578709085766371
2026-08-18,2026-10-12,7.455821341034757,7.331960691140311,7.576240822287421
2026-08-18,2026-10-13,7.458661918370867,7.337295999170872,7.589023861379696
2026-08-18,2026-10-14,7.461502495706977,7.3269199826946,7.59407537325102
2026-08-18,2026-10-15,7.464343073043087,7.334478687747286,7.5965224474478354
2026-08-18,2026-10-16,7.467183650379196,7.3203057215653775,7.594465040186407
2026-08-18,2026-10-17,7.470024227715308,7.323360157316888,7.606572754723119
2026-08-18,2026-10-18,7.472864805051418,7.326909973813838,7.609821097950738
2026-08-18,2026-10-19,7.475705382387527,7.326574199243645,7.611721436612749
2026-08-18,2026-10-20,7.478545959723639,7.335523838622449,7.630331891802342
2026-08-18,2026-10-21,7.481386537059749,7.323188989339171,7.63341725339155
2026-08-18,2026-10-22,7.484227114395859,7.331407951936874,7.630629300835306
2026-08-18,2026-10-23,7.487067691731968,7.3181358078590995,7.633157369200313
2026-08-18,2026-10-24,7.489908269068079,7.320821649693159,7.645381645644967
2026-08-18,2026-10-25,7.492748846404188,7.316285186015255,7.658320470875779
2026-08-18,2026-10-26,7.4955894237403,7.325083998072291,7.654838535958793
2026-08-18,2026-10-27,7.49843000107641,7.317736685111861,7.670258725563486
2026-08-18,2026-10-28,7.501270578412521,7.319319830819701,7.675587948633639
2026-08-18,2026-10-29,7.504111155748631,7.320614926523085,7.67936242221922
2026-08-18,2026-10-30,7.506951733084741,7.323679837460582,7.682853434860513
2026-08-18,2026-10-31,7.509792310420851,7.32215196547693,7.702723147188013
2026-08-18,2026-11-01,7.51263288775696,7.320681037165701,7.711352591548053
2026-08-18,2026-11-02,7.515473465093071,7.317979739109001,7.706068909701423
2026-08-18,2026-11-03,7.518314042429182,7.30549679580879,7.707699125487902
2026-08-18,2026-11-04,7.521154619765292,7.3042485059308175,7.719142956744721
2026-08-18,2026-11-05,7.523995197101401,7.309912100638831,7.734241922660999
2026-08-18,2026-11-06,7.526835774437513,7.312430536790829,7.735669056518572
2026-08-18,2026-11-07,7.529676351773623,7.3145070484956625,7.733438764189134
2026-08-18,2026-11-08,7.532516929109732,7.316944094512687,7.738492789764761
2026-08-18,2026-11-09,7.535357506445843,7.3003965926513725,7.748756586706123
2026-08-18,2026-11-10,7.538198083781952,7.302310443433586,7.754984812534792
2026-08-18,2026-11-11,7.541038661118064,7.304156625838218,7.767176982120875
2026-08-18,2026-11-12,7.543879238454174,7.303473594429778,7.769645609868223
2026-08-18,2026-11-13,7.546719815790284,7.300832832125218,7.782279200245421
2026-08-18,2026-11-14,7.549560393126393,7.297868923630383,7.786641024324758
2026-08-18,2026-11-15,7.552400970462504,7.296111293727198,7.800888096959002
2026-08-18,2026-11-16,7.555241547798615,7.299306869230648,7.791165442048356
2026-08-19,2026-08-20,7.30810918931806,7.24566195224712,7.3629228705633425
2026-08-19,2026-08-21,7.310974893925696,7.248712829890809,7.36794517229272
2026-08-19,2026-08-22,7.313840598533332,7.254241978504414,7.373370450281695
2026-08-19,2026-08-23,7.316706303140967,7.2555829548489745,7.377604279088517
2026-08-19,2026-08-24,7.3195720077486035,7.261952323181675,7.378875267286364
2026-08-19,2026-08-25,7.32243771235624,7.263366583532337,7.381848316488464
2026-08-19,2026-08-26,7.325303416963876,7.269607469287362,7.385173651602498
2026-08-19,2026-08-27,7.328169121571512,7.269422652133763,7.391338300303429
2026-08-19,2026-08-28,7.331034826179148,7.267380906581842,7.3939646523225315
2026-08-19,2026-08-29,7.333900530786783,7.276281442003323,7.396215238952075
2026-08-19,2026-08-30,7.336766235394419,7.277448792033085,7.399877562295882
2026-08-19,2026-08-31,7.339631940002055,7.279063190417097,7.3969265682121215
2026-08-19,2026-09-01,7.342497644609692,7.281177783267236,7.404110935568401
2026-08-19,2026-09-02,7.345363349217328,7.283262516405119,7.407095174909623
2026-08-19,2026-09-03,7.348229053824964,7.289941401411071,7.413213026527558
2026-08-19,2026-09-04,7.351094758432599,7.289106299492612,7.416819869740351
2026-08-19,2026-09-05,7.353960463040235,7.290404639752934,7.4173039261844
2026-08-19,2026-09-06,7.356826167647872,7.291756859574981,7.419413622778224
2026-08-19,2026-09-07,7.359691872255508,7.297538003824336,7.425493464268873
2026-08-19,2026-09-08,7.362557576863144,7.294533699463709,7.429280996822058
2026-08-19,2026-09-09,7.365423281470779,7.295622519813497,7.429454642510455
2026-08-19,2026-09-10,7.368288986078416,7.297717247140414,7.436168521759676
2026-08-19,2026-09-11,7.371154690686052,7.304262607106664,7.439376329103335
2026-08-19,2026-09-12,7.374020395293688,7.3072650173898674,7.4453318258507375
2026-08-19,2026-09-13,7.376886099901324,7.305268057988274,7.448083757280539
2026-08-19,2026-09-14,7.37975180450896,7.313485870303352,7.450556343122787
2026-08-19,2026-09-15,7.382617509116596,7.313605015597015,7.453778868885816
2026-08-19,2026-09-16,7.385483213724233,7.317329936343606,7.456082044702268
2026-08-19,2026-09-17,7.388348918331868,7.314852507000311,7.467609139216662
2026-08-19,2026-09-18,7.391214622939504,7.317081979839342,7.46869022451031
2026-08-19,2026-09-19,7.39408032754714,7.319323793570789,7.473479811621599
2026-08-19,2026-09-20,7.396946032154776,7.319743475118201,7.475730141011222
2026-08-19,2026-09-21,7.3998117367624126,7.317517122122883,7.475223267421405
2026-08-19,2026-09-22,7.402677441370048,7.3226024533855485,7.488532937455479
2026-08-19,2026-09-23,7.405543145977685,7.324849340126987,7.490278947248938
2026-08-19,2026-09-24,7.40840885058532,7.323367787901446,7.4988139109722365
2026-08-19,2026-09-25,7.411274555192956,7.335910302590911,7.505332618079195
2026-08-19,2026-09-26,7.414140259800592,7.330853497894432,7.505524732582912
2026-08-19,2026-09-27,7.417005964408228,7.327337665135417,7.511586744370992
2026-08-19,2026-09-28,7.419871669015865,7.336541975559522,7.51547353159371
2026-08-19,2026-09-29,7.422737373623501,7.338052416830652,7.525868946810262
2026-08-19,2026-09-30,7.425603078231136,7.3430142240208625,7.52158737749199
2026-08-19,2026-10-01,7.428468782838772,7.341649633274788,7.528284884530318
2026-08-19,2026-10-02,7.431334487446408,7.33719524512601,7.531460589345677
2026-08-19,2026-10-03,7.434200192054044,7.336005669915724,7.542384931552128
2026-08-19,2026-10-04,7.43706589666168,7.338027444550433,7.546161624156903
2026-08-19,2026-10-05,7.439931601269316,7.341457731670413,7.546065569217635
2026-08-19,2026-10-06,7.442797305876952,7.343150127139514,7.5562693674237185
2026-08-19,2026-10-07,7.445663010484588,7.347561263321807,7.5631534408032355
2026-08-19,2026-10-08,7.448528715092224,7.339060392562404,7.572432810877458
2026-08-19,2026-10-09,7.45139441969986,7.351865170877436,7.571154908296322
2026-08-19,2026-10-10,7.454260124307495,7.348652698146919,7.579723485691461
2026-08-19,2026-10-11,7.457125828915132,7.348655668448151,7.587853650814191
2026-08-19,2026-10-12,7.459991533522768,7.345028689783278,7.592125177273689
2026-08-19,2026-10-13,7.462857238130404,7.3461954587935265,7.6028789443361395
2026-08-19,2026-10-14,7.46572294273804,7.34588933170731,7.602387701762055
2026-08-19,2026-10-15,7.468588647345676,7.336366256025231,7.616942489689471
2026-08-19,2026-10-16,7.471454351953311,7.355561538521547,7.6144526203095
2026-08-19,2026-10-17,7.474320056560948,7.34616249569013,7.627098588634731
2026-08-19,2026-10-18,7.477185761168584,7.340804080585838,7.6227889154416095
2026-08-19,2026-10-19,7.48005146577622,7.345720880461205,7.638590528636586
2026-08-19,2026-10-20,7.482917170383856,7.345582635108843,7.645965218358405
2026-08-19,2026-10-21,7.485782874991491,7.336290464445942,7.653616435574035
2026-08-19,2026-10-22,7.488648579599127,7.343343952778284,7.654228047891196
2026-08-19,2026-10-23,7.4915142842067635,7.3466789518968865,7.663851616256957
2026-08-19,2026-10-24,7.4943799888144,7.3495599585024705,7.665657222030277
2026-08-19,2026-10-25,7.497245693422036,7.337744197077296,7.681537095473523
2026-08-19,2026-10-26,7.500111398029672,7.3425295794743795,7.6779876228733155
2026-08-19,2026-10-27,7.502977102637307,7.339674436310324,7.702798214435379
2026-08-19,2026-10-28,7.505842807244943,7.337880691906951,7.695961009183136
2026-08-19,2026-10-29,7.508708511852579,7.354319708369905,7.7080798094867635
2026-08-19,2026-10-30,7.511574216460215,7.336668412183184,7.710052961811458
2026-08-19,2026-10-31,7.5144399210678525,7.338915304474042,7.725494495640708
2026-08-19,2026-11-01,7.517305625675487,7.338606908136173,7.7227397844687005
2026-08-19,2026-11-02,7.520171330283123,7.343058530031042,7.740879514043449
2026-08-19,2026-11-03,7.523037034890761,7.338737659455585,7.751258711371564
2026-08-19,2026-11-04,7.525902739498397,7.341414439308298,7.745147827861311
2026-08-19,2026-11-05,7.528768444106031,7.341321945319683,7.760938043405149
2026-08-19,2026-11-06,7.531634148713667,7.337281249419606,7.76946817286711
2026-08-19,2026-11-07,7.534499853321305,7.332260346490243,7.766815823322847
2026-08-19,2026-11-08,7.537365557928941,7.332508350436003,7.78773113681688
2026-08-19,2026-11-09,7.540231262536577,7.335512361181953,7.779612242952207
2026-08-19,2026-11-10,7.543096967144213,7.339224926585865,7.793274101739371
2026-08-19,2026-11-11,7.545962671751848,7.3369058005574255,7.801101743585895
2026-08-19,2026-11-12,7.548828376359484,7.328826090160817,7.808485256451526
2026-08-19,2026-11-13,7.55169408096712,7.324849781407696,7.812145260027613
2026-08-19,2026-11-14,7.554559785574757,7.342762148447552,7.824798097423418
2026-08-19,2026-11-15,7.557425490182393,7.328254640598288,7.835468272533965
2026-08-19,2026-11-16,7.560291194790028,7.333644483502085,7.843182222318221
2026-08-19,2026-11-17,7.563156899397664,7.334901075935663,7.839076892942507
2026-08-20,2026-08-21,7.314862417435642,7.257854237707041,7.3763317799342705
2026-08-20,2026-08-22,7.317767177358268,7.26046113520782,7.374079704345807
2026-08-20,2026-08-23,7.320671937280894,7.260999765105492,7.384882846196463
2026-08-20,2026-08-24,7.32357669720352,7.267137035274195,7.383525937250058
2026-08-20,2026-08-25,7.326481457126145,7.265301708945801,7.390492519182855
2026-08-20,2026-08-26,7.329386217048771,7.268409705792632,7.387314020646047
2026-08-20,2026-08-27,7.332290976971397,7.269054158446164,7.39118774039971
2026-08-20,2026-08-28,7.335195736894024,7.275321894106831,7.397076749926582
2026-08-20,2026-08-29,7.338100496816649,7.278478078065157,7.403174561140613
2026-08-20,2026-08-30,7.341005256739275,7.278222724430326,7.3999843319172465
2026-08-20,2026-08-31,7.343910016661901,7.280570543461803,7.412303697090543
2026-08-20,2026-09-01,7.346814776584527,7.282054158531253,7.412982801321983
2026-08-20,2026-09-02,7.349719536507153,7.284565220126877,7.409563752784064
2026-08-20,2026-09-03,7.352624296429779,7.290388196686182,7.417010398162039
2026-08-20,2026-09-04,7.355529056352405,7.295004008970556,7.423428316241525
2026-08-20,2026-09-05,7.35843381627503,7.294212866323744,7.418771727532388
2026-08-20,2026-09-06,7.361338576197656,7.301441190807313,7.422121409687944
2026-08-20,2026-09-07,7.364243336120281,7.301281628819685,7.431608228877404
2026-08-20,2026-09-08,7.367148096042907,7.302044306705803,7.434166723181423
2026-08-20,2026-09-09,7.370052855965533,7.304190471027607,7.436309186390946
2026-08-20,2026-09-10,7.37295761588816,7.308408436780713,7.438644009267408
2026-08-20,2026-09-11,7.375862375810785,7.307393935602328,7.44604424113098
2026-08-20,2026-09-12,7.378767135733411,7.310359588960966,7.445954544357795
2026-08-20,2026-09-13,7.381671895656037,7.308176013137066,7.458509010222093
2026-08-20,2026-09-14,7.384576655578663,7.317879704055348,7.460140087606356
2026-08-20,2026-09-15,7.387481415501289,7.31559544192308,7.461747188923172
2026-08-20,2026-09-16,7.390386175423915,7.321466063091934,7.465926954580029
2026-08-20,2026-09-17,7.393290935346541,7.323483004212985,7.463677988975108
2026-08-20,2026-09-18,7.396195695269166,7.320953345501386,7.473307373854339
2026-08-20,2026-09-19,7.399100455191792,7.327003353488671,7.473873335924828
2026-08-20,2026-09-20,7.402005215114418,7.320231500487655,7.48253694095944
2026-08-20,2026-09-21,7.404909975037044,7.329406343307395,7.484032390141547
2026-08-20,2026-09-22,7.40781473495967,7.32811928033599,7.487611822544568
2026-08-20,2026-09-23,7.4107194948822945,7.328871581214407,7.492740266620491
2026-08-20,2026-09-24,7.413624254804921,7.339128134943762,7.501954226259612
2026-08-20,2026-09-25,7.416529014727547,7.333902442162065,7.501967778015055
2026-08-20,2026-09-26,7.419433774650173,7.335169024669822,7.5058751217951265
2026-08-20,2026-09-27,7.422338534572798,7.339568075661624,7.5115129967629475
2026-08-20,2026-09-28,7.425243294495424,7.3465353256066654,7.521097247851586
2026-08-20,2026-09-29,7.428148054418051,7.335110306388221,7.521911131033444
2026-08-20,2026-09-30,7.431052814340677,7.341767309534316,7.520014077222149
2026-08-20,2026-10-01,7.433957574263302,7.339226927322311,7.525972695410665
2026-08-20,2026-10-02,7.436862334185928,7.340950012772629,7.526775168883965
2026-08-20,2026-10-03,7.439767094108554,7.339833740931575,7.538232697324638
2026-08-20,2026-10-04,7.442671854031181,7.353115792998393,7.551592956122042
2026-08-20,2026-10-05,7.445576613953806,7.340158175046998,7.550015019885178
2026-08-20,2026-10-06,7.44848137387643,7.340316265881674,7.552702646868302
2026-08-20,2026-10-07,7.451386133799057,7.35361995068775,7.562094303002594
2026-08-20,2026-10-08,7.454290893721683,7.350301049818708,7.561386387893971
2026-08-20,2026-10-09,7.457195653644309,7.346284423261263,7.576974296144781
2026-08-20,2026-10-10,7.460100413566934,7.347407646903671,7.578937423838041
2026-08-20,2026-10-11,7.46300517348956,7.34539061025264,7.584313296690325
2026-08-20,2026-10-12,7.465909933412187,7.347268466835072,7.591330609033167
2026-08-20,2026-10-13,7.468814693334813,7.339660623874725,7.60196528346129
2026-08-20,2026-10-14,7.471719453257438,7.342833728434398,7.601868045950281
2026-08-20,2026-10-15,7.474624213180064,7.355760786942249,7.603223553771749
2026-08-20,2026-10-16,7.47752897310269,7.346582234441733,7.613457095592973
2026-08-20,2026-10-17,7.480433733025316,7.353994085625578,7.620122799438602
2026-08-20,2026-10-18,7.483338492947942,7.343701733261403,7.620068319605306
2026-08-20,2026-10-19,7.486243252870568,7.354172181176525,7.629309424882903
2026-08-20,2026-10-20,7.489148012793192,7.350555399516364,7.622023539513297
2026-08-20,2026-10-21,7.4920527727158195,7.348622410705773,7.640943878640503
2026-08-20,2026-10-22,7.494957532638444,7.34644329394548,7.64117901070843
2026-08-20,2026-10-23,7.497862292561072,7.338939971159573,7.655941131145911
2026-08-20,2026-10-24,7.500767052483696,7.350238495528655,7.667030392510114
2026-08-20,2026-10-25,7.503671812406322,7.343561282218528,7.659747769477954
2026-08-20,2026-10-26,7.506576572328948,7.342878677652159,7.674436440416057
2026-08-20,2026-10-27,7.509481332251574,7.348522865293924,7.674471253021939
2026-08-20,2026-10-28,7.5123860921742,7.347937268284076,7.686338645303027
2026-08-20,2026-10-29,7.515290852096826,7.347128484138575,7.689538287191859
2026-08-20,2026-10-30,7.5181956120194515,7.349409781061601,7.695248282512667
2026-08-20,2026-10-31,7.521100371942078,7.334882315805648,7.7093705012260605
2026-08-20,2026-11-01,7.524005131864704,7.338060410214415,7.706711365370663
2026-08-20,2026-11-02,7.52690989178733,7.340679537675682,7.712625006149255
2026-08-20,2026-11-03,7.529814651709955,7.338174464469544,7.722488101866797
2026-08-20,2026-11-04,7.532719411632581,7.339112236696657,7.725307150278273
2026-08-20,2026-11-05,7.535624171555208,7.337111461616749,7.736799575801746
2026-08-20,2026-11-06,7.538528931477832,7.333063394034904,7.747575479205418
2026-08-20,2026-11-07,7.541433691400457,7.335096871206709,7.755968287125628
2026-08-20,2026-11-08,7.544338451323084,7.336532097207114,7.756452772638515
2026-08-20,2026-11-09,7.54724321124571,7.348578428257159,7.766001645691135
2026-08-20,2026-11-10,7.550147971168336,7.342161874368682,7.770238297762782
2026-08-20,2026-11-11,7.553052731090961,7.339417419321722,7.783911864937331
2026-08-20,2026-11-12,7.555957491013587,7.334430728551076,7.779652043230253
2026-08-20,2026-11-13,7.558862250936214,7.32686112927332,7.803620096580721
2026-08-20,2026-11-14,7.56176701085884,7.322661361568971,7.782436682044357
2026-08-20,2026-11-15,7.564671770781465,7.328354951229505,7.8135057348395
2026-08-20,2026-11-16,7.567576530704091,7.327361981223844,7.831653740983892
2026-08-20,2026-11-17,7.570481290626717,7.329525292051631,7.825631453465845
2026-08-20,2026-11-18,7.573386050549343,7.3240840795483155,7.82039923387598
2026-08-21,2026-08-22,7.324243748747725,7.261784686568609,7.384361170572373
2026-08-21,2026-08-23,7.327218987786776,7.265177835622434,7.386944901198333
2026-08-21,2026-08-24,7.330194226825827,7.264874117419494,7.391213341790713
2026-08-21,2026-08-25,7.333169465864879,7.273336570867061,7.399156147766998
2026-08-21,2026-08-26,7.33614470490393,7.275490211899643,7.400712467182116
2026-08-21,2026-08-27,7.339119943942981,7.279751421540406,7.403447932538066
2026-08-21,2026-08-28,7.342095182982032,7.278772048879739,7.400222044832003
2026-08-21,2026-08-29,7.345070422021083,7.283154771289836,7.408189269767437
2026-08-21,2026-08-30,7.348045661060134,7.287490752316395,7.417668304124385
2026-08-21,2026-08-31,7.3510209000991855,7.286712620668897,7.413876109849518
2026-08-21,2026-09-01,7.3539961391382365,7.291560181319619,7.41483160498856
2026-08-21,2026-09-02,7.356971378177287,7.29420264777085,7.420386032725239
2026-08-21,2026-09-03,7.359946617216339,7.296385021211831,7.421404678543982
2026-08-21,2026-09-04,7.36292185625539,7.300328665340118,7.425969860836722
2026-08-21,2026-09-05,7.365897095294441,7.30385610139084,7.427512076987322
2026-08-21,2026-09-06,7.368872334333492,7.305885602827208,7.440650458596891
2026-08-21,2026-09-07,7.371847573372543,7.306910624915911,7.4327827884120605
2026-08-21,2026-09-08,7.374822812411594,7.308969280940139,7.439105803243756
2026-08-21,2026-09-09,7.377798051450646,7.306917677738011,7.440039151306529
2026-08-21,2026-09-10,7.380773290489697,7.316607688054731,7.447355204299481
2026-08-21,2026-09-11,7.383748529528748,7.321427219241986,7.445460792645246
2026-08-21,2026-09-12,7.386723768567799,7.319100559213436,7.455698779345568
2026-08-21,2026-09-13,7.38969900760685,7.320047045890106,7.455181971435599
2026-08-21,2026-09-14,7.392674246645901,7.325761663640089,7.462337617282078
2026-08-21,2026-09-15,7.395649485684952,7.327703157427346,7.466726177975924
2026-08-21,2026-09-16,7.398624724724003,7.324607444191782,7.470138103894003
2026-08-21,2026-09-17,7.401599963763054,7.329279724817214,7.477368524775616
2026-08-21,2026-09-18,7.404575202802106,7.334733648753078,7.477073043827255
2026-08-21,2026-09-19,7.407550441841156,7.329790962756253,7.480487458299335
2026-08-21,2026-09-20,7.410525680880208,7.3390309681563455,7.48702454457515
2026-08-21,2026-09-21,7.41350091991926,7.338658743934813,7.492261418621906
2026-08-21,2026-09-22,7.416476158958311,7.333978007214261,7.497181003982122
2026-08-21,2026-09-23,7.419451397997362,7.341029960866107,7.500441274562794
2026-08-21,2026-09-24,7.422426637036413,7.346538917497797,7.503065743257161
2026-08-21,2026-09-25,7.425401876075464,7.335241129627208,7.508218018181942
2026-08-21,2026-09-26,7.428377115114515,7.346364799923579,7.510302588132329
2026-08-21,2026-09-27,7.431352354153566,7.352688646175651,7.515425582699508
2026-08-21,2026-09-28,7.434327593192616,7.350132565083569,7.524346767312125
2026-08-21,2026-09-29,7.437302832231668,7.351694869597291,7.526469310419425
2026-08-21,2026-09-30,7.44027807127072,7.354737488632749,7.52740946617519
2026-08-21,2026-10-01,7.443253310309771,7.351463575807399,7.527949099628878
2026-08-21,2026-10-02,7.446228549348822,7.350543566628534,7.538926333315407
2026-08-21,2026-10-03,7.449203788387873,7.349386130139042,7.541638599573716
2026-08-21,2026-10-04,7.452179027426924,7.352143910149816,7.538559724814469
2026-08-21,2026-10-05,7.455154266465975,7.359292064355498,7.5540727788993
2026-08-21,2026-10-06,7.458129505505027,7.359767639113567,7.55600073833238
2026-08-21,2026-10-07,7.461104744544077,7.357189287780895,7.564422966361195
2026-08-21,2026-10-08,7.464079983583129,7.353765244448731,7.564751055393987
2026-08-21,2026-10-09,7.46705522262218,7.353937239587013,7.574797509876627
2026-08-21,2026-10-10,7.470030461661231,7.354433093391951,7.584638369029546
2026-08-21,2026-10-11,7.473005700700282,7.355370855623839,7.587736824776218
2026-08-21,2026-10-12,7.475980939739333,7.353434557647501,7.592764160219778
2026-08-21,2026-10-13,7.478956178778384,7.358029709005622,7.588092809474421
2026-08-21,2026-10-14,7.481931417817435,7.358680657785151,7.600559962720486
2026-08-21,2026-10-15,7.484906656856486,7.369717677683263,7.611517374349
2026-08-21,2026-10-16,7.487881895895537,7.363993854435938,7.615921993717201
2026-08-21,2026-10-17,7.490857134934588,7.365890822893442,7.613605476422952
2026-08-21,2026-10-18,7.493832373973641,7.349740951654087,7.625809098568395
2026-08-21,2026-10-19,7.496807613012692,7.36536009920933,7.636298224089431
2026-08-21,2026-10-20,7.499782852051743,7.35994137205204,7.632789527459942
2026-08-21,2026-10-21,7.502758091090794,7.364242369923684,7.648015195352515
2026-08-21,2026-10-22,7.505733330129845,7.363599943589913,7.642178090690229
2026-08-21,2026-10-23,7.508708569168895,7.368183013017158,7.6623263910474435
2026-08-21,2026-10-24,7.511683808207948,7.364098861147955,7.657213288797107
2026-08-21,2026-10-25,7.514659047246997,7.362380193816463,7.671445322535835
2026-08-21,2026-10-26,7.51763428628605,7.364505754226359,7.672997096041653
2026-08-21,2026-10-27,7.520609525325101,7.372810128817417,7.682682563497926
2026-08-21,2026-10-28,7.523584764364152,7.365659488123427,7.690736595756153
2026-08-21,2026-10-29,7.526560003403203,7.370745375743283,7.695316259899389
2026-08-21,2026-10-30,7.529535242442254,7.369242045802059,7.69320757499027
2026-08-21,2026-10-31,7.532510481481305,7.366196588682462,7.702437826495382
2026-08-21,2026-11-01,7.535485720520356,7.364116149290722,7.714075987695591
2026-08-21,2026-11-02,7.538460959559407,7.352176532731005,7.721122626863528
2026-08-21,2026-11-03,7.541436198598458,7.365319079647013,7.727381431404573
2026-08-21,2026-11-04,7.544411437637509,7.364443085942099,7.724716339268433
2026-08-21,2026-11-05,7.547386676676561,7.36010336119239,7.743630098352451
2026-08-21,2026-11-06,7.550361915715612,7.356912811799713,7.746228655631889
2026-08-21,2026-11-07,7.553337154754663,7.371705431913205,7.747039182349427
2026-08-21,2026-11-08,7.556312393793714,7.360286525010722,7.762051367103476
2026-08-21,2026-11-09,7.559287632832765,7.362723208282216,7.769881553218761
2026-08-21,2026-11-10,7.562262871871816,7.361216181830795,7.777588593716539
2026-08-21,2026-11-11,7.565238110910869,7.352376948735924,7.779742868412237
2026-08-21,2026-11-12,7.568213349949918,7.359736957473165,7.77594789512944
2026-08-21,2026-11-13,7.571188588988971,7.368625002778628,7.785268448793651
2026-08-21,2026-11-14,7.574163828028022,7.358298606955394,7.80268587663586
2026-08-21,2026-11-15,7.577139067067073,7.362218364041625,7.811707944661544
2026-08-21,2026-11-16,7.580114306106124,7.355783326719473,7.814852653598313
2026-08-21,2026-11-17,7.5830895451451745,7.3568258585837265,7.820815076672098
2026-08-21,2026-11-18,7.5860647841842255,7.352895737387612,7.839191333215679
2026-08-21,2026-11-19,7.589040023223276,7.351921953323806,7.847292440885709
2026-08-22,2026-08-22,7.324243748747725,7.266160779731966,7.389840920304915
2026-08-22,2026-08-23,7.327218987786776,7.264022427786846,7.392893019168756
2026-08-22,2026-08-24,7.330194226825827,7.267031367823842,7.3920709369086595
2026-08-22,2026-08-25,7.333169465864879,7.272913947701127,7.393896828204885
2026-08-22,2026-08-26,7.33614470490393,7.274202818286244,7.397028949937986
2026-08-22,2026-08-27,7.339119943942981,7.276656118037429,7.398487115225104
2026-08-22,2026-08-28,7.342095182982032,7.279421137588123,7.409919541745856
2026-08-22,2026-08-29,7.345070422021083,7.278830021661171,7.412521697082977
2026-08-22,2026-08-30,7.348045661060134,7.285746692318071,7.417155279969695
2026-08-22,2026-08-31,7.3510209000991855,7.287668664379953,7.417947410082683
2026-08-22,2026-09-01,7.3539961391382365,7.2913961310791775,7.423819308864954
2026-08-22,2026-09-02,7.356971378177287,7.292820258257863,7.423883876265392
2026-08-22,2026-09-03,7.359946617216339,7.302421451316457,7.423482454804525
2026-08-22,2026-09-04,7.36292185625539,7.3014994888894975,7.429900831415111
2026-08-22,2026-09-05,7.365897095294441,7.302206762328769,7.434764356591992
2026-08-22,2026-09-06,7.368872334333492,7.306966014721309,7.432666713866336
2026-08-22,2026-09-07,7.371847573372543,7.304805392561779,7.436530435569419
2026-08-22,2026-09-08,7.374822812411594,7.309726648632254,7.448158443231764
2026-08-22,2026-09-09,7.377798051450646,7.310905218892009,7.4398953760025694
2026-08-22,2026-09-10,7.380773290489697,7.315793153957781,7.449065055122475
2026-08-22,2026-09-11,7.383748529528748,7.318421665484663,7.452512862774911
2026-08-22,2026-09-12,7.386723768567799,7.3189661226632,7.453310962510597
2026-08-22,2026-09-13,7.38969900760685,7.31543138348964,7.459254851737279
2026-08-22,2026-09-14,7.392674246645901,7.323744955611894,7.461687619130247
2026-08-22,2026-09-15,7.395649485684952,7.329556564670524,7.468479257125037
2026-08-22,2026-09-16,7.398624724724003,7.329786216795671,7.469903903821647
2026-08-22,2026-09-17,7.401599963763054,7.328925714200236,7.477931966510574
2026-08-22,2026-09-18,7.404575202802106,7.341106919964508,7.478581855362055
2026-08-22,2026-09-19,7.407550441841156,7.335562134939051,7.4838157024479
2026-08-22,2026-09-20,7.410525680880208,7.334886174729427,7.488645085806947
2026-08-22,2026-09-21,7.41350091991926,7.339119084843175,7.496020603880531
2026-08-22,2026-09-22,7.416476158958311,7.3410838066030015,7.495232588068141
2026-08-22,2026-09-23,7.419451397997362,7.345183117757181,7.504069968094896
2026-08-22,2026-09-24,7.422426637036413,7.351075255094065,7.506523909331624
2026-08-22,2026-09-25,7.425401876075464,7.347066596412479,7.514834264323319
2026-08-22,2026-09-26,7.428377115114515,7.3534182750333885,7.51741201739301
2026-08-22,2026-09-27,7.431352354153566,7.352674802945323,7.525676536880449
2026-08-22,2026-09-28,7.434327593192616,7.349242744004752,7.52362414009781
2026-08-22,2026-09-29,7.437302832231668,7.347400607922344,7.528057282998011
2026-08-22,2026-09-30,7.44027807127072,7.352903678996902,7.536529140073743
2026-08-22,2026-10-01,7.443253310309771,7.359330515484811,7.539235564954789
2026-08-22,2026-10-02,7.446228549348822,7.352007580669586,7.543788445216145
2026-08-22,2026-10-03,7.449203788387873,7.357652536232566,7.548153465455109
2026-08-22,2026-10-04,7.452179027426924,7.358278189120391,7.554913522945563
2026-08-22,2026-10-05,7.455154266465975,7.360346393934062,7.558577315554509
2026-08-22,2026-10-06,7.458129505505027,7.361719015667806,7.568853697489271
2026-08-22,2026-10-07,7.461104744544077,7.363876631647527,7.576242161039223
2026-08-22,2026-10-08,7.464079983583129,7.360465733596786,7.572973668991129
2026-08-22,2026-10-09,7.46705522262218,7.363098658227321,7.584951978212106
2026-08-22,2026-10-10,7.470030461661231,7.362708474517272,7.586172505914962
2026-08-22,2026-10-11,7.473005700700282,7.355102063479231,7.59467036149113
2026-08-22,2026-10-12,7.475980939739333,7.368648455895935,7.597588407139989
2026-08-22,2026-10-13,7.478956178778384,7.369746812714951,7.604655539097835
2026-08-22,2026-10-14,7.481931417817435,7.365763862532048,7.611082506882364
2026-08-22,2026-10-15,7.484906656856486,7.363729769497401,7.61953650167603
2026-08-22,2026-10-16,7.487881895895537,7.371075757210336,7.623436735355354
2026-08-22,2026-10-17,7.490857134934588,7.3711718253681555,7.630717772063237
2026-08-22,2026-10-18,7.493832373973641,7.355288230635089,7.643100085444529
2026-08-22,2026-10-19,7.496807613012692,7.373629337035596,7.638167079964718
2026-08-22,2026-10-20,7.499782852051743,7.359570916611402,7.6470981966370095
2026-08-22,2026-10-21,7.502758091090794,7.37639892500441,7.654809233043488
2026-08-22,2026-10-22,7.505733330129845,7.370389161010475,7.658040118063343
2026-08-22,2026-10-23,7.508708569168895,7.366763055381986,7.664456667670136
2026-08-22,2026-10-24,7.511683808207948,7.363392974871241,7.665961306245928
2026-08-22,2026-10-25,7.514659047246997,7.377283487770773,7.679876045206824
2026-08-22,2026-10-26,7.51763428628605,7.370256954384433,7.679175780938006
2026-08-22,2026-10-27,7.520609525325101,7.37508560077846,7.683628616737872
2026-08-22,2026-10-28,7.523584764364152,7.366047248932054,7.695729264374492
2026-08-22,2026-10-29,7.526560003403203,7.366014100559928,7.708413400566275
2026-08-22,2026-10-30,7.529535242442254,7.365214129823351,7.718074005924109
2026-08-22,2026-10-31,7.532510481481305,7.359275279573472,7.71933863321952
2026-08-22,2026-11-01,7.535485720520356,7.3569593897263,7.716594215089671
2026-08-22,2026-11-02,7.538460959559407,7.360619795027925,7.724019198440994
2026-08-22,2026-11-03,7.541436198598458,7.370479607044922,7.738606100625006
2026-08-22,2026-11-04,7.544411437637509,7.363165046771997,7.735307287516624
2026-08-22,2026-11-05,7.547386676676561,7.360393459829964,7.7497279239453745
2026-08-22,2026-11-06,7.550361915715612,7.356063451712872,7.757524638126225
2026-08-22,2026-11-07,7.553337154754663,7.361537807509375,7.758097144167534
2026-08-22,2026-11-08,7.556312393793714,7.365441579521055,7.779419138151643
2026-08-22,2026-11-09,7.559287632832765,7.363676355788413,7.777976357279188
2026-08-22,2026-11-10,7.562262871871816,7.364645332763397,7.776529898981606
2026-08-22,2026-11-11,7.565238110910869,7.372359688637518,7.792307077454991
2026-08-22,2026-11-12,7.568213349949918,7.35865422367638,7.800175126927103
2026-08-22,2026-11-13,7.571188588988971,7.358121945219088,7.805987203518547
2026-08-22,2026-11-14,7.574163828028022,7.360709429455806,7.800593624618525
2026-08-22,2026-11-15,7.577139067067073,7.363189177359449,7.812185619391482
2026-08-22,2026-11-16,7.580114306106124,7.358430203923326,7.8110667962923745
2026-08-22,2026-11-17,7.5830895451451745,7.339388456856099,7.818314663871501
2026-08-22,2026-11-18,7.5860647841842255,7.363339086241569,7.834867973771103
2026-08-22,2026-11-19,7.589040023223276,7.349518136183112,7.845053686500863
2026-08-23,2026-08-22,7.324243748747725,7.25936336650319,7.381689974295621
2026-08-23,2026-08-23,7.327218987786776,7.260553980959289,7.386426979655807
2026-08-23,2026-08-24,7.330194226825827,7.270030723592051,7.390331839102825
2026-08-23,2026-08-25,7.333169465864879,7.268318862137985,7.395970300876695
2026-08-23,2026-08-26,7.33614470490393,7.275961572123336,7.3997581336933065
2026-08-23,2026-08-27,7.339119943942981,7.276057099973066,7.405376443732105
2026-08-23,2026-08-28,7.342095182982032,7.279700975347935,7.410738318083996
2026-08-23,2026-08-29,7.345070422021083,7.286192292548148,7.405384104344836
2026-08-23,2026-08-30,7.348045661060134,7.289200359713796,7.409206475529021
2026-08-23,2026-08-31,7.3510209000991855,7.288616717882704,7.412451083821405
2026-08-23,2026-09-01,7.3539961391382365,7.2938666589652685,7.4188100770762855
2026-08-23,2026-09-02,7.356971378177287,7.296785749992619,7.417625552758095
2026-08-23,2026-09-03,7.359946617216339,7.293964488324067,7.422626367250242
2026-08-23,2026-09-04,7.36292185625539,7.296549199563481,7.422151987672777
2026-08-23,2026-09-05,7.365897095294441,7.3016528250048935,7.428602200835387
2026-08-23,2026-09-06,7.368872334333492,7.303927891801562,7.43203980771025
2026-08-23,2026-09-07,7.371847573372543,7.307052313424904,7.434548769382606
2026-08-23,2026-09-08,7.374822812411594,7.310865249152759,7.438523311630521
2026-08-23,2026-09-09,7.377798051450646,7.309867673396522,7.44291205530368
2026-08-23,2026-09-10,7.380773290489697,7.315008502038493,7.446287768757695
2026-08-23,2026-09-11,7.383748529528748,7.315223546161939,7.449038159738963
2026-08-23,2026-09-12,7.3867237685677996,7.316697485437636,7.458795040258985
2026-08-23,2026-09-13,7.3896990076068505,7.321140882350202,7.4607874213081
2026-08-23,2026-09-14,7.3926742466459014,7.323316858178912,7.467521045399085
2026-08-23,2026-09-15,7.395649485684952,7.326120635322757,7.461989094498628
2026-08-23,2026-09-16,7.398624724724003,7.331595205129622,7.469559389760547
2026-08-23,2026-09-17,7.401599963763054,7.3263110408077585,7.478048864067396
2026-08-23,2026-09-18,7.404575202802106,7.33353845343559,7.473632502131837
2026-08-23,2026-09-19,7.407550441841156,7.334553297926055,7.483353236530943
2026-08-23,2026-09-20,7.410525680880208,7.338481432375296,7.48760031907536
2026-08-23,2026-09-21,7.41350091991926,7.33674106581186,7.494650637453493
2026-08-23,2026-09-22,7.416476158958311,7.337044971494865,7.496214361833137
2026-08-23,2026-09-23,7.419451397997362,7.337906181287686,7.499369092246794
2026-08-23,2026-09-24,7.422426637036413,7.342921097494754,7.502720739467164
2026-08-23,2026-09-25,7.425401876075464,7.346245833489425,7.509933247924263
2026-08-23,2026-09-26,7.428377115114515,7.3448991194230855,7.512783517661095
2026-08-23,2026-09-27,7.431352354153566,7.352205068561298,7.520479835376788
2026-08-23,2026-09-28,7.4343275931926165,7.353381234808156,7.521779635643894
2026-08-23,2026-09-29,7.437302832231668,7.351275050348016,7.52940117158734
2026-08-23,2026-09-30,7.44027807127072,7.353879822305999,7.535402053024699
2026-08-23,2026-10-01,7.443253310309771,7.362617480809418,7.5324010928718215
2026-08-23,2026-10-02,7.446228549348822,7.353314058449073,7.54463350338912
2026-08-23,2026-10-03,7.449203788387873,7.359257611226078,7.546698456163289
2026-08-23,2026-10-04,7.452179027426924,7.358294067079107,7.551005081363256
2026-08-23,2026-10-05,7.455154266465975,7.357920792098563,7.561138094742121
2026-08-23,2026-10-06,7.458129505505027,7.362051554950098,7.558872333746429
2026-08-23,2026-10-07,7.461104744544077,7.36198051337659,7.567819333315394
2026-08-23,2026-10-08,7.464079983583129,7.359429798817264,7.568885382770191
2026-08-23,2026-10-09,7.4670552226221805,7.36447668999629,7.580772655309405
2026-08-23,2026-10-10,7.470030461661231,7.359370440279036,7.583608592832824
2026-08-23,2026-10-11,7.473005700700282,7.364220837014949,7.59296606107944
2026-08-23,2026-10-12,7.475980939739333,7.366494656766422,7.597314424490382
2026-08-23,2026-10-13,7.478956178778384,7.36139812284049,7.604428293057745
2026-08-23,2026-10-14,7.481931417817435,7.362649981157533,7.608850624790035
2026-08-23,2026-10-15,7.484906656856486,7.375010003005871,7.607917829396783
2026-08-23,2026-10-16,7.487881895895537,7.369218528423278,7.603089151982257
2026-08-23,2026-10-17,7.490857134934588,7.371500319766678,7.6212288277658935
2026-08-23,2026-10-18,7.493832373973641,7.369797116958933,7.629003700894486
2026-08-23,2026-10-19,7.496807613012692,7.368616564451418,7.6363082541561935
2026-08-23,2026-10-20,7.499782852051743,7.368871797660295,7.6414374853529194
2026-08-23,2026-10-21,7.502758091090794,7.365540010054131,7.642681242943461
2026-08-23,2026-10-22,7.505733330129845,7.371517169621534,7.652499694694977
2026-08-23,2026-10-23,7.5087085691688955,7.371066387393964,7.65797202326592
2026-08-23,2026-10-24,7.511683808207948,7.365721162371254,7.661064996895309
2026-08-23,2026-10-25,7.514659047246997,7.372329396844551,7.6746861587800215
2026-08-23,2026-10-26,7.51763428628605,7.372662113103562,7.677076208185651
2026-08-23,2026-10-27,7.520609525325101,7.370706927096497,7.678139285261821
2026-08-23,2026-10-28,7.523584764364152,7.365318183636121,7.692219460365324
2026-08-23,2026-10-29,7.526560003403203,7.371753144294983,7.694208005042474
2026-08-23,2026-10-30,7.529535242442254,7.369226671757027,7.701569564803588
2026-08-23,2026-10-31,7.532510481481305,7.3630745138788605,7.7170058476134304
2026-08-23,2026-11-01,7.535485720520356,7.365925751129244,7.723897300347472
2026-08-23,2026-11-02,7.538460959559407,7.365009955357295,7.72637005974904
2026-08-23,2026-11-03,7.541436198598458,7.357371552697774,7.736022385064298
2026-08-23,2026-11-04,7.544411437637509,7.353841848803461,7.7357108544363085
2026-08-23,2026-11-05,7.547386676676561,7.373208769166174,7.748951902979998
2026-08-23,2026-11-06,7.550361915715612,7.360441720827893,7.75020100290402
2026-08-23,2026-11-07,7.553337154754663,7.358242183005468,7.767407587832178
2026-08-23,2026-11-08,7.556312393793714,7.370194003778041,7.754359015979813
2026-08-23,2026-11-09,7.559287632832765,7.35735863528539,7.766192612045714
2026-08-23,2026-11-10,7.562262871871816,7.364435501927974,7.768974789372475
2026-08-23,2026-11-11,7.565238110910869,7.356782826448109,7.786544164158108
2026-08-23,2026-11-12,7.568213349949918,7.361698112917289,7.787785925065802
2026-08-23,2026-11-13,7.571188588988971,7.347886230611517,7.79113491154523
2026-08-23,2026-11-14,7.574163828028022,7.365371520539621,7.8074188810192435
2026-08-23,2026-11-15,7.577139067067073,7.365856674843828,7.810687046886226
2026-08-23,2026-11-16,7.580114306106124,7.356233258978023,7.826339337560212
2026-08-23,2026-11-17,7.5830895451451745,7.346193523135447,7.829943940174498
2026-08-23,2026-11-18,7.5860647841842255,7.359408406780496,7.829292639853355
2026-08-23,2026-11-19,7.589040023223276,7.3554348798192,7.842256932713262
