generated_on,ds,yhat,yhat_lower,yhat_upper
2026-07-23,2026-07-23,27.56124808403713,27.48599871842073,27.632741053199
2026-07-23,2026-07-24,27.576631977554754,27.50159811610904,27.65544826731626
2026-07-23,2026-07-25,27.59175754002953,27.517553084421905,27.66847846745018
2026-07-23,2026-07-26,27.6068831025043,27.533026126935745,27.686102787934395
2026-07-23,2026-07-27,27.622008664979084,27.54422916525407,27.694777659906475
2026-07-23,2026-07-28,27.637134227453856,27.56114137148145,27.71675757018728
2026-07-23,2026-07-29,27.652259789928635,27.57855781159414,27.728535148581656
2026-07-23,2026-07-30,27.667385352403404,27.58536188540194,27.737902426650027
2026-07-23,2026-07-31,27.682510914878183,27.609837522456505,27.764761814047112
2026-07-23,2026-08-01,27.697636477352965,27.62127010026691,27.77651697561912
2026-07-23,2026-08-02,27.712762039827737,27.63025222512896,27.788074438838823
2026-07-23,2026-08-03,27.72788760230252,27.646107193211204,27.805652581507417
2026-07-23,2026-08-04,27.743013164777285,27.668230173772884,27.82621848217239
2026-07-23,2026-08-05,27.75813872725206,27.67883824054884,27.8412572099035
2026-07-23,2026-08-06,27.77326428972684,27.694096558510413,27.85751235954368
2026-07-23,2026-08-07,27.78838985220161,27.703136575889907,27.867590219373444
2026-07-23,2026-08-08,27.803515414676387,27.72846638461703,27.885620084909547
2026-07-23,2026-08-09,27.81864097715117,27.7338835825408,27.90159594437037
2026-07-23,2026-08-10,27.83376653962594,27.745165695159304,27.92066816448866
2026-07-23,2026-08-11,27.84889210210072,27.763187915189903,27.94122929253945
2026-07-23,2026-08-12,27.864017664575496,27.776063011824792,27.94776403913896
2026-07-23,2026-08-13,27.879143227050267,27.787941600209056,27.96836501954618
2026-07-23,2026-08-14,27.894268789525043,27.80090774618553,27.9811052087422
2026-07-23,2026-08-15,27.909394351999826,27.816160887694824,28.002827252382293
2026-07-23,2026-08-16,27.9245199144746,27.83104392383524,28.01275010815247
2026-07-23,2026-08-17,27.93964547694937,27.84727421159242,28.039322761280825
2026-07-23,2026-08-18,27.954771039424152,27.855460307032388,28.053449375936204
2026-07-23,2026-08-19,27.969896601898924,27.87548881108363,28.06526287317876
2026-07-23,2026-08-20,27.9850221643737,27.884935032739577,28.08907609549041
2026-07-23,2026-08-21,28.00014772684848,27.89132051737092,28.100988955309223
2026-07-23,2026-08-22,28.01527328932325,27.90333557776867,28.12203606563088
2026-07-23,2026-08-23,28.030398851798022,27.91523922290968,28.13876421846873
2026-07-23,2026-08-24,28.045524414272805,27.93679446610678,28.15674609540492
2026-07-23,2026-08-25,28.06064997674758,27.93379748119828,28.17187186233836
2026-07-23,2026-08-26,28.075775539222352,27.95930884849474,28.195728010756863
2026-07-23,2026-08-27,28.09090110169713,27.968843385392105,28.20454384424914
2026-07-23,2026-08-28,28.106026664171907,27.98558458870617,28.22828169603144
2026-07-23,2026-08-29,28.12115222664668,27.991792211988763,28.26145926243788
2026-07-23,2026-08-30,28.13627778912146,27.99717763545484,28.261190391998504
2026-07-23,2026-08-31,28.15140335159624,28.008008195697293,28.29626484904004
2026-07-23,2026-09-01,28.16652891407101,28.0260752971024,28.313469601805853
2026-07-23,2026-09-02,28.181654476545788,28.03037333393992,28.314760156126564
2026-07-23,2026-09-03,28.196780039020563,28.045834379390868,28.34839964290017
2026-07-23,2026-09-04,28.21190560149533,28.05306405142712,28.372208479651217
2026-07-23,2026-09-05,28.22703116397012,28.067028734579846,28.38909743065448
2026-07-23,2026-09-06,28.24215672644489,28.063196922644885,28.418591746555023
2026-07-23,2026-09-07,28.257282288919665,28.098522547962425,28.431796170033746
2026-07-23,2026-09-08,28.27240785139444,28.091422516031702,28.443076792348347
2026-07-23,2026-09-09,28.28753341386922,28.102355261524995,28.482845656030022
2026-07-23,2026-09-10,28.30265897634399,28.112782785322107,28.48332203598442
2026-07-23,2026-09-11,28.31778453881877,28.118280786072525,28.505514798794568
2026-07-23,2026-09-12,28.332910101293542,28.12525761681654,28.52475013868065
2026-07-23,2026-09-13,28.34803566376832,28.12714527414976,28.56406252168544
2026-07-23,2026-09-14,28.363161226243093,28.16093833341225,28.574375015191773
2026-07-23,2026-09-15,28.378286788717872,28.15762673819752,28.589653171431365
2026-07-23,2026-09-16,28.393412351192648,28.14803487141999,28.6168157343368
2026-07-23,2026-09-17,28.40853791366742,28.1632450519526,28.639677414993887
2026-07-23,2026-09-18,28.423663476142195,28.184610408589023,28.66669897286367
2026-07-23,2026-09-19,28.43878903861697,28.16901809259533,28.697348613122287
2026-07-23,2026-09-20,28.45391460109176,28.217964381842663,28.71133052703465
2026-07-23,2026-09-21,28.46904016356653,28.20992168351427,28.721337179305
2026-07-23,2026-09-22,28.4841657260413,28.212582384515528,28.743336474506687
2026-07-23,2026-09-23,28.49929128851608,28.237043890900164,28.7618763078732
2026-07-23,2026-09-24,28.51441685099085,28.24075001564209,28.793896730524885
2026-07-23,2026-09-25,28.52954241346563,28.250392054576054,28.80805975998353
2026-07-23,2026-09-26,28.544667975940403,28.25443070480738,28.84375576991717
2026-07-23,2026-09-27,28.55979353841517,28.27228428420553,28.85696245405809
2026-07-23,2026-09-28,28.57491910088996,28.27968572323755,28.875526040597684
2026-07-23,2026-09-29,28.590044663364733,28.28322120591299,28.897753124247245
2026-07-23,2026-09-30,28.605170225839505,28.276900200745885,28.939677555977504
2026-07-23,2026-10-01,28.620295788314284,28.29163243081036,28.93971145676519
2026-07-23,2026-10-02,28.63542135078906,28.31418831941614,28.966577767033552
2026-07-23,2026-10-03,28.650546913263835,28.31703145122325,28.98892330543535
2026-07-23,2026-10-04,28.665672475738614,28.32085530444194,29.01528617182473
2026-07-23,2026-10-05,28.680798038213386,28.34181547593916,29.031595068938813
2026-07-23,2026-10-06,28.69592360068816,28.339798913461795,29.061945000886016
2026-07-23,2026-10-07,28.71104916316294,28.34218089804231,29.07910228731076
2026-07-23,2026-10-08,28.72617472563772,28.34854443408909,29.10199421851128
2026-07-23,2026-10-09,28.741300288112487,28.36063462861864,29.12436032626447
2026-07-23,2026-10-10,28.75642585058727,28.36931540363036,29.15378102128974
2026-07-23,2026-10-11,28.77155141306204,28.386314963527017,29.18332009204024
2026-07-23,2026-10-12,28.786676975536817,28.39527296457531,29.21525085527505
2026-07-23,2026-10-13,28.8018025380116,28.40918861276892,29.220329665818497
2026-07-23,2026-10-14,28.81692810048637,28.393249427595386,29.23543621982517
2026-07-23,2026-10-15,28.832053662961144,28.416960124917924,29.260175391595887
2026-07-23,2026-10-16,28.847179225435923,28.417304593256755,29.29811591699091
2026-07-23,2026-10-17,28.8623047879107,28.421742282158203,29.324635102920308
2026-07-23,2026-10-18,28.87743035038547,28.419227986549096,29.33832945431886
2026-07-23,2026-10-19,28.892555912860253,28.428282665486577,29.35847874235018
2026-07-23,2026-10-20,28.907681475335025,28.44690304609436,29.37400952946513
2026-07-23,2026-10-21,28.9228070378098,28.457724419518097,29.404707059807222
2026-07-24,2026-07-25,27.591435038224464,27.513833308707987,27.66435572268631
2026-07-24,2026-07-26,27.60654470885122,27.52709858718745,27.68344923109913
2026-07-24,2026-07-27,27.621654379477977,27.54635876380484,27.69324385983132
2026-07-24,2026-07-28,27.63676405010473,27.560661038963243,27.71045339576909
2026-07-24,2026-07-29,27.65187372073149,27.57768603094124,27.727324846357654
2026-07-24,2026-07-30,27.666983391358247,27.594048335636504,27.73571248713333
2026-07-24,2026-07-31,27.68209306198501,27.60632607235385,27.747552682720915
2026-07-24,2026-08-01,27.697202732611768,27.616601766920365,27.7700897220436
2026-07-24,2026-08-02,27.712312403238524,27.638603472214825,27.78630196026292
2026-07-24,2026-08-03,27.72742207386528,27.649068190043582,27.809984495777595
2026-07-24,2026-08-04,27.74253174449204,27.66408319536461,27.82045823447281
2026-07-24,2026-08-05,27.7576414151188,27.67830697173348,27.83241665320164
2026-07-24,2026-08-06,27.77275108574555,27.6947459902606,27.85384693294448
2026-07-24,2026-08-07,27.787860756372314,27.70668846500978,27.86338337402078
2026-07-24,2026-08-08,27.80297042699907,27.72081643304453,27.880440748523785
2026-07-24,2026-08-09,27.818080097625828,27.735652971451582,27.89556925598166
2026-07-24,2026-08-10,27.833189768252584,27.754029769051087,27.91458989847879
2026-07-24,2026-08-11,27.84829943887934,27.76598566504174,27.93092351037599
2026-07-24,2026-08-12,27.863409109506104,27.77232073379542,27.95080490843236
2026-07-24,2026-08-13,27.87851878013286,27.78721802740224,27.96163579282049
2026-07-24,2026-08-14,27.893628450759618,27.80140908058849,27.98009465382012
2026-07-24,2026-08-15,27.90873812138637,27.81628913238629,27.998459379992845
2026-07-24,2026-08-16,27.92384779201313,27.83785837425605,28.00882007155929
2026-07-24,2026-08-17,27.938957462639888,27.84311488096035,28.02532394628389
2026-07-24,2026-08-18,27.954067133266644,27.852811251274755,28.043293766955767
2026-07-24,2026-08-19,27.9691768038934,27.88125847382977,28.058654617896824
2026-07-24,2026-08-20,27.98428647452016,27.88328102054555,28.07492727518585
2026-07-24,2026-08-21,27.99939614514692,27.89180899148309,28.096751289791204
2026-07-24,2026-08-22,28.01450581577368,27.90993101767668,28.115878469008805
2026-07-24,2026-08-23,28.029615486400434,27.92523370872069,28.1205478152985
2026-07-24,2026-08-24,28.04472515702719,27.93371425231817,28.143153865964404
2026-07-24,2026-08-25,28.059834827653948,27.946460544789165,28.161423743573625
2026-07-24,2026-08-26,28.07494449828071,27.960566618389446,28.16817000553445
2026-07-24,2026-08-27,28.09005416890746,27.963832673167783,28.19774189507997
2026-07-24,2026-08-28,28.105163839534224,27.981258707313472,28.2146234467018
2026-07-24,2026-08-29,28.12027351016098,27.9864062877606,28.223957186721115
2026-07-24,2026-08-30,28.135383180787738,28.003133049149312,28.252684547865133
2026-07-24,2026-08-31,28.15049285141449,28.0092846548625,28.26077511897109
2026-07-24,2026-09-01,28.16560252204125,28.032574265577967,28.278397315070944
2026-07-24,2026-09-02,28.18071219266801,28.03865591685968,28.29648890744941
2026-07-24,2026-09-03,28.19582186329477,28.04984962457214,28.328883019356503
2026-07-24,2026-09-04,28.210931533921528,28.05155032608636,28.339652809413245
2026-07-24,2026-09-05,28.226041204548284,28.079343932101647,28.356838802125136
2026-07-24,2026-09-06,28.24115087517504,28.09029543967332,28.377793352889498
2026-07-24,2026-09-07,28.2562605458018,28.09606548626019,28.39272695794516
2026-07-24,2026-09-08,28.271370216428554,28.10392351799249,28.40443850570689
2026-07-24,2026-09-09,28.28647988705532,28.10758911751713,28.436244577767845
2026-07-24,2026-09-10,28.301589557682075,28.124592196795483,28.45460025652095
2026-07-24,2026-09-11,28.31669922830883,28.13200352669913,28.483851789400635
2026-07-24,2026-09-12,28.331808898935588,28.135078505529584,28.495981738748565
2026-07-24,2026-09-13,28.346918569562344,28.145696635276,28.52430582822453
2026-07-24,2026-09-14,28.3620282401891,28.170410032111832,28.52193874060647
2026-07-24,2026-09-15,28.377137910815858,28.167534463436603,28.56490649176541
2026-07-24,2026-09-16,28.39224758144262,28.17322126919529,28.573147839083205
2026-07-24,2026-09-17,28.40735725206937,28.18875818920846,28.59794815482266
2026-07-24,2026-09-18,28.42246692269613,28.18949698687507,28.6108336164236
2026-07-24,2026-09-19,28.43757659332289,28.20203654022521,28.63704713213568
2026-07-24,2026-09-20,28.452686263949648,28.2165221682367,28.652111493234223
2026-07-24,2026-09-21,28.467795934576408,28.22272421716228,28.6654199219176
2026-07-24,2026-09-22,28.482905605203165,28.23209192526766,28.6962800762054
2026-07-24,2026-09-23,28.498015275829925,28.235076297519644,28.72576779561685
2026-07-24,2026-09-24,28.51312494645668,28.249342448452524,28.738379495424336
2026-07-24,2026-09-25,28.52823461708344,28.2650355048068,28.75797829623422
2026-07-24,2026-09-26,28.543344287710195,28.25168324379719,28.77719766261197
2026-07-24,2026-09-27,28.55845395833695,28.256012618488093,28.80391064677883
2026-07-24,2026-09-28,28.57356362896371,28.293496695827905,28.83161103999364
2026-07-24,2026-09-29,28.588673299590468,28.295584623698502,28.85244984032833
2026-07-24,2026-09-30,28.603782970217225,28.29261649117806,28.8438735347978
2026-07-24,2026-10-01,28.618892640843985,28.308623889961947,28.88943747585222
2026-07-24,2026-10-02,28.63400231147074,28.314527763095604,28.91863476198344
2026-07-24,2026-10-03,28.64911198209749,28.32651589309165,28.940202504641107
2026-07-24,2026-10-04,28.66422165272425,28.321541475982663,28.95349827817639
2026-07-24,2026-10-05,28.67933132335101,28.33737683286989,28.96450155264796
2026-07-24,2026-10-06,28.694440993977768,28.337716694153773,28.9949094572328
2026-07-24,2026-10-07,28.709550664604528,28.3665226920726,29.00831739218471
2026-07-24,2026-10-08,28.724660335231285,28.368014849355475,29.043747740308586
2026-07-24,2026-10-09,28.739770005858045,28.37678111356657,29.06123875555744
2026-07-24,2026-10-10,28.7548796764848,28.369753319652688,29.076163855149098
2026-07-24,2026-10-11,28.76998934711156,28.380090991367982,29.0961160626758
2026-07-24,2026-10-12,28.78509901773832,28.36811809664768,29.12548299002117
2026-07-24,2026-10-13,28.800208688365075,28.40481063733408,29.14623242551904
2026-07-24,2026-10-14,28.81531835899183,28.3923501207128,29.180367562389023
2026-07-24,2026-10-15,28.830428029618588,28.41689729583581,29.206033895106845
2026-07-24,2026-10-16,28.845537700245345,28.39370861643697,29.22479955384652
2026-07-24,2026-10-17,28.86064737087211,28.426856634123894,29.22935149218153
2026-07-24,2026-10-18,28.875757041498865,28.413783742752194,29.25331494929641
2026-07-24,2026-10-19,28.89086671212562,28.43793408950629,29.28636555373761
2026-07-24,2026-10-20,28.90597638275237,28.426818291850548,29.285040428847186
2026-07-24,2026-10-21,28.92108605337913,28.42524492357899,29.31568917049172
2026-07-24,2026-10-22,28.93619572400589,28.45077536706456,29.350716789426333
2026-07-25,2026-07-25,27.591435038224464,27.51900066360676,27.665487298476325
2026-07-25,2026-07-26,27.60654470885122,27.534886330875143,27.68275109273868
2026-07-25,2026-07-27,27.621654379477977,27.546718385950893,27.6945751760955
2026-07-25,2026-07-28,27.63676405010473,27.56179144161753,27.708505525849272
2026-07-25,2026-07-29,27.65187372073149,27.578843359135817,27.72029700475555
2026-07-25,2026-07-30,27.666983391358247,27.58827212229176,27.742644946388133
2026-07-25,2026-07-31,27.68209306198501,27.60598083120161,27.75620119987317
2026-07-25,2026-08-01,27.697202732611768,27.624585534959856,27.77160607739999
2026-07-25,2026-08-02,27.712312403238524,27.639085941782422,27.7899314715861
2026-07-25,2026-08-03,27.72742207386528,27.65120156487909,27.805098001581936
2026-07-25,2026-08-04,27.74253174449204,27.668631077304543,27.8151298286613
2026-07-25,2026-08-05,27.7576414151188,27.67681839047998,27.832765453179864
2026-07-25,2026-08-06,27.77275108574555,27.695660712528127,27.85686416165817
2026-07-25,2026-08-07,27.787860756372314,27.71324687193525,27.865822634336585
2026-07-25,2026-08-08,27.80297042699907,27.727669543462376,27.8829368244334
2026-07-25,2026-08-09,27.818080097625828,27.73637964399844,27.90062978521549
2026-07-25,2026-08-10,27.833189768252584,27.752023914086447,27.91812038929505
2026-07-25,2026-08-11,27.84829943887934,27.76503413206105,27.93393288104697
2026-07-25,2026-08-12,27.863409109506104,27.787639952901493,27.947627432911435
2026-07-25,2026-08-13,27.87851878013286,27.79528174654916,27.96634328277326
2026-07-25,2026-08-14,27.893628450759618,27.80273786342943,27.97700973224876
2026-07-25,2026-08-15,27.90873812138637,27.824161573446588,28.001852827976904
2026-07-25,2026-08-16,27.92384779201313,27.83212325276831,28.01792972429636
2026-07-25,2026-08-17,27.938957462639888,27.85660508928796,28.033277658353533
2026-07-25,2026-08-18,27.954067133266644,27.86676578719077,28.0553303600006
2026-07-25,2026-08-19,27.9691768038934,27.87123825410608,28.07200488260709
2026-07-25,2026-08-20,27.98428647452016,27.88393670512958,28.086384645153487
2026-07-25,2026-08-21,27.99939614514692,27.903276063862865,28.108399097868475
2026-07-25,2026-08-22,28.01450581577368,27.91664779140664,28.124629968437866
2026-07-25,2026-08-23,28.029615486400434,27.93781275544385,28.13446957313333
2026-07-25,2026-08-24,28.04472515702719,27.94857427224364,28.16190675798836
2026-07-25,2026-08-25,28.059834827653948,27.958970398841785,28.175555703804072
2026-07-25,2026-08-26,28.07494449828071,27.963587265950096,28.197946247811885
2026-07-25,2026-08-27,28.09005416890746,27.97914017374337,28.21620996684187
2026-07-25,2026-08-28,28.105163839534224,27.98178004897948,28.23537741620427
2026-07-25,2026-08-29,28.12027351016098,28.00988842425719,28.252540809877605
2026-07-25,2026-08-30,28.135383180787738,28.02157466564313,28.271664463793027
2026-07-25,2026-08-31,28.15049285141449,28.028879290957367,28.285501807646924
2026-07-25,2026-09-01,28.16560252204125,28.026126622961893,28.32310530038992
2026-07-25,2026-09-02,28.18071219266801,28.04463422244666,28.33598912976743
2026-07-25,2026-09-03,28.19582186329477,28.06455289505564,28.34471329528918
2026-07-25,2026-09-04,28.210931533921528,28.08046983834999,28.363322163817816
2026-07-25,2026-09-05,28.226041204548284,28.079578999272503,28.38527660452623
2026-07-25,2026-09-06,28.24115087517504,28.10635970077289,28.41179875247357
2026-07-25,2026-09-07,28.2562605458018,28.09993367571836,28.431735338379504
2026-07-25,2026-09-08,28.271370216428554,28.11358515521324,28.449287593517106
2026-07-25,2026-09-09,28.28647988705532,28.11614575585031,28.47839351936777
2026-07-25,2026-09-10,28.301589557682075,28.12611997998476,28.494337496120124
2026-07-25,2026-09-11,28.31669922830883,28.136680473150896,28.511690357276223
2026-07-25,2026-09-12,28.331808898935588,28.14912741380781,28.553109198780216
2026-07-25,2026-09-13,28.346918569562344,28.16920140481327,28.574468594882507
2026-07-25,2026-09-14,28.3620282401891,28.181206859714088,28.57191835095069
2026-07-25,2026-09-15,28.377137910815858,28.179638854767628,28.60023621300802
2026-07-25,2026-09-16,28.39224758144262,28.182565863129422,28.623480137126688
2026-07-25,2026-09-17,28.40735725206937,28.199479464194223,28.65746559039367
2026-07-25,2026-09-18,28.42246692269613,28.21522532196608,28.66934053026911
2026-07-25,2026-09-19,28.43757659332289,28.221546339300108,28.67871151612693
2026-07-25,2026-09-20,28.452686263949648,28.2343315770648,28.719155291013173
2026-07-25,2026-09-21,28.467795934576408,28.24229568620008,28.717525036316168
2026-07-25,2026-09-22,28.482905605203165,28.25234557336073,28.75310355216264
2026-07-25,2026-09-23,28.498015275829925,28.26247309266473,28.77445748995069
2026-07-25,2026-09-24,28.51312494645668,28.261421842199365,28.799893796725964
2026-07-25,2026-09-25,28.52823461708344,28.27870508457281,28.82402480042341
2026-07-25,2026-09-26,28.543344287710195,28.277237263041464,28.83097374049704
2026-07-25,2026-09-27,28.55845395833695,28.25985977776252,28.86933598727947
2026-07-25,2026-09-28,28.57356362896371,28.29895085374762,28.88213671976385
2026-07-25,2026-09-29,28.588673299590468,28.314198364508105,28.903657641876457
2026-07-25,2026-09-30,28.603782970217225,28.31824402218756,28.926658315363937
2026-07-25,2026-10-01,28.618892640843985,28.33516729306356,28.94431093924373
2026-07-25,2026-10-02,28.63400231147074,28.34053358810568,28.975161413584416
2026-07-25,2026-10-03,28.64911198209749,28.34027265235468,28.9943980789103
2026-07-25,2026-10-04,28.66422165272425,28.34964795031929,29.00308973013379
2026-07-25,2026-10-05,28.67933132335101,28.35716751259708,29.0223854387644
2026-07-25,2026-10-06,28.694440993977768,28.363214993879385,29.05356016964287
2026-07-25,2026-10-07,28.709550664604528,28.382311477961924,29.070338619765284
2026-07-25,2026-10-08,28.724660335231285,28.389205789519373,29.095360524139533
2026-07-25,2026-10-09,28.739770005858045,28.397785444545715,29.131299883689955
2026-07-25,2026-10-10,28.7548796764848,28.38687643742592,29.152761938197308
2026-07-25,2026-10-11,28.76998934711156,28.416518749467915,29.18329229437284
2026-07-25,2026-10-12,28.78509901773832,28.413493280326087,29.206813030865334
2026-07-25,2026-10-13,28.800208688365075,28.43815191384353,29.212814276828496
2026-07-25,2026-10-14,28.81531835899183,28.437450515450664,29.23411928359096
2026-07-25,2026-10-15,28.830428029618588,28.428066137691605,29.256243811220457
2026-07-25,2026-10-16,28.845537700245345,28.45182351407147,29.301500792374767
2026-07-25,2026-10-17,28.86064737087211,28.45890006287828,29.327881461165337
2026-07-25,2026-10-18,28.875757041498865,28.46931733772091,29.330683540801186
2026-07-25,2026-10-19,28.89086671212562,28.474596349827355,29.361342645974386
2026-07-25,2026-10-20,28.90597638275237,28.473844934551565,29.361733784965608
2026-07-25,2026-10-21,28.92108605337913,28.490601613973062,29.40461675580467
2026-07-25,2026-10-22,28.93619572400589,28.50350349033776,29.40966953649776
2026-07-26,2026-07-25,27.591435038224464,27.516259205217512,27.667330002366484
2026-07-26,2026-07-26,27.60654470885122,27.53276220341652,27.677248738308137
2026-07-26,2026-07-27,27.621654379477977,27.548682054152493,27.69009050355845
2026-07-26,2026-07-28,27.63676405010473,27.56488276668852,27.71009225484807
2026-07-26,2026-07-29,27.65187372073149,27.580638965898384,27.72443539202242
2026-07-26,2026-07-30,27.666983391358247,27.592496506697245,27.74126356335784
2026-07-26,2026-07-31,27.68209306198501,27.608136995099628,27.75613794473389
2026-07-26,2026-08-01,27.697202732611768,27.620535026349188,27.76820271315852
2026-07-26,2026-08-02,27.712312403238524,27.635688967272657,27.78043033697784
2026-07-26,2026-08-03,27.72742207386528,27.65745519323321,27.802122600702763
2026-07-26,2026-08-04,27.74253174449204,27.66303469919633,27.81892435921448
2026-07-26,2026-08-05,27.7576414151188,27.678074358336463,27.834836392578303
2026-07-26,2026-08-06,27.77275108574555,27.69213505558052,27.850246513944725
2026-07-26,2026-08-07,27.787860756372314,27.6995749800582,27.862260887504345
2026-07-26,2026-08-08,27.80297042699907,27.713315879297767,27.880197075169782
2026-07-26,2026-08-09,27.818080097625828,27.7349199464671,27.89580073748972
2026-07-26,2026-08-10,27.833189768252584,27.749819036231504,27.915194822206228
2026-07-26,2026-08-11,27.84829943887934,27.7629114218504,27.92974464208336
2026-07-26,2026-08-12,27.863409109506104,27.78034231041443,27.94303232734731
2026-07-26,2026-08-13,27.87851878013286,27.795198444754146,27.96597384058474
2026-07-26,2026-08-14,27.893628450759618,27.80252575691128,27.9826665008036
2026-07-26,2026-08-15,27.90873812138637,27.818463689004425,27.99707288459295
2026-07-26,2026-08-16,27.92384779201313,27.83069609277731,28.01461391966909
2026-07-26,2026-08-17,27.938957462639888,27.84179018227209,28.029605735499405
2026-07-26,2026-08-18,27.954067133266644,27.85239528948168,28.05085303284927
2026-07-26,2026-08-19,27.9691768038934,27.873125108760657,28.06644172027808
2026-07-26,2026-08-20,27.98428647452016,27.88332514422644,28.080645130592742
2026-07-26,2026-08-21,27.99939614514692,27.90276271712416,28.10598085573287
2026-07-26,2026-08-22,28.01450581577368,27.9134886399453,28.115120694827027
2026-07-26,2026-08-23,28.029615486400434,27.929024732303937,28.13399579504778
2026-07-26,2026-08-24,28.04472515702719,27.93398864451611,28.150363433433554
2026-07-26,2026-08-25,28.059834827653948,27.955748663012475,28.183204005143573
2026-07-26,2026-08-26,28.07494449828071,27.94992102837257,28.18560113758672
2026-07-26,2026-08-27,28.09005416890746,27.97466277098768,28.20621312564857
2026-07-26,2026-08-28,28.105163839534224,27.987226680135887,28.2138732763778
2026-07-26,2026-08-29,28.12027351016098,27.99118458314575,28.249721636877
2026-07-26,2026-08-30,28.135383180787738,28.004852737052484,28.255647269148103
2026-07-26,2026-08-31,28.15049285141449,28.02134070186773,28.28088528237205
2026-07-26,2026-09-01,28.16560252204125,28.028410882628965,28.297927737255964
2026-07-26,2026-09-02,28.18071219266801,28.0471755802028,28.32181334148389
2026-07-26,2026-09-03,28.19582186329477,28.046547619611324,28.33668891178828
2026-07-26,2026-09-04,28.210931533921528,28.0659047803092,28.355244918343537
2026-07-26,2026-09-05,28.226041204548284,28.06623270004418,28.372582406442778
2026-07-26,2026-09-06,28.24115087517504,28.078233190329502,28.395606169394785
2026-07-26,2026-09-07,28.2562605458018,28.101323006521824,28.41431552432737
2026-07-26,2026-09-08,28.271370216428554,28.10159951310895,28.43252657118311
2026-07-26,2026-09-09,28.28647988705532,28.10832932448726,28.45580672270477
2026-07-26,2026-09-10,28.301589557682075,28.11521816607566,28.47789992564822
2026-07-26,2026-09-11,28.31669922830883,28.12390424563938,28.49051758566246
2026-07-26,2026-09-12,28.331808898935588,28.133828046809285,28.519566533572032
2026-07-26,2026-09-13,28.346918569562344,28.13898113385224,28.532333332408022
2026-07-26,2026-09-14,28.3620282401891,28.144726392104204,28.55854810776089
2026-07-26,2026-09-15,28.377137910815858,28.166159434546497,28.58069160776092
2026-07-26,2026-09-16,28.39224758144262,28.16939712058343,28.59625235338984
2026-07-26,2026-09-17,28.40735725206937,28.17347698732732,28.616770576691803
2026-07-26,2026-09-18,28.42246692269613,28.17377078237181,28.642356839261005
2026-07-26,2026-09-19,28.43757659332289,28.191734830107887,28.65783249123896
2026-07-26,2026-09-20,28.452686263949648,28.206153048185044,28.66685088043417
2026-07-26,2026-09-21,28.467795934576408,28.197350008366698,28.7031782375198
2026-07-26,2026-09-22,28.482905605203165,28.21009021279498,28.725818022285733
2026-07-26,2026-09-23,28.498015275829925,28.22131568257337,28.75483737615405
2026-07-26,2026-09-24,28.51312494645668,28.202307418855906,28.76497047951051
2026-07-26,2026-09-25,28.52823461708344,28.22986108459495,28.78131469184778
2026-07-26,2026-09-26,28.543344287710195,28.24296187510432,28.8063895661497
2026-07-26,2026-09-27,28.55845395833695,28.24437008535205,28.825256153099264
2026-07-26,2026-09-28,28.57356362896371,28.255619998446143,28.83916068672111
2026-07-26,2026-09-29,28.588673299590468,28.27234265354696,28.860773352341365
2026-07-26,2026-09-30,28.603782970217225,28.27842507897908,28.881590229635822
2026-07-26,2026-10-01,28.618892640843985,28.274193949368016,28.906471320105123
2026-07-26,2026-10-02,28.63400231147074,28.27077450598245,28.929760288262408
2026-07-26,2026-10-03,28.64911198209749,28.299340809795773,28.94824700627132
2026-07-26,2026-10-04,28.66422165272425,28.3122194815105,28.96271272064226
2026-07-26,2026-10-05,28.67933132335101,28.30855575589302,29.010401921056648
2026-07-26,2026-10-06,28.694440993977768,28.313764331171924,29.022085067415293
2026-07-26,2026-10-07,28.709550664604528,28.321144907511144,29.040668968908985
2026-07-26,2026-10-08,28.724660335231285,28.345767305154464,29.062390120265835
2026-07-26,2026-10-09,28.739770005858045,28.32688673151177,29.0793146130875
2026-07-26,2026-10-10,28.7548796764848,28.32916166290421,29.11662284765116
2026-07-26,2026-10-11,28.76998934711156,28.3619818272334,29.1182498131542
2026-07-26,2026-10-12,28.78509901773832,28.374044567010227,29.14010120539447
2026-07-26,2026-10-13,28.800208688365075,28.37594319018173,29.162046390276696
2026-07-26,2026-10-14,28.81531835899183,28.386342130540893,29.188326293881666
2026-07-26,2026-10-15,28.830428029618588,28.37660150817018,29.217782277726567
2026-07-26,2026-10-16,28.845537700245345,28.41875925904434,29.24294250703712
2026-07-26,2026-10-17,28.86064737087211,28.406075065929752,29.267179975300014
2026-07-26,2026-10-18,28.875757041498865,28.417200820103307,29.277354479631267
2026-07-26,2026-10-19,28.89086671212562,28.4240988511338,29.313641564398697
2026-07-26,2026-10-20,28.90597638275237,28.417034328824894,29.318617908906912
2026-07-26,2026-10-21,28.92108605337913,28.431888879624623,29.338889688831244
2026-07-26,2026-10-22,28.93619572400589,28.442281087719653,29.360151659530604
2026-07-27,2026-07-28,27.63432746685415,27.564464133643884,27.70487491301936
2026-07-27,2026-07-29,27.64940691484293,27.58156053623987,27.720796130883866
2026-07-27,2026-07-30,27.66448636283172,27.598829910627305,27.73782820994992
2026-07-27,2026-07-31,27.679565810820502,27.610341632451423,27.74718538444949
2026-07-27,2026-08-01,27.694645258809285,27.624434264565245,27.7630445552602
2026-07-27,2026-08-02,27.709724706798063,27.64091851107424,27.771968109039463
2026-07-27,2026-08-03,27.724804154786856,27.65838304814295,27.79627979551937
2026-07-27,2026-08-04,27.73988360277563,27.66643541163313,27.81251975785344
2026-07-27,2026-08-05,27.754963050764417,27.68018317232245,27.82464985217792
2026-07-27,2026-08-06,27.7700424987532,27.69889299443034,27.84248077393317
2026-07-27,2026-08-07,27.785121946741985,27.71409886556488,27.85561802570757
2026-07-27,2026-08-08,27.80020139473077,27.725150506295208,27.864932981330885
2026-07-27,2026-08-09,27.815280842719552,27.744820975616253,27.88724645218295
2026-07-27,2026-08-10,27.83036029070833,27.7535443246986,27.9000690089105
2026-07-27,2026-08-11,27.84543973869712,27.76990539967145,27.920348296826194
2026-07-27,2026-08-12,27.8605191866859,27.78213386519873,27.940049065916178
2026-07-27,2026-08-13,27.875598634674684,27.79680701839704,27.949202512414097
2026-07-27,2026-08-14,27.89067808266347,27.810881100564416,27.96830820913332
2026-07-27,2026-08-15,27.90575753065225,27.818048569420423,27.980743779031304
2026-07-27,2026-08-16,27.92083697864104,27.834012613465777,27.99814227567094
2026-07-27,2026-08-17,27.93591642662982,27.8523049170254,28.01560017469492
2026-07-27,2026-08-18,27.9509958746186,27.8602294318056,28.032329737352203
2026-07-27,2026-08-19,27.96607532260739,27.868361826684563,28.0493390153276
2026-07-27,2026-08-20,27.981154770596174,27.89367793603668,28.0633020233859
2026-07-27,2026-08-21,27.99623421858496,27.900381306042032,28.08151075036787
2026-07-27,2026-08-22,28.01131366657373,27.911830133657364,28.102072602536488
2026-07-27,2026-08-23,28.02639311456252,27.925095506024707,28.107802394305207
2026-07-27,2026-08-24,28.041472562551306,27.93137495882063,28.13230519243778
2026-07-27,2026-08-25,28.05655201054009,27.94289316541824,28.15782258421215
2026-07-27,2026-08-26,28.07163145852888,27.96871420766966,28.17190507038274
2026-07-27,2026-08-27,28.08671090651766,27.983161885322456,28.181053885939583
2026-07-27,2026-08-28,28.10179035450644,27.98891884404529,28.20687568220556
2026-07-27,2026-08-29,28.11686980249522,28.000266841620693,28.2255381634763
2026-07-27,2026-08-30,28.131949250484013,27.997594569825644,28.24058481074744
2026-07-27,2026-08-31,28.147028698472788,28.01505791036672,28.261990379736403
2026-07-27,2026-09-01,28.162108146461573,28.029656523965727,28.2826384534833
2026-07-27,2026-09-02,28.17718759445036,28.040230593362043,28.29174208686686
2026-07-27,2026-09-03,28.19226704243914,28.055879719461085,28.315222055235186
2026-07-27,2026-09-04,28.207346490427927,28.071179871770585,28.339403129033474
2026-07-27,2026-09-05,28.22242593841672,28.061623937350625,28.35669538268223
2026-07-27,2026-09-06,28.23750538640549,28.085707795788668,28.379615434100103
2026-07-27,2026-09-07,28.25258483439428,28.07912917851796,28.39249880309869
2026-07-27,2026-09-08,28.26766428238306,28.10301288840058,28.41387626224092
2026-07-27,2026-09-09,28.28274373037184,28.10732834586837,28.42516921729812
2026-07-27,2026-09-10,28.297823178360627,28.12688355863388,28.459523277981635
2026-07-27,2026-09-11,28.31290262634941,28.117005466243164,28.47754023906745
2026-07-27,2026-09-12,28.327982074338195,28.13158413039667,28.50318720684644
2026-07-27,2026-09-13,28.34306152232698,28.1369093422967,28.53154169808554
2026-07-27,2026-09-14,28.358140970315755,28.14948469999368,28.545688676167053
2026-07-27,2026-09-15,28.373220418304548,28.165966619989955,28.561683965401546
2026-07-27,2026-09-16,28.388299866293327,28.16674344994913,28.5741552654472
2026-07-27,2026-09-17,28.40337931428211,28.17681819196624,28.6227454313614
2026-07-27,2026-09-18,28.41845876227089,28.18027571222163,28.63624956691058
2026-07-27,2026-09-19,28.43353821025968,28.19088651037297,28.667835821358675
2026-07-27,2026-09-20,28.448617658248462,28.20197998853517,28.670966717126536
2026-07-27,2026-09-21,28.463697106237248,28.217793980518884,28.7091247676348
2026-07-27,2026-09-22,28.47877655422603,28.229117385587184,28.709832532543423
2026-07-27,2026-09-23,28.49385600221481,28.225358807554976,28.742207372550787
2026-07-27,2026-09-24,28.508935450203595,28.223112355806435,28.77752287472033
2026-07-27,2026-09-25,28.524014898192377,28.25204248298252,28.78124210393958
2026-07-27,2026-09-26,28.53909434618116,28.246378998542163,28.823230015141377
2026-07-27,2026-09-27,28.554173794169948,28.26319416681648,28.833927425572096
2026-07-27,2026-09-28,28.56925324215873,28.266078573931367,28.85410660273768
2026-07-27,2026-09-29,28.58433269014752,28.26983951094211,28.88073022641337
2026-07-27,2026-09-30,28.59941213813629,28.27913923354213,28.8971550495632
2026-07-27,2026-10-01,28.614491586125084,28.286199004129507,28.9211522799047
2026-07-27,2026-10-02,28.629571034113862,28.302979496440017,28.958384110630867
2026-07-27,2026-10-03,28.644650482102644,28.303004216452013,28.9782299873254
2026-07-27,2026-10-04,28.65972993009143,28.318807215488366,28.986792140184825
2026-07-27,2026-10-05,28.67480937808022,28.30672961026867,29.01600772789608
2026-07-27,2026-10-06,28.689888826069,28.331189439820267,29.053921945072307
2026-07-27,2026-10-07,28.704968274057784,28.332052638773884,29.049693591133583
2026-07-27,2026-10-08,28.72004772204657,28.33864597532147,29.076062896110187
2026-07-27,2026-10-09,28.73512717003535,28.33845327729753,29.1105971834616
2026-07-27,2026-10-10,28.750206618024137,28.33654469572785,29.141786840313504
2026-07-27,2026-10-11,28.76528606601292,28.35207239759046,29.14617577955913
2026-07-27,2026-10-12,28.780365514001705,28.365748904916863,29.18041317351452
2026-07-27,2026-10-13,28.795444961990484,28.36521189810357,29.207663387361745
2026-07-27,2026-10-14,28.810524409979266,28.378921797683528,29.218020415945794
2026-07-27,2026-10-15,28.82560385796805,28.3879588367952,29.26381488179616
2026-07-27,2026-10-16,28.84068330595684,28.3917241689342,29.27345187944163
2026-07-27,2026-10-17,28.85576275394562,28.39307742687776,29.296993748652017
2026-07-27,2026-10-18,28.870842201934405,28.41128771879433,29.323593159903165
2026-07-27,2026-10-19,28.885921649923187,28.3935328940945,29.349542162153863
2026-07-27,2026-10-20,28.90100109791197,28.39851458703351,29.35777347633736
2026-07-27,2026-10-21,28.91608054590076,28.426203158553584,29.38558728993652
2026-07-27,2026-10-22,28.931159993889533,28.42014770303687,29.438507889635343
2026-07-27,2026-10-23,28.94623944187832,28.43828732005121,29.437863058135225
2026-07-27,2026-10-24,28.961318889867105,28.44123309253932,29.46583196071351
2026-07-27,2026-10-25,28.976398337855887,28.422509682164417,29.500021400607075
2026-07-28,2026-07-29,27.651799223406584,27.585429406080284,27.7185505208773
2026-07-28,2026-07-30,27.66692542700098,27.60018487083545,27.736460666613688
2026-07-28,2026-07-31,27.682051630595385,27.60970702795677,27.74925204584156
2026-07-28,2026-08-01,27.697177834189773,27.624872168014686,27.767553945722383
2026-07-28,2026-08-02,27.71230403778418,27.64435055872857,27.78463548255248
2026-07-28,2026-08-03,27.727430241378567,27.65985441417201,27.79488610687496
2026-07-28,2026-08-04,27.742556444972973,27.67327448814711,27.804773096070942
2026-07-28,2026-08-05,27.757682648567368,27.6850737429598,27.82424130347449
2026-07-28,2026-08-06,27.772808852161766,27.69631184392782,27.843092195187022
2026-07-28,2026-08-07,27.78793505575616,27.71855652285897,27.85693706605432
2026-07-28,2026-08-08,27.80306125935056,27.730783536561745,27.874129577224448
2026-07-28,2026-08-09,27.818187462944955,27.747508891572384,27.8888819987517
2026-07-28,2026-08-10,27.83331366653936,27.76219062063653,27.90343257978132
2026-07-28,2026-08-11,27.84843987013375,27.77197064629404,27.92168704807519
2026-07-28,2026-08-12,27.863566073728148,27.78954272503849,27.93563531342349
2026-07-28,2026-08-13,27.878692277322543,27.80006273280087,27.953884950038763
2026-07-28,2026-08-14,27.89381848091694,27.814678753613084,27.97150444584424
2026-07-28,2026-08-15,27.908944684511344,27.832145458553928,27.9947368977134
2026-07-28,2026-08-16,27.924070888105742,27.84487662552541,28.00031310704001
2026-07-28,2026-08-17,27.939197091700137,27.85665659457187,28.014179011757047
2026-07-28,2026-08-18,27.954323295294536,27.8727230499071,28.03940359216736
2026-07-28,2026-08-19,27.96944949888893,27.885361081740623,28.05404474937259
2026-07-28,2026-08-20,27.98457570248333,27.905622430514168,28.07630830542009
2026-07-28,2026-08-21,27.999701906077725,27.9181184489302,28.09170274303621
2026-07-28,2026-08-22,28.014828109672123,27.9244519217908,28.10924382986716
2026-07-28,2026-08-23,28.02995431326652,27.938924700256404,28.122563521889564
2026-07-28,2026-08-24,28.04508051686092,27.949774424750984,28.13800774376019
2026-07-28,2026-08-25,28.06020672045532,27.9556743052182,28.1633874520087
2026-07-28,2026-08-26,28.07533292404972,27.97688589667648,28.176075920663177
2026-07-28,2026-08-27,28.09045912764411,27.985666945509305,28.19274952746279
2026-07-28,2026-08-28,28.10558533123851,27.99909758601524,28.21697996891735
2026-07-28,2026-08-29,28.120711534832903,28.00551912317346,28.23554135069998
2026-07-28,2026-08-30,28.135837738427306,28.02375177481091,28.24766929623852
2026-07-28,2026-08-31,28.1509639420217,28.03260491081216,28.26904042259257
2026-07-28,2026-09-01,28.1660901456161,28.041297423927084,28.29319864304966
2026-07-28,2026-09-02,28.18121634921049,28.06049235715913,28.304138119435013
2026-07-28,2026-09-03,28.196342552804893,28.0604227321089,28.33093715770122
2026-07-28,2026-09-04,28.21146875639929,28.08022020087554,28.34741536062372
2026-07-28,2026-09-05,28.226594959993687,28.09067592573176,28.370526782142008
2026-07-28,2026-09-06,28.241721163588085,28.101471997402847,28.38865422711391
2026-07-28,2026-09-07,28.25684736718248,28.110709695842967,28.40442106628077
2026-07-28,2026-09-08,28.27197357077688,28.12628683876031,28.42947032314796
2026-07-28,2026-09-09,28.28709977437128,28.13166470129491,28.454434598811552
2026-07-28,2026-09-10,28.30222597796568,28.127675924729388,28.477837651973584
2026-07-28,2026-09-11,28.317352181560075,28.16101228057984,28.494252031852632
2026-07-28,2026-09-12,28.33247838515448,28.16436175426261,28.51803655712033
2026-07-28,2026-09-13,28.34760458874887,28.17916445333041,28.539903803736305
2026-07-28,2026-09-14,28.362730792343267,28.18359911556559,28.55118073696339
2026-07-28,2026-09-15,28.377856995937663,28.192483571373003,28.573621870821324
2026-07-28,2026-09-16,28.39298319953206,28.204659261861345,28.606229024581125
2026-07-28,2026-09-17,28.408109403126456,28.21066037548056,28.626222262642376
2026-07-28,2026-09-18,28.42323560672085,28.21665749439461,28.63432114560692
2026-07-28,2026-09-19,28.43836181031525,28.2354097914334,28.66904032983397
2026-07-28,2026-09-20,28.45348801390965,28.24272900850451,28.68764031826103
2026-07-28,2026-09-21,28.46861421750405,28.24396266467652,28.70721185898979
2026-07-28,2026-09-22,28.48374042109844,28.255124845446847,28.72917203064424
2026-07-28,2026-09-23,28.498866624692845,28.262414353444207,28.73939204810661
2026-07-28,2026-09-24,28.51399282828724,28.267675130019768,28.77518746373032
2026-07-28,2026-09-25,28.52911903188164,28.280652805894352,28.7881387307439
2026-07-28,2026-09-26,28.54424523547604,28.275068718196334,28.832494281011552
2026-07-28,2026-09-27,28.559371439070432,28.30315036965816,28.81543457181888
2026-07-28,2026-09-28,28.57449764266483,28.309134502572167,28.878646079576523
2026-07-28,2026-09-29,28.589623846259222,28.32239382202773,28.895173552815457
2026-07-28,2026-09-30,28.604750049853624,28.326841621581583,28.90528230319424
2026-07-28,2026-10-01,28.61987625344802,28.32902059533669,28.94472073580057
2026-07-28,2026-10-02,28.63500245704241,28.341381789851354,28.94888031611697
2026-07-28,2026-10-03,28.650128660636813,28.349846874579185,28.9866078706224
2026-07-28,2026-10-04,28.66525486423121,28.361413027690897,29.003741945255143
2026-07-28,2026-10-05,28.68038106782561,28.375889109722323,29.03242710759031
2026-07-28,2026-10-06,28.695507271420013,28.37909565621309,29.05717633177376
2026-07-28,2026-10-07,28.710633475014408,28.39302774760292,29.07333263552045
2026-07-28,2026-10-08,28.725759678608807,28.385069554744152,29.089494665073204
2026-07-28,2026-10-09,28.7408858822032,28.39884076221497,29.126308487624964
2026-07-28,2026-10-10,28.7560120857976,28.397274268127493,29.14177346200614
2026-07-28,2026-10-11,28.771138289391995,28.41931060939156,29.17818482437348
2026-07-28,2026-10-12,28.7862644929864,28.436944082489006,29.177124414650727
2026-07-28,2026-10-13,28.8013906965808,28.42922933858156,29.217035099669538
2026-07-28,2026-10-14,28.816516900175188,28.43392545587366,29.258543189950444
2026-07-28,2026-10-15,28.831643103769583,28.438498012610047,29.251446885717986
2026-07-28,2026-10-16,28.84676930736398,28.460223314437364,29.290555484149174
2026-07-28,2026-10-17,28.861895510958384,28.45281290596364,29.30889897868474
2026-07-28,2026-10-18,28.87702171455277,28.48177858684108,29.347300445671124
2026-07-28,2026-10-19,28.892147918147177,28.4702480379289,29.35788269784368
2026-07-28,2026-10-20,28.90727412174157,28.47199102699367,29.36631882331327
2026-07-28,2026-10-21,28.92240032533597,28.49006672569592,29.37888079769541
2026-07-28,2026-10-22,28.93752652893037,28.51706658954519,29.44067072872913
2026-07-28,2026-10-23,28.95265273252477,28.50214850388562,29.457562127181514
2026-07-28,2026-10-24,28.967778936119164,28.51322930396145,29.4697221197346
2026-07-28,2026-10-25,28.98290513971356,28.51752785162299,29.507715151625508
2026-07-28,2026-10-26,28.99803134330796,28.5472408998412,29.532673493151048
2026-07-29,2026-07-30,27.667693782082555,27.59816136809466,27.73583899702799
2026-07-29,2026-07-31,27.68283568942265,27.61288909806644,27.75228191931837
2026-07-29,2026-08-01,27.697977596762737,27.630954366295896,27.7693105075696
2026-07-29,2026-08-02,27.71311950410283,27.64782634994667,27.781232408958104
2026-07-29,2026-08-03,27.72826141144293,27.657298912058494,27.79327354975329
2026-07-29,2026-08-04,27.74340331878302,27.675926087347342,27.81335866030296
2026-07-29,2026-08-05,27.75854522612311,27.690467137231654,27.82769481537952
2026-07-29,2026-08-06,27.77368713346321,27.705539277092065,27.842415956318057
2026-07-29,2026-08-07,27.788829040803304,27.722548089935085,27.85834201909257
2026-07-29,2026-08-08,27.803970948143395,27.734352656724774,27.87339392319208
2026-07-29,2026-08-09,27.819112855483493,27.746048033504,27.88487067907554
2026-07-29,2026-08-10,27.834254762823587,27.764365045892603,27.909848421453862
2026-07-29,2026-08-11,27.84939667016368,27.77784823361721,27.92406075633998
2026-07-29,2026-08-12,27.864538577503776,27.793002242773166,27.94017859419513
2026-07-29,2026-08-13,27.879680484843867,27.80120372019081,27.949623407733327
2026-07-29,2026-08-14,27.89482239218396,27.819281750636097,27.96920081494661
2026-07-29,2026-08-15,27.90996429952405,27.8344387020427,27.991400870173347
2026-07-29,2026-08-16,27.92510620686415,27.846433343681888,28.00327264545789
2026-07-29,2026-08-17,27.94024811420425,27.85619436830056,28.01756100817503
2026-07-29,2026-08-18,27.955390021544343,27.87184324754364,28.03515948242799
2026-07-29,2026-08-19,27.97053192888444,27.8837265094338,28.04770217019675
2026-07-29,2026-08-20,27.985673836224525,27.897076869907146,28.072953709232355
2026-07-29,2026-08-21,28.000815743564623,27.911199768617223,28.085228628946773
2026-07-29,2026-08-22,28.01595765090472,27.92514734705972,28.102718411774408
2026-07-29,2026-08-23,28.031099558244808,27.9393606741073,28.123777939016204
2026-07-29,2026-08-24,28.046241465584902,27.952701993004112,28.14247551674429
2026-07-29,2026-08-25,28.061383372925,27.973096514463943,28.15454128854745
2026-07-29,2026-08-26,28.07652528026509,27.97407057411653,28.17479044146909
2026-07-29,2026-08-27,28.091667187605186,27.98280615825252,28.189844455758667
2026-07-29,2026-08-28,28.10680909494528,27.99985333131521,28.21109201176852
2026-07-29,2026-08-29,28.12195100228537,28.012734332166463,28.232293000979745
2026-07-29,2026-08-30,28.13709290962548,28.02303906541153,28.243241140388903
2026-07-29,2026-08-31,28.152234816965564,28.040341736371246,28.261791449114657
2026-07-29,2026-09-01,28.16737672430565,28.052227940667148,28.283238019423923
2026-07-29,2026-09-02,28.18251863164576,28.06366100624826,28.30135384435189
2026-07-29,2026-09-03,28.197660538985847,28.08270128181115,28.32186668425358
2026-07-29,2026-09-04,28.212802446325945,28.084373191269776,28.334558788886955
2026-07-29,2026-09-05,28.22794435366604,28.094874654099502,28.367787076152627
2026-07-29,2026-09-06,28.24308626100613,28.11017379072077,28.37934612570539
2026-07-29,2026-09-07,28.25822816834622,28.118745518113105,28.40258340706504
2026-07-29,2026-09-08,28.27337007568632,28.14014478900211,28.41436906338451
2026-07-29,2026-09-09,28.28851198302641,28.14824340368048,28.446355970817567
2026-07-29,2026-09-10,28.303653890366505,28.14558190927962,28.45154693620129
2026-07-29,2026-09-11,28.318795797706603,28.144224889666926,28.479529154222256
2026-07-29,2026-09-12,28.333937705046694,28.16800953044047,28.50879321401893
2026-07-29,2026-09-13,28.349079612386788,28.18506782930634,28.52530531054692
2026-07-29,2026-09-14,28.36422151972688,28.192213446965987,28.540351436710445
2026-07-29,2026-09-15,28.379363427066977,28.208754360400096,28.55838956858556
2026-07-29,2026-09-16,28.394505334407075,28.214610301595776,28.5793382897687
2026-07-29,2026-09-17,28.40964724174717,28.223499811212022,28.604700691781336
2026-07-29,2026-09-18,28.42478914908726,28.22697534006285,28.634408102511145
2026-07-29,2026-09-19,28.43993105642735,28.23348964725292,28.65751590894712
2026-07-29,2026-09-20,28.45507296376745,28.25673302141561,28.662511525671164
2026-07-29,2026-09-21,28.470214871107544,28.2518398126664,28.70349164177153
2026-07-29,2026-09-22,28.48535677844764,28.26407650135,28.72585810512753
2026-07-29,2026-09-23,28.500498685787733,28.276695231682616,28.736868797075115
2026-07-29,2026-09-24,28.515640593127827,28.26603854032372,28.74095036904728
2026-07-29,2026-09-25,28.53078250046792,28.29948290586677,28.78910257341559
2026-07-29,2026-09-26,28.545924407808016,28.29813968097953,28.80508194101169
2026-07-29,2026-09-27,28.561066315148107,28.30648903676804,28.824498372215352
2026-07-29,2026-09-28,28.5762082224882,28.326050885992743,28.831224941136803
2026-07-29,2026-09-29,28.5913501298283,28.30770910949728,28.863813097686773
2026-07-29,2026-09-30,28.60649203716839,28.33609791650685,28.88431855273845
2026-07-29,2026-10-01,28.621633944508485,28.340462726080705,28.89286257204269
2026-07-29,2026-10-02,28.636775851848576,28.352775595520622,28.94020502291904
2026-07-29,2026-10-03,28.65191775918868,28.360662506987968,28.970203287249152
2026-07-29,2026-10-04,28.66705966652877,28.35526873275425,28.98720421467666
2026-07-29,2026-10-05,28.682201573868863,28.36411195662217,28.99652989049313
2026-07-29,2026-10-06,28.69734348120896,28.35476427674807,29.017924024579447
2026-07-29,2026-10-07,28.712485388549048,28.36723476582313,29.041925938979176
2026-07-29,2026-10-08,28.727627295889143,28.37674289963487,29.08147512941712
2026-07-29,2026-10-09,28.74276920322924,28.4010053981148,29.097449159980386
2026-07-29,2026-10-10,28.75791111056934,28.397271799456345,29.127009909013545
2026-07-29,2026-10-11,28.77305301790943,28.408129422063865,29.14706024505847
2026-07-29,2026-10-12,28.78819492524952,28.394381705595723,29.147025720575822
2026-07-29,2026-10-13,28.80333683258961,28.42610111830929,29.18555073803192
2026-07-29,2026-10-14,28.81847873992972,28.419278570330995,29.20053067485949
2026-07-29,2026-10-15,28.833620647269804,28.4271346787603,29.22788424344567
2026-07-29,2026-10-16,28.8487625546099,28.43024257385421,29.27353280998581
2026-07-29,2026-10-17,28.86390446195,28.431476956613214,29.26517018634272
2026-07-29,2026-10-18,28.879046369290087,28.452035209145887,29.29294400460349
2026-07-29,2026-10-19,28.894188276630185,28.455719303734863,29.3290687562875
2026-07-29,2026-10-20,28.90933018397028,28.44953858398846,29.347933826945432
2026-07-29,2026-10-21,28.92447209131037,28.468050316032706,29.36454483840171
2026-07-29,2026-10-22,28.93961399865047,28.484603427693603,29.40267601195827
2026-07-29,2026-10-23,28.95475590599056,28.49318241302922,29.397627625421176
2026-07-29,2026-10-24,28.96989781333065,28.4647645250695,29.446679914681784
2026-07-29,2026-10-25,28.985039720670745,28.490349308576032,29.4847025651577
2026-07-29,2026-10-26,29.000181628010843,28.50051061159889,29.475668427100896
2026-07-29,2026-10-27,29.01532353535093,28.494169474463945,29.526919943592947
2026-07-30,2026-07-31,27.682422851236343,27.61770872403396,27.75079463740462
2026-07-30,2026-08-01,27.69754572923265,27.632918280856263,27.76682127810266
2026-07-30,2026-08-02,27.712668607228967,27.64216527575883,27.780138890200263
2026-07-30,2026-08-03,27.727791485225275,27.66011470737219,27.799115127812943
2026-07-30,2026-08-04,27.742914363221587,27.67249473067644,27.816887359173503
2026-07-30,2026-08-05,27.75803724121789,27.69038185935229,27.8332437337874
2026-07-30,2026-08-06,27.7731601192142,27.703938970144232,27.84836060938269
2026-07-30,2026-08-07,27.78828299721052,27.71368754453641,27.856307713201065
2026-07-30,2026-08-08,27.80340587520682,27.734453198120537,27.87601607619999
2026-07-30,2026-08-09,27.81852875320314,27.74602220329516,27.888592294374348
2026-07-30,2026-08-10,27.833651631199444,27.762466260379863,27.909514879238305
2026-07-30,2026-08-11,27.84877450919576,27.77736125712822,27.92564339078813
2026-07-30,2026-08-12,27.863897387192065,27.79180615831032,27.93975581430612
2026-07-30,2026-08-13,27.879020265188373,27.81322810304333,27.952451545228
2026-07-30,2026-08-14,27.894143143184685,27.82073358790697,27.970903774938552
2026-07-30,2026-08-15,27.909266021181,27.83577050646558,27.985771970279224
2026-07-30,2026-08-16,27.924388899177305,27.84885467508659,27.9989956301186
2026-07-30,2026-08-17,27.93951177717361,27.8626544435215,28.015626261291285
2026-07-30,2026-08-18,27.95463465516993,27.877241406937213,28.037108014927423
2026-07-30,2026-08-19,27.96975753316624,27.89381608067864,28.048756648612084
2026-07-30,2026-08-20,27.98488041116254,27.903398934469017,28.06005676969885
2026-07-30,2026-08-21,28.00000328915885,27.921788500007366,28.085935918068444
2026-07-30,2026-08-22,28.015126167155163,27.93439371560448,28.100210740534774
2026-07-30,2026-08-23,28.03024904515147,27.943247517259184,28.118382703765207
2026-07-30,2026-08-24,28.045371923147783,27.959655760660592,28.12794706591611
2026-07-30,2026-08-25,28.06049480114409,27.968105423545484,28.15424764318768
2026-07-30,2026-08-26,28.075617679140404,27.982115027584392,28.173416894748456
2026-07-30,2026-08-27,28.090740557136712,27.99933169331517,28.19107890103493
2026-07-30,2026-08-28,28.105863435133017,28.01208121814266,28.2041313422886
2026-07-30,2026-08-29,28.120986313129336,28.02663187714296,28.219463052570948
2026-07-30,2026-08-30,28.13610919112564,28.037015235125484,28.24094248649649
2026-07-30,2026-08-31,28.15123206912196,28.052721213150846,28.256666690663803
2026-07-30,2026-09-01,28.16635494711826,28.064887618044985,28.276177746073586
2026-07-30,2026-09-02,28.18147782511457,28.07736130403061,28.302774219516355
2026-07-30,2026-09-03,28.19660070311088,28.08318188820067,28.31480712747108
2026-07-30,2026-09-04,28.21172358110719,28.093834090895584,28.332142433050567
2026-07-30,2026-09-05,28.226846459103506,28.11318263738396,28.35278519201869
2026-07-30,2026-09-06,28.24196933709981,28.11845035514788,28.37861691677664
2026-07-30,2026-09-07,28.25709221509612,28.13003106063873,28.388597806984546
2026-07-30,2026-09-08,28.272215093092434,28.14675290016028,28.41756853284421
2026-07-30,2026-09-09,28.287337971088743,28.16026149016487,28.42417516229336
2026-07-30,2026-09-10,28.30246084908505,28.16459429455793,28.44585453167804
2026-07-30,2026-09-11,28.31758372708136,28.180327930878683,28.46518672399334
2026-07-30,2026-09-12,28.332706605077668,28.18995772346181,28.500470583867607
2026-07-30,2026-09-13,28.34782948307398,28.193306613720107,28.524428768951083
2026-07-30,2026-09-14,28.36295236107029,28.20254661142428,28.535820327994948
2026-07-30,2026-09-15,28.3780752390666,28.231489936392453,28.54775113491917
2026-07-30,2026-09-16,28.39319811706291,28.22917911946446,28.570092139519726
2026-07-30,2026-09-17,28.40832099505922,28.23299972192266,28.60419024767357
2026-07-30,2026-09-18,28.42344387305553,28.258372808282463,28.62546261950779
2026-07-30,2026-09-19,28.43856675105184,28.253118709609183,28.63058511414716
2026-07-30,2026-09-20,28.45368962904816,28.273856657674827,28.65076414147296
2026-07-30,2026-09-21,28.46881250704445,28.27442735088179,28.67986188188579
2026-07-30,2026-09-22,28.483935385040773,28.28750293035605,28.69821699274371
2026-07-30,2026-09-23,28.49905826303708,28.29125200229791,28.725858184902105
2026-07-30,2026-09-24,28.514181141033387,28.30310414940224,28.753174479210088
2026-07-30,2026-09-25,28.5293040190297,28.31211427061573,28.76701764553971
2026-07-30,2026-09-26,28.544426897026007,28.31655133368742,28.786322840368943
2026-07-30,2026-09-27,28.55954977502232,28.32938983168165,28.82262759628829
2026-07-30,2026-09-28,28.574672653018627,28.348574742310856,28.84856638312933
2026-07-30,2026-09-29,28.58979553101494,28.35271879387259,28.847118869108893
2026-07-30,2026-09-30,28.60491840901125,28.355138250281644,28.87010532650936
2026-07-30,2026-10-01,28.62004128700756,28.359451127775824,28.903892328204822
2026-07-30,2026-10-02,28.63516416500387,28.36451537470507,28.91368345672475
2026-07-30,2026-10-03,28.650287043000176,28.3700658504827,28.92660519950415
2026-07-30,2026-10-04,28.665409920996485,28.397435711977792,28.969703446986824
2026-07-30,2026-10-05,28.6805327989928,28.39673721852668,28.99342421178348
2026-07-30,2026-10-06,28.695655676989105,28.41763080855333,29.010860583209187
2026-07-30,2026-10-07,28.710778554985417,28.40404623681188,29.03676660788324
2026-07-30,2026-10-08,28.725901432981725,28.41558796540874,29.060724961488603
2026-07-30,2026-10-09,28.74102431097804,28.421125168826286,29.09243863422456
2026-07-30,2026-10-10,28.756147188974342,28.42900630638097,29.09167954192248
2026-07-30,2026-10-11,28.77127006697065,28.439897981913504,29.122189453946447
2026-07-30,2026-10-12,28.78639294496697,28.44743875467245,29.15388398670312
2026-07-30,2026-10-13,28.80151582296327,28.45371784168133,29.15735106313424
2026-07-30,2026-10-14,28.81663870095959,28.4755505827626,29.196114408166064
2026-07-30,2026-10-15,28.83176157895589,28.477221721547338,29.22579586267162
2026-07-30,2026-10-16,28.846884456952203,28.46659348819428,29.24356327054828
2026-07-30,2026-10-17,28.862007334948515,28.499801363549263,29.2522973291112
2026-07-30,2026-10-18,28.877130212944824,28.488941562252155,29.27344927751321
2026-07-30,2026-10-19,28.892253090941136,28.49976413477045,29.309998986311303
2026-07-30,2026-10-20,28.907375968937444,28.52752998186605,29.32533107141184
2026-07-30,2026-10-21,28.92249884693376,28.52824821351542,29.36252961322465
2026-07-30,2026-10-22,28.937621724930068,28.53069627996164,29.36740590913122
2026-07-30,2026-10-23,28.952744602926376,28.550694397989123,29.397798692129555
2026-07-30,2026-10-24,28.96786748092269,28.55264188648218,29.41621041270605
2026-07-30,2026-10-25,28.982990358919,28.5725534910948,29.441667517027778
2026-07-30,2026-10-26,28.9981132369153,28.56347353622488,29.45631168874947
2026-07-30,2026-10-27,29.013236114911614,28.587070022928213,29.47694599703411
2026-07-30,2026-10-28,29.02835899290792,28.5752302259855,29.50342679866577
2026-07-31,2026-08-01,27.696957209850503,27.6268214221082,27.76808184331589
2026-07-31,2026-08-02,27.71205827901725,27.64102623373079,27.783783721721527
2026-07-31,2026-08-03,27.727159348183985,27.66028428501325,27.79536297157968
2026-07-31,2026-08-04,27.742260417350725,27.675281798610065,27.814964727249382
2026-07-31,2026-08-05,27.75736148651747,27.68033950262001,27.826842112715568
2026-07-31,2026-08-06,27.77246255568421,27.70802494873979,27.84777428522124
2026-07-31,2026-08-07,27.78756362485096,27.715555084224103,27.8595867120334
2026-07-31,2026-08-08,27.802664694017693,27.73082260093565,27.87086016769182
2026-07-31,2026-08-09,27.81776576318444,27.744287729375564,27.89537954658079
2026-07-31,2026-08-10,27.83286683235118,27.761494605394244,27.908906904154264
2026-07-31,2026-08-11,27.84796790151792,27.77058946855065,27.92453074999465
2026-07-31,2026-08-12,27.86306897068466,27.78665805384927,27.93979523351596
2026-07-31,2026-08-13,27.87817003985141,27.80397841458256,27.95212023035058
2026-07-31,2026-08-14,27.893271109018148,27.82199184168153,27.9696926140395
2026-07-31,2026-08-15,27.90837217818489,27.83089475917405,27.985285664905497
2026-07-31,2026-08-16,27.92347324735163,27.84965714665272,27.997707681639767
2026-07-31,2026-08-17,27.93857431651837,27.86412226215617,28.016671397117257
2026-07-31,2026-08-18,27.95367538568512,27.87582999723685,28.03569724875721
2026-07-31,2026-08-19,27.96877645485186,27.882718084429868,28.04965884896753
2026-07-31,2026-08-20,27.9838775240186,27.90132451000236,28.06456513637129
2026-07-31,2026-08-21,27.99897859318534,27.91397267808648,28.08440417367548
2026-07-31,2026-08-22,28.014079662352085,27.92603624011057,28.096699893371767
2026-07-31,2026-08-23,28.029180731518828,27.931709464705644,28.11872934873848
2026-07-31,2026-08-24,28.044281800685567,27.95823446689001,28.13376914483853
2026-07-31,2026-08-25,28.059382869852307,27.96790078012432,28.15696744882424
2026-07-31,2026-08-26,28.074483939019053,27.98349669814243,28.164515262403697
2026-07-31,2026-08-27,28.0895850081858,27.99647578198396,28.193664654800504
2026-07-31,2026-08-28,28.104686077352536,28.00551623747869,28.19874375968034
2026-07-31,2026-08-29,28.119787146519275,28.02291182000932,28.211016952540017
2026-07-31,2026-08-30,28.134888215686026,28.03315047080377,28.23257070568355
2026-07-31,2026-08-31,28.14998928485276,28.04191915116409,28.25702617432024
2026-07-31,2026-09-01,28.165090354019505,28.060153960849416,28.266928480480004
2026-07-31,2026-09-02,28.180191423186244,28.072861094241823,28.295742342606243
2026-07-31,2026-09-03,28.195292492352984,28.084183909548667,28.30688978723828
2026-07-31,2026-09-04,28.21039356151973,28.09996551611398,28.32826928923864
2026-07-31,2026-09-05,28.22549463068648,28.105158330753383,28.33939986686307
2026-07-31,2026-09-06,28.240595699853213,28.120290214512544,28.375031229736702
2026-07-31,2026-09-07,28.255696769019952,28.13889563058921,28.37693237915173
2026-07-31,2026-09-08,28.2707978381867,28.14452091266626,28.40640897340481
2026-07-31,2026-09-09,28.28589890735344,28.160990997062022,28.423471865369883
2026-07-31,2026-09-10,28.30099997652018,28.16907718680682,28.439626576581546
2026-07-31,2026-09-11,28.316101045686928,28.17076059242982,28.45178517707805
2026-07-31,2026-09-12,28.331202114853667,28.19017047784619,28.46931018985962
2026-07-31,2026-09-13,28.34630318402041,28.19809190413841,28.49875846398572
2026-07-31,2026-09-14,28.36140425318715,28.20245240523141,28.53255649808493
2026-07-31,2026-09-15,28.37650532235389,28.218619994200733,28.543151388946345
2026-07-31,2026-09-16,28.39160639152064,28.232272680364485,28.554299750082823
2026-07-31,2026-09-17,28.40670746068737,28.235775100385872,28.57554812821688
2026-07-31,2026-09-18,28.42180852985412,28.249764651464908,28.605164087412984
2026-07-31,2026-09-19,28.43690959902085,28.25658890910628,28.61909426362856
2026-07-31,2026-09-20,28.452010668187604,28.260039642992098,28.63189392590504
2026-07-31,2026-09-21,28.467111737354344,28.26636047930519,28.660449995275023
2026-07-31,2026-09-22,28.482212806521087,28.28056308357188,28.67975514277568
2026-07-31,2026-09-23,28.497313875687823,28.30847676540633,28.714745740375623
2026-07-31,2026-09-24,28.512414944854573,28.305136126956576,28.72327275014261
2026-07-31,2026-09-25,28.527516014021312,28.32200417682617,28.73272975638106
2026-07-31,2026-09-26,28.54261708318806,28.330369969446505,28.762513052087066
2026-07-31,2026-09-27,28.557718152354795,28.3353309630888,28.79182756823384
2026-07-31,2026-09-28,28.57281922152154,28.34578217593057,28.80014412669217
2026-07-31,2026-09-29,28.58792029068828,28.3592017949686,28.83302403984171
2026-07-31,2026-09-30,28.603021359855028,28.359138449747057,28.848216655393767
2026-07-31,2026-10-01,28.618122429021764,28.365489515821373,28.879570755218992
2026-07-31,2026-10-02,28.633223498188503,28.378378720942774,28.901486377529057
2026-07-31,2026-10-03,28.64832456735525,28.406408036698767,28.92057275413595
2026-07-31,2026-10-04,28.66342563652199,28.40742691397256,28.930890809401745
2026-07-31,2026-10-05,28.678526705688736,28.396297151360447,28.95840335655623
2026-07-31,2026-10-06,28.69362777485547,28.41401273224502,28.97697632137202
2026-07-31,2026-10-07,28.70872884402221,28.41840057203385,28.9996110816001
2026-07-31,2026-10-08,28.72382991318896,28.43590871244949,29.01802535902468
2026-07-31,2026-10-09,28.738930982355704,28.448506311571663,29.04096070206347
2026-07-31,2026-10-10,28.75403205152244,28.438888633792303,29.06780589363032
2026-07-31,2026-10-11,28.769133120689187,28.46691690655992,29.0926372129338
2026-07-31,2026-10-12,28.784234189855933,28.469921456639995,29.114656328913263
2026-07-31,2026-10-13,28.79933525902268,28.48070807542588,29.132866759536427
2026-07-31,2026-10-14,28.81443632818941,28.49095739002287,29.14937692357815
2026-07-31,2026-10-15,28.829537397356155,28.480594209713207,29.182496246750365
2026-07-31,2026-10-16,28.84463846652289,28.48867726947566,29.197407463124943
2026-07-31,2026-10-17,28.85973953568964,28.48514772964263,29.224080139783208
2026-07-31,2026-10-18,28.87484060485638,28.511678731148148,29.24461906259437
2026-07-31,2026-10-19,28.889941674023124,28.503154637336625,29.26165038801009
2026-07-31,2026-10-20,28.905042743189863,28.52912846100784,29.2778482255036
2026-07-31,2026-10-21,28.92014381235661,28.53789398516161,29.30874389161488
2026-07-31,2026-10-22,28.93524488152335,28.55387011756303,29.33907727406536
2026-07-31,2026-10-23,28.95034595069009,28.54226391313725,29.35545223842608
2026-07-31,2026-10-24,28.965447019856832,28.56995103094674,29.37717391572959
2026-07-31,2026-10-25,28.98054808902358,28.55197959308352,29.42264453831322
2026-07-31,2026-10-26,28.99564915819032,28.5754831923772,29.430936215421347
2026-07-31,2026-10-27,29.010750227357057,28.58936834503884,29.451201880589537
2026-07-31,2026-10-28,29.0258512965238,28.58291122675712,29.473187180431733
2026-07-31,2026-10-29,29.040952365690547,28.604389296323184,29.505963768898923
2026-08-01,2026-08-01,27.696957209850503,27.627230466019057,27.7694328106656
2026-08-01,2026-08-02,27.71205827901725,27.64305141608363,27.78521755407302
2026-08-01,2026-08-03,27.727159348183985,27.648616868698745,27.8021354855274
2026-08-01,2026-08-04,27.742260417350725,27.671049064754456,27.81626949304168
2026-08-01,2026-08-05,27.75736148651747,27.68349323800587,27.83264711407984
2026-08-01,2026-08-06,27.77246255568421,27.70369533731077,27.844732825636147
2026-08-01,2026-08-07,27.78756362485096,27.71706359444263,27.864747113633868
2026-08-01,2026-08-08,27.802664694017693,27.731083563448163,27.876428422537824
2026-08-01,2026-08-09,27.81776576318444,27.74706602245139,27.89098324826842
2026-08-01,2026-08-10,27.83286683235118,27.75653503922121,27.90471304726151
2026-08-01,2026-08-11,27.84796790151792,27.77953395011395,27.92430862403289
2026-08-01,2026-08-12,27.86306897068466,27.786924342275828,27.93537413413557
2026-08-01,2026-08-13,27.87817003985141,27.80491639415988,27.95733635506477
2026-08-01,2026-08-14,27.893271109018148,27.818983934039533,27.96980774649488
2026-08-01,2026-08-15,27.90837217818489,27.832902896169912,27.991860395236245
2026-08-01,2026-08-16,27.92347324735163,27.846780432053027,28.0047036811151
2026-08-01,2026-08-17,27.93857431651837,27.86235535988266,28.02120360596291
2026-08-01,2026-08-18,27.95367538568512,27.87683646482743,28.04217678043732
2026-08-01,2026-08-19,27.96877645485186,27.89047210895217,28.05385394230309
2026-08-01,2026-08-20,27.9838775240186,27.901762344721387,28.06701975831793
2026-08-01,2026-08-21,27.99897859318534,27.91302500397943,28.08763779687312
2026-08-01,2026-08-22,28.014079662352085,27.93189341736665,28.103186650735303
2026-08-01,2026-08-23,28.029180731518828,27.949906682292426,28.117897792457544
2026-08-01,2026-08-24,28.044281800685567,27.961520973971574,28.139355745355587
2026-08-01,2026-08-25,28.059382869852307,27.966288596895623,28.152009014509822
2026-08-01,2026-08-26,28.074483939019053,27.987120127092435,28.16894252891256
2026-08-01,2026-08-27,28.0895850081858,27.99748363298848,28.193815926622843
2026-08-01,2026-08-28,28.104686077352536,28.010639747497503,28.20676061386845
2026-08-01,2026-08-29,28.119787146519275,28.019132647384176,28.23252589958493
2026-08-01,2026-08-30,28.134888215686026,28.038555456965256,28.2469672193422
2026-08-01,2026-08-31,28.14998928485276,28.05849639409522,28.26691354488577
2026-08-01,2026-09-01,28.165090354019505,28.06414111207505,28.27558665580949
2026-08-01,2026-09-02,28.180191423186244,28.06709677166679,28.302359195936432
2026-08-01,2026-09-03,28.195292492352984,28.08339913089243,28.30964564335229
2026-08-01,2026-09-04,28.21039356151973,28.090476367197315,28.32899820330626
2026-08-01,2026-09-05,28.22549463068648,28.11557670988736,28.355281153342297
2026-08-01,2026-09-06,28.240595699853213,28.11030849087191,28.37614963071327
2026-08-01,2026-09-07,28.255696769019952,28.12399314200963,28.392316237098044
2026-08-01,2026-09-08,28.2707978381867,28.132298170719192,28.40943490171202
2026-08-01,2026-09-09,28.28589890735344,28.150074780497373,28.41955743322405
2026-08-01,2026-09-10,28.30099997652018,28.1628881066818,28.4421458245695
2026-08-01,2026-09-11,28.316101045686928,28.169343969637385,28.464373353244127
2026-08-01,2026-09-12,28.331202114853667,28.18206953926954,28.491423689908903
2026-08-01,2026-09-13,28.34630318402041,28.18870941566924,28.50625547112105
2026-08-01,2026-09-14,28.36140425318715,28.20613078423522,28.52223390133972
2026-08-01,2026-09-15,28.37650532235389,28.21030611684982,28.55023163384364
2026-08-01,2026-09-16,28.39160639152064,28.22224901703112,28.57304425401509
2026-08-01,2026-09-17,28.40670746068737,28.228935539559515,28.59144193759961
2026-08-01,2026-09-18,28.42180852985412,28.23744443347252,28.60507710922331
2026-08-01,2026-09-19,28.43690959902085,28.25369482053133,28.62005688336108
2026-08-01,2026-09-20,28.452010668187604,28.26020146983909,28.642868959686428
2026-08-01,2026-09-21,28.467111737354344,28.261055017597258,28.660022197880004
2026-08-01,2026-09-22,28.482212806521087,28.276713745756577,28.6834455787947
2026-08-01,2026-09-23,28.497313875687823,28.267393204772336,28.701091845561027
2026-08-01,2026-09-24,28.512414944854573,28.299813715553736,28.72156757372373
2026-08-01,2026-09-25,28.527516014021312,28.29750345076216,28.74498306578413
2026-08-01,2026-09-26,28.54261708318806,28.294025706243232,28.7776489390971
2026-08-01,2026-09-27,28.557718152354795,28.32024419497269,28.79194597488172
2026-08-01,2026-09-28,28.57281922152154,28.324163426334287,28.81176888654296
2026-08-01,2026-09-29,28.58792029068828,28.33515239450314,28.84930110198504
2026-08-01,2026-09-30,28.603021359855028,28.32740765277993,28.86187046552378
2026-08-01,2026-10-01,28.618122429021764,28.33285413827739,28.89766437011153
2026-08-01,2026-10-02,28.633223498188503,28.338110234827635,28.88990503512043
2026-08-01,2026-10-03,28.64832456735525,28.353662039172665,28.94044026519408
2026-08-01,2026-10-04,28.66342563652199,28.36988519355742,28.95693054014979
2026-08-01,2026-10-05,28.678526705688736,28.373238412956933,28.96367919962029
2026-08-01,2026-10-06,28.69362777485547,28.37706826874,29.0036521640048
2026-08-01,2026-10-07,28.70872884402221,28.388873659993155,29.006812160841445
2026-08-01,2026-10-08,28.72382991318896,28.39988943913114,29.036388839739416
2026-08-01,2026-10-09,28.738930982355704,28.41500098683085,29.05160889648208
2026-08-01,2026-10-10,28.75403205152244,28.42280481708916,29.05257802155277
2026-08-01,2026-10-11,28.769133120689187,28.417927091716887,29.114905641086427
2026-08-01,2026-10-12,28.784234189855933,28.4244486122037,29.115707852069708
2026-08-01,2026-10-13,28.79933525902268,28.4241012670998,29.156226657282
2026-08-01,2026-10-14,28.81443632818941,28.43897055982026,29.1558292999009
2026-08-01,2026-10-15,28.829537397356155,28.447941278771868,29.206424230643503
2026-08-01,2026-10-16,28.84463846652289,28.471676919048434,29.2012616079244
2026-08-01,2026-10-17,28.85973953568964,28.46536994844961,29.239825159745497
2026-08-01,2026-10-18,28.87484060485638,28.487571147483543,29.273692184432285
2026-08-01,2026-10-19,28.889941674023124,28.48243659951627,29.282861120136253
2026-08-01,2026-10-20,28.905042743189863,28.494638130948204,29.310112014423773
2026-08-01,2026-10-21,28.92014381235661,28.484559863711063,29.326935236920622
2026-08-01,2026-10-22,28.93524488152335,28.52188358768132,29.36074062451164
2026-08-01,2026-10-23,28.95034595069009,28.515612742226363,29.36980916166749
2026-08-01,2026-10-24,28.965447019856832,28.5257623944196,29.391523620939584
2026-08-01,2026-10-25,28.98054808902358,28.53756865014728,29.424418078243903
2026-08-01,2026-10-26,28.99564915819032,28.54159415901118,29.444191345101213
2026-08-01,2026-10-27,29.010750227357057,28.54463381478621,29.445528688440703
2026-08-01,2026-10-28,29.0258512965238,28.53185406274356,29.48694691921378
2026-08-01,2026-10-29,29.040952365690547,28.546253014361326,29.50169323101533
2026-08-02,2026-08-01,27.696957209850503,27.61893284387233,27.769189300661463
2026-08-02,2026-08-02,27.71205827901725,27.63747082062,27.777721102176635
2026-08-02,2026-08-03,27.727159348183985,27.658206634037416,27.797861002107688
2026-08-02,2026-08-04,27.742260417350725,27.674669388448983,27.811793034853604
2026-08-02,2026-08-05,27.75736148651747,27.68875709873884,27.82982449659221
2026-08-02,2026-08-06,27.77246255568421,27.70383177126041,27.83698229472882
2026-08-02,2026-08-07,27.78756362485096,27.717267304923592,27.86025732376796
2026-08-02,2026-08-08,27.802664694017693,27.7310682057768,27.87563491777578
2026-08-02,2026-08-09,27.81776576318444,27.746075825749607,27.88961557611552
2026-08-02,2026-08-10,27.83286683235118,27.756294228421712,27.902008468346803
2026-08-02,2026-08-11,27.84796790151792,27.77711755348624,27.91668939329454
2026-08-02,2026-08-12,27.86306897068466,27.787468762686306,27.93359046810006
2026-08-02,2026-08-13,27.87817003985141,27.800050777066417,27.95690474917528
2026-08-02,2026-08-14,27.893271109018148,27.81796864034259,27.96706754725596
2026-08-02,2026-08-15,27.90837217818489,27.82175884745554,27.980828306524483
2026-08-02,2026-08-16,27.92347324735163,27.845316176989147,27.9966547153636
2026-08-02,2026-08-17,27.93857431651837,27.85448065595305,28.01923015426319
2026-08-02,2026-08-18,27.95367538568512,27.872614651288647,28.0354554066636
2026-08-02,2026-08-19,27.96877645485186,27.88984349707432,28.05074897212021
2026-08-02,2026-08-20,27.9838775240186,27.89993387053877,28.06671231755345
2026-08-02,2026-08-21,27.99897859318534,27.910974160158457,28.084351230876823
2026-08-02,2026-08-22,28.014079662352085,27.926196158612555,28.09580207321377
2026-08-02,2026-08-23,28.029180731518828,27.93964098307508,28.11469951688317
2026-08-02,2026-08-24,28.044281800685567,27.957354041951376,28.137160941749464
2026-08-02,2026-08-25,28.059382869852307,27.97075386223964,28.14829476364504
2026-08-02,2026-08-26,28.074483939019053,27.9795601910052,28.16000396526879
2026-08-02,2026-08-27,28.0895850081858,27.9904429587528,28.1898139262608
2026-08-02,2026-08-28,28.104686077352536,28.007633275157456,28.199450402077886
2026-08-02,2026-08-29,28.119787146519275,28.018175694949413,28.22195322341961
2026-08-02,2026-08-30,28.134888215686026,28.03016741053643,28.2368557553146
2026-08-02,2026-08-31,28.14998928485276,28.04382652598239,28.24554017503034
2026-08-02,2026-09-01,28.165090354019505,28.048151314678204,28.273296830709427
2026-08-02,2026-09-02,28.180191423186244,28.057909336826658,28.291337627022223
2026-08-02,2026-09-03,28.195292492352984,28.07206165253981,28.30545222918605
2026-08-02,2026-09-04,28.21039356151973,28.083724205731816,28.33221669847532
2026-08-02,2026-09-05,28.22549463068648,28.09245757288333,28.35271622498897
2026-08-02,2026-09-06,28.240595699853213,28.10474090063932,28.362168060109763
2026-08-02,2026-09-07,28.255696769019952,28.115480667010008,28.39168501184956
2026-08-02,2026-09-08,28.2707978381867,28.12651684971574,28.398165858512257
2026-08-02,2026-09-09,28.28589890735344,28.135142404652782,28.42937821445048
2026-08-02,2026-09-10,28.30099997652018,28.152740520505183,28.45158409078044
2026-08-02,2026-09-11,28.316101045686928,28.16733922770036,28.45369074656298
2026-08-02,2026-09-12,28.331202114853667,28.161274458419776,28.46992451470749
2026-08-02,2026-09-13,28.34630318402041,28.17966528116735,28.50932983153068
2026-08-02,2026-09-14,28.36140425318715,28.16998443913232,28.52332089752058
2026-08-02,2026-09-15,28.37650532235389,28.20194761886153,28.54756325161561
2026-08-02,2026-09-16,28.39160639152064,28.222918967020178,28.5522607185954
2026-08-02,2026-09-17,28.40670746068737,28.21436502487609,28.59192314278149
2026-08-02,2026-09-18,28.42180852985412,28.22341574369784,28.60123661932101
2026-08-02,2026-09-19,28.43690959902085,28.227425380808217,28.62584420497532
2026-08-02,2026-09-20,28.452010668187604,28.256763153694965,28.64296327927353
2026-08-02,2026-09-21,28.467111737354344,28.26762871555118,28.65682427667186
2026-08-02,2026-09-22,28.482212806521087,28.253233256125707,28.67821046391171
2026-08-02,2026-09-23,28.497313875687823,28.251995632863096,28.697813453229696
2026-08-02,2026-09-24,28.512414944854573,28.279049089666003,28.729531921417955
2026-08-02,2026-09-25,28.527516014021312,28.26913599441428,28.744517004656224
2026-08-02,2026-09-26,28.54261708318806,28.28631370992965,28.76347489495884
2026-08-02,2026-09-27,28.557718152354795,28.307021659578023,28.790379787687453
2026-08-02,2026-09-28,28.57281922152154,28.312636680092584,28.81749075904217
2026-08-02,2026-09-29,28.58792029068828,28.31274995834516,28.82454031346804
2026-08-02,2026-09-30,28.603021359855028,28.322729859624,28.86770176492771
2026-08-02,2026-10-01,28.618122429021764,28.3409434125523,28.86584899754471
2026-08-02,2026-10-02,28.633223498188503,28.33333551589888,28.89750099783944
2026-08-02,2026-10-03,28.64832456735525,28.3748379765596,28.92728312594143
2026-08-02,2026-10-04,28.66342563652199,28.36337895707379,28.94507377491928
2026-08-02,2026-10-05,28.678526705688736,28.359410916348818,28.953800816855143
2026-08-02,2026-10-06,28.69362777485547,28.374879292599967,28.983286245743688
2026-08-02,2026-10-07,28.70872884402221,28.40161849836859,28.997839529241308
2026-08-02,2026-10-08,28.72382991318896,28.394172885728025,29.03409984223128
2026-08-02,2026-10-09,28.738930982355704,28.39506879087871,29.05104445579958
2026-08-02,2026-10-10,28.75403205152244,28.41428142787356,29.074362006414
2026-08-02,2026-10-11,28.769133120689187,28.40603009041043,29.08860639843193
2026-08-02,2026-10-12,28.784234189855933,28.43105256613412,29.128865941984817
2026-08-02,2026-10-13,28.79933525902268,28.4261272458307,29.13968980482453
2026-08-02,2026-10-14,28.81443632818941,28.45297262197684,29.153098921569555
2026-08-02,2026-10-15,28.829537397356155,28.43314375742891,29.1816596736886
2026-08-02,2026-10-16,28.84463846652289,28.466198593573324,29.210053547885853
2026-08-02,2026-10-17,28.85973953568964,28.46210151197403,29.222457096315782
2026-08-02,2026-10-18,28.87484060485638,28.46400671742799,29.24032254205944
2026-08-02,2026-10-19,28.889941674023124,28.47052666072563,29.256105442978377
2026-08-02,2026-10-20,28.905042743189863,28.490499170525386,29.28877448536876
2026-08-02,2026-10-21,28.92014381235661,28.488622885566063,29.308217191707858
2026-08-02,2026-10-22,28.93524488152335,28.49842655935507,29.33305884993089
2026-08-02,2026-10-23,28.95034595069009,28.500686820763228,29.361195293463453
2026-08-02,2026-10-24,28.965447019856832,28.52212204577537,29.39415264610336
2026-08-02,2026-10-25,28.98054808902358,28.524374830464627,29.41114713036082
2026-08-02,2026-10-26,28.99564915819032,28.52631784563997,29.44562398959641
2026-08-02,2026-10-27,29.010750227357057,28.53699675043215,29.44781156595393
2026-08-02,2026-10-28,29.0258512965238,28.54001243994546,29.48750348775878
2026-08-02,2026-10-29,29.040952365690547,28.54056661582852,29.48448531078817
2026-08-03,2026-08-04,27.73998527008317,27.67074918239264,27.812890176208228
2026-08-03,2026-08-05,27.75504752642992,27.68410699586149,27.82397396117375
2026-08-03,2026-08-06,27.770109782776665,27.697177381464687,27.84786725563297
2026-08-03,2026-08-07,27.785172039123417,27.70964807424334,27.86042772522957
2026-08-03,2026-08-08,27.800234295470165,27.729651305838534,27.881493306054864
2026-08-03,2026-08-09,27.81529655181692,27.742187255554533,27.89115309089206
2026-08-03,2026-08-10,27.830358808163663,27.758092671814005,27.9075957090489
2026-08-03,2026-08-11,27.84542106451041,27.77017386860828,27.924981498953127
2026-08-03,2026-08-12,27.86048332085716,27.78170236595932,27.93997038814525
2026-08-03,2026-08-13,27.875545577203912,27.80109934586127,27.94884505893804
2026-08-03,2026-08-14,27.89060783355066,27.815416788237464,27.97106357881972
2026-08-03,2026-08-15,27.905670089897413,27.82851100799047,27.982645031719915
2026-08-03,2026-08-16,27.92073234624416,27.839792754606183,28.001467842843084
2026-08-03,2026-08-17,27.935794602590907,27.85361901045365,28.018178913087503
2026-08-03,2026-08-18,27.95085685893766,27.877061900904348,28.03578306626662
2026-08-03,2026-08-19,27.965919115284407,27.887924450711903,28.05039484488383
2026-08-03,2026-08-20,27.98098137163116,27.898941504593942,28.067727190290856
2026-08-03,2026-08-21,27.996043627977908,27.91175337236225,28.07731762406519
2026-08-03,2026-08-22,28.011105884324653,27.923611251963724,28.09531301701257
2026-08-03,2026-08-23,28.0261681406714,27.941515482084583,28.11342722002734
2026-08-03,2026-08-24,28.04123039701816,27.95614591610829,28.12555135908853
2026-08-03,2026-08-25,28.056292653364903,27.96471081196509,28.14449313787401
2026-08-03,2026-08-26,28.07135490971165,27.986052876235448,28.157666529552785
2026-08-03,2026-08-27,28.086417166058403,27.997170274937936,28.172577401680048
2026-08-03,2026-08-28,28.10147942240516,28.00649846845917,28.19745870760085
2026-08-03,2026-08-29,28.116541678751904,28.024404058169843,28.21422687905169
2026-08-03,2026-08-30,28.131603935098656,28.033292749197862,28.22546191318155
2026-08-03,2026-08-31,28.1466661914454,28.04868488390505,28.24249002187141
2026-08-03,2026-09-01,28.16172844779215,28.06443019321264,28.263562025308897
2026-08-03,2026-09-02,28.176790704138902,28.074246970172123,28.275390087295506
2026-08-03,2026-09-03,28.19185296048565,28.08558481368569,28.301379484656653
2026-08-03,2026-09-04,28.206915216832403,28.10044881545532,28.307544437492243
2026-08-03,2026-09-05,28.22197747317915,28.11286515685254,28.333487490351125
2026-08-03,2026-09-06,28.237039729525897,28.12024710622286,28.33964820958657
2026-08-03,2026-09-07,28.252101985872645,28.14127069217429,28.37478648564844
2026-08-03,2026-09-08,28.2671642422194,28.151319765444644,28.38065377805389
2026-08-03,2026-09-09,28.282226498566143,28.156280378051708,28.405681665291688
2026-08-03,2026-09-10,28.2972887549129,28.166798313575125,28.410322447020228
2026-08-03,2026-09-11,28.312351011259647,28.190482089343103,28.43086189035731
2026-08-03,2026-09-12,28.327413267606392,28.19466873974696,28.451970599214047
2026-08-03,2026-09-13,28.342475523953148,28.20339361014756,28.479454288038365
2026-08-03,2026-09-14,28.357537780299893,28.22083107434052,28.49016971842709
2026-08-03,2026-09-15,28.372600036646645,28.229531092528177,28.50739582039529
2026-08-03,2026-09-16,28.3876622929934,28.24470348036381,28.534673369294687
2026-08-03,2026-09-17,28.402724549340142,28.260039644096395,28.54058947970418
2026-08-03,2026-09-18,28.417786805686887,28.26238982187484,28.56814757986234
2026-08-03,2026-09-19,28.43284906203364,28.270037799542813,28.58817785054352
2026-08-03,2026-09-20,28.44791131838039,28.278738930574416,28.61287415628456
2026-08-03,2026-09-21,28.46297357472714,28.28941532981502,28.63172309054796
2026-08-03,2026-09-22,28.47803583107389,28.31727549026609,28.64577293248864
2026-08-03,2026-09-23,28.49309808742064,28.3036908514852,28.66728485290709
2026-08-03,2026-09-24,28.50816034376739,28.32250488794725,28.703893270156875
2026-08-03,2026-09-25,28.52322260011413,28.34398298563421,28.709638186149203
2026-08-03,2026-09-26,28.53828485646089,28.349357063620115,28.724952070830177
2026-08-03,2026-09-27,28.55334711280764,28.35599620528074,28.745429158659555
2026-08-03,2026-09-28,28.568409369154384,28.35832928951978,28.77428162914483
2026-08-03,2026-09-29,28.583471625501137,28.374974972990305,28.78851312108553
2026-08-03,2026-09-30,28.598533881847885,28.384072887202763,28.8004547057761
2026-08-03,2026-10-01,28.61359613819464,28.38921370160375,28.83358918571832
2026-08-03,2026-10-02,28.628658394541382,28.405041821486936,28.85228190375953
2026-08-03,2026-10-03,28.64372065088813,28.41841972639005,28.86610571585647
2026-08-03,2026-10-04,28.65878290723488,28.43660681735236,28.888143943098303
2026-08-03,2026-10-05,28.673845163581632,28.43590749782104,28.90659663725208
2026-08-03,2026-10-06,28.688907419928377,28.44877897855677,28.93992640415767
2026-08-03,2026-10-07,28.703969676275133,28.456159202387365,28.95576879625301
2026-08-03,2026-10-08,28.71903193262188,28.46531979567352,28.99072028595957
2026-08-03,2026-10-09,28.734094188968623,28.47250366949488,28.997503431657588
2026-08-03,2026-10-10,28.74915644531538,28.488383685669376,29.024607443280804
2026-08-03,2026-10-11,28.76421870166213,28.495587395015303,29.037407968828507
2026-08-03,2026-10-12,28.77928095800888,28.505945343973373,29.06470209384478
2026-08-03,2026-10-13,28.794343214355628,28.50442610368746,29.09539019484039
2026-08-03,2026-10-14,28.809405470702373,28.505015323204223,29.1105943515146
2026-08-03,2026-10-15,28.824467727049125,28.522732832415528,29.13612400129832
2026-08-03,2026-10-16,28.83952998339588,28.53021064974043,29.16729303212534
2026-08-03,2026-10-17,28.854592239742622,28.557377412964808,29.17525302023157
2026-08-03,2026-10-18,28.86965449608937,28.5569491381259,29.19811033783196
2026-08-03,2026-10-19,28.88471675243612,28.569448596099928,29.223573806167565
2026-08-03,2026-10-20,28.899779008782875,28.54697470579006,29.244150242983576
2026-08-03,2026-10-21,28.91484126512962,28.59537720954707,29.26441528834514
2026-08-03,2026-10-22,28.929903521476376,28.59186776142884,29.280174005879
2026-08-03,2026-10-23,28.94496577782312,28.58946738031708,29.305268371583924
2026-08-03,2026-10-24,28.96002803416987,28.61778287565205,29.334714972892
2026-08-03,2026-10-25,28.975090290516626,28.61385335563952,29.35033876247536
2026-08-03,2026-10-26,28.99015254686337,28.624310912041874,29.370159813409167
2026-08-03,2026-10-27,29.005214803210123,28.6483278391972,29.38215330109169
2026-08-03,2026-10-28,29.02027705955687,28.639571589175457,29.422753076389835
2026-08-03,2026-10-29,29.035339315903617,28.651419553053803,29.43600983408707
2026-08-03,2026-10-30,29.050401572250365,28.655530823554177,29.4490142755948
2026-08-03,2026-10-31,29.06546382859712,28.671228945861657,29.47291323660968
2026-08-03,2026-11-01,29.080526084943862,28.682860798885592,29.52296277715752
2026-08-05,2026-08-06,27.77101997028591,27.700386119256645,27.847183763152486
2026-08-05,2026-08-07,27.78608055364318,27.71039679067632,27.867715968172853
2026-08-05,2026-08-08,27.801141137000457,27.72529324014208,27.88131032527821
2026-08-05,2026-08-09,27.81620172035773,27.73849439419224,27.891699826608384
2026-08-05,2026-08-10,27.831262303715008,27.753843055930083,27.902373348781783
2026-08-05,2026-08-11,27.846322887072283,27.76855684697948,27.92001687334721
2026-08-05,2026-08-12,27.86138347042956,27.783644719635188,27.9343950726756
2026-08-05,2026-08-13,27.87644405378684,27.80327940770635,27.952362641725824
2026-08-05,2026-08-14,27.89150463714411,27.81284343945072,27.963756061492592
2026-08-05,2026-08-15,27.906565220501385,27.831685257739554,27.98161624124161
2026-08-05,2026-08-16,27.921625803858667,27.84105770926687,28.00329055765876
2026-08-05,2026-08-17,27.936686387215936,27.86440136650001,28.013968897750505
2026-08-05,2026-08-18,27.95174697057321,27.87110816845337,28.02427897733441
2026-08-05,2026-08-19,27.966807553930494,27.89279154780697,28.045862361381342
2026-08-05,2026-08-20,27.98186813728777,27.90459544048377,28.05575679152957
2026-08-05,2026-08-21,27.996928720645045,27.91685809025988,28.07989446643912
2026-08-05,2026-08-22,28.01198930400232,27.93501901067082,28.09121640487277
2026-08-05,2026-08-23,28.027049887359595,27.93971610842448,28.111380781773008
2026-08-05,2026-08-24,28.042110470716874,27.955397155187708,28.123659688556355
2026-08-05,2026-08-25,28.05717105407415,27.97928158872446,28.1410461785302
2026-08-05,2026-08-26,28.072231637431425,27.98781248518629,28.159907457295777
2026-08-05,2026-08-27,28.0872922207887,28.004858247682595,28.16815391995388
2026-08-05,2026-08-28,28.102352804145976,28.012722693311737,28.18732314425992
2026-08-05,2026-08-29,28.11741338750325,28.02267024461837,28.205733533821054
2026-08-05,2026-08-30,28.132473970860527,28.04399980400148,28.22519864179409
2026-08-05,2026-08-31,28.147534554217803,28.051206928890664,28.23661544816458
2026-08-05,2026-09-01,28.16259513757508,28.06856400925655,28.256671332057632
2026-08-05,2026-09-02,28.17765572093236,28.077883369971328,28.26897964902918
2026-08-05,2026-09-03,28.19271630428963,28.102766277042186,28.287323101107447
2026-08-05,2026-09-04,28.207776887646904,28.108750242841207,28.309687952346128
2026-08-05,2026-09-05,28.22283747100418,28.11657823859384,28.3183292803454
2026-08-05,2026-09-06,28.237898054361462,28.129585734159384,28.34653068403025
2026-08-05,2026-09-07,28.25295863771873,28.14253783033245,28.36889665076376
2026-08-05,2026-09-08,28.268019221076013,28.161982610027056,28.376910077984903
2026-08-05,2026-09-09,28.283079804433285,28.179171346283788,28.396883095362902
2026-08-05,2026-09-10,28.29814038779056,28.183915519343504,28.41149078215106
2026-08-05,2026-09-11,28.31320097114784,28.193478424352467,28.42893417101552
2026-08-05,2026-09-12,28.32826155450511,28.197834504719104,28.4509559064701
2026-08-05,2026-09-13,28.343322137862387,28.22793750682209,28.470075649930752
2026-08-05,2026-09-14,28.35838272121967,28.23211681337168,28.47996173634061
2026-08-05,2026-09-15,28.373443304576945,28.23643461239089,28.50226593279775
2026-08-05,2026-09-16,28.38850388793422,28.25439767421192,28.52803322270957
2026-08-05,2026-09-17,28.403564471291496,28.2641438268335,28.535262051994465
2026-08-05,2026-09-18,28.41862505464877,28.27371716317448,28.54888537567207
2026-08-05,2026-09-19,28.433685638006047,28.28729536891512,28.573138653382184
2026-08-05,2026-09-20,28.44874622136332,28.30148645204309,28.59570809495242
2026-08-05,2026-09-21,28.4638068047206,28.30778343511485,28.61765039752673
2026-08-05,2026-09-22,28.47886738807788,28.31937629939323,28.62836970977897
2026-08-05,2026-09-23,28.49392797143515,28.336384220074155,28.651665631288616
2026-08-05,2026-09-24,28.508988554792424,28.339420048689544,28.668456128329684
2026-08-05,2026-09-25,28.524049138149703,28.3593446381256,28.67934904233506
2026-08-05,2026-09-26,28.53910972150697,28.36887551887298,28.70819712260924
2026-08-05,2026-09-27,28.55417030486425,28.371285053719465,28.72049133715544
2026-08-05,2026-09-28,28.56923088822153,28.391596440669293,28.754576661300124
2026-08-05,2026-09-29,28.584291471578805,28.39425163407816,28.769673680902844
2026-08-05,2026-09-30,28.59935205493608,28.39823818276498,28.785513998091226
2026-08-05,2026-10-01,28.61441263829336,28.419217980380548,28.803115218372103
2026-08-05,2026-10-02,28.62947322165063,28.4258583732588,28.824398515731787
2026-08-05,2026-10-03,28.64453380500792,28.422697224166768,28.8405133995332
2026-08-05,2026-10-04,28.65959438836519,28.42953410097693,28.86792067052832
2026-08-05,2026-10-05,28.674654971722457,28.44327084922554,28.87918917777439
2026-08-05,2026-10-06,28.68971555507974,28.46343567381971,28.89654302050662
2026-08-05,2026-10-07,28.70477613843701,28.46474118549875,28.92769442666601
2026-08-05,2026-10-08,28.71983672179429,28.47876292325552,28.952641324255364
2026-08-05,2026-10-09,28.734897305151566,28.47529344457501,28.96696927256659
2026-08-05,2026-10-10,28.74995788850884,28.490726114406943,28.97845381494741
2026-08-05,2026-10-11,28.76501847186612,28.50948893914024,28.996298831415395
2026-08-05,2026-10-12,28.78007905522339,28.52155768835198,29.039529168477003
2026-08-05,2026-10-13,28.795139638580665,28.530127546918447,29.03572821418252
2026-08-05,2026-10-14,28.81020022193794,28.539004694181543,29.072550361485604
2026-08-05,2026-10-15,28.825260805295216,28.550106376853268,29.096132353498803
2026-08-05,2026-10-16,28.84032138865249,28.55311484604818,29.12607104954483
2026-08-05,2026-10-17,28.855381972009774,28.566635346984697,29.136596469801432
2026-08-05,2026-10-18,28.87044255536704,28.569716966931285,29.149079498429582
2026-08-05,2026-10-19,28.885503138724324,28.58995277378084,29.18646436931304
2026-08-05,2026-10-20,28.9005637220816,28.595194534119464,29.20861749001813
2026-08-05,2026-10-21,28.915624305438875,28.608088108842445,29.229090747408183
2026-08-05,2026-10-22,28.93068488879615,28.60444672659764,29.254003745462647
2026-08-05,2026-10-23,28.945745472153423,28.630549984121377,29.264925438865266
2026-08-05,2026-10-24,28.9608060555107,28.63945030335417,29.2710807218497
2026-08-05,2026-10-25,28.97586663886798,28.63338528113778,29.29084232091516
2026-08-05,2026-10-26,28.990927222225256,28.632611534622967,29.31297050425249
2026-08-05,2026-10-27,29.00598780558253,28.64990880872448,29.33328173416988
2026-08-05,2026-10-28,29.021048388939807,28.66054099347745,29.366695538391784
2026-08-05,2026-10-29,29.03610897229708,28.67204252061399,29.410118967874983
2026-08-05,2026-10-30,29.05116955565436,28.68076978142066,29.414664865447204
2026-08-05,2026-10-31,29.06623013901164,28.6833505481482,29.438123865818508
2026-08-05,2026-11-01,29.08129072236891,28.6999253592256,29.460879742859703
2026-08-05,2026-11-02,29.096351305726184,28.7023402230868,29.485688488216013
2026-08-05,2026-11-03,29.11141188908346,28.700165115729344,29.533622985990423
2026-08-08,2026-08-08,27.80316271398224,27.720294482298264,27.876148209505345
2026-08-08,2026-08-09,27.81828118249964,27.742812485915373,27.89620509865298
2026-08-08,2026-08-10,27.833399651017032,27.760595801995823,27.913577138705644
2026-08-08,2026-08-11,27.848518119534432,27.76777032119265,27.925326462642914
2026-08-08,2026-08-12,27.86363658805184,27.78678506131808,27.93853508010556
2026-08-08,2026-08-13,27.87875505656924,27.8029753015096,27.96420184850106
2026-08-08,2026-08-14,27.893873525086622,27.817753179790262,27.97085243073889
2026-08-08,2026-08-15,27.908991993604022,27.83787107951461,27.99009840858711
2026-08-08,2026-08-16,27.924110462121423,27.852134225935743,28.00706809601415
2026-08-08,2026-08-17,27.939228930638823,27.85706088460181,28.02351211646544
2026-08-08,2026-08-18,27.95434739915622,27.87365440332865,28.032091163793936
2026-08-08,2026-08-19,27.96946586767362,27.88457508921597,28.046738657337368
2026-08-08,2026-08-20,27.98458433619102,27.90866834205352,28.06552540654169
2026-08-08,2026-08-21,27.99970280470842,27.90981917907752,28.076433839966665
2026-08-08,2026-08-22,28.014821273225813,27.92874932330304,28.092351070454
2026-08-08,2026-08-23,28.02993974174321,27.9509925669177,28.115739247722363
2026-08-08,2026-08-24,28.045058210260606,27.96209848704521,28.12348199863419
2026-08-08,2026-08-25,28.060176678778006,27.979178998982484,28.147957962433257
2026-08-08,2026-08-26,28.075295147295407,27.99494416470934,28.15921427896049
2026-08-08,2026-08-27,28.090413615812807,28.003798078715857,28.17684952581075
2026-08-08,2026-08-28,28.1055320843302,28.018445099265566,28.188787882190592
2026-08-08,2026-08-29,28.1206505528476,28.023477689293845,28.203687279260954
2026-08-08,2026-08-30,28.135769021365,28.04816493027609,28.224556468814026
2026-08-08,2026-08-31,28.1508874898824,28.06035378386756,28.243829685307613
2026-08-08,2026-09-01,28.1660059583998,28.080538251680867,28.25582167176091
2026-08-08,2026-09-02,28.1811244269172,28.085038241975465,28.27297818398216
2026-08-08,2026-09-03,28.1962428954346,28.09804279320814,28.282991075631475
2026-08-08,2026-09-04,28.211361363951987,28.11673794062155,28.310995030988977
2026-08-08,2026-09-05,28.226479832469387,28.124515419600023,28.31843225920205
2026-08-08,2026-09-06,28.24159830098678,28.13694825990136,28.35152609225779
2026-08-08,2026-09-07,28.25671676950418,28.15500302089006,28.361530498714384
2026-08-08,2026-09-08,28.27183523802158,28.16288148533374,28.376797073222704
2026-08-08,2026-09-09,28.28695370653898,28.17906689303092,28.387618485927824
2026-08-08,2026-09-10,28.302072175056374,28.18371486708665,28.40999261112681
2026-08-08,2026-09-11,28.31719064357377,28.206809930778608,28.43233355899064
2026-08-08,2026-09-12,28.33230911209117,28.220302980233587,28.447422863367724
2026-08-08,2026-09-13,28.34742758060857,28.23352815864401,28.453621906939908
2026-08-08,2026-09-14,28.36254604912597,28.23750378694531,28.47953644703589
2026-08-08,2026-09-15,28.37766451764337,28.256505647933288,28.505469112125187
2026-08-08,2026-09-16,28.392782986160768,28.26701050941189,28.512049209687703
2026-08-08,2026-09-17,28.407901454678168,28.28867513097603,28.53776005080041
2026-08-08,2026-09-18,28.423019923195564,28.29304991781068,28.5572750192018
2026-08-08,2026-09-19,28.43813839171296,28.318139984871,28.564207215062133
2026-08-08,2026-09-20,28.45325686023036,28.309373047928663,28.5913605689742
2026-08-08,2026-09-21,28.46837532874776,28.32447693053325,28.604043805359183
2026-08-08,2026-09-22,28.48349379726516,28.322344444929392,28.62754444424388
2026-08-08,2026-09-23,28.49861226578255,28.345372692183584,28.63965754207853
2026-08-08,2026-09-24,28.51373073429995,28.34176450820568,28.66504622086329
2026-08-08,2026-09-25,28.52884920281735,28.36440519308084,28.689485447128146
2026-08-08,2026-09-26,28.54396767133475,28.38001599712736,28.69207145520252
2026-08-08,2026-09-27,28.559086139852145,28.39854352109851,28.7152771886028
2026-08-08,2026-09-28,28.574204608369545,28.399640210524733,28.736485229896505
2026-08-08,2026-09-29,28.589323076886945,28.41345533399935,28.755286725179047
2026-08-08,2026-09-30,28.604441545404345,28.42746627874507,28.783123076752787
2026-08-08,2026-10-01,28.61956001392174,28.425301215693576,28.8031267618829
2026-08-08,2026-10-02,28.63467848243914,28.448537898231,28.80657762740781
2026-08-08,2026-10-03,28.64979695095653,28.460549443081728,28.824329763131043
2026-08-08,2026-10-04,28.66491541947393,28.45897188270793,28.85882461001989
2026-08-08,2026-10-05,28.68003388799133,28.47990886367533,28.872547375447617
2026-08-08,2026-10-06,28.69515235650873,28.4850588433082,28.88474425187664
2026-08-08,2026-10-07,28.710270825026125,28.4877472851653,28.91174142954564
2026-08-08,2026-10-08,28.725389293543525,28.51139892682875,28.923900982563115
2026-08-08,2026-10-09,28.74050776206093,28.526830342872824,28.94995553300492
2026-08-08,2026-10-10,28.75562623057833,28.52468364273526,28.98384407253049
2026-08-08,2026-10-11,28.77074469909572,28.53341008160848,29.00576867607452
2026-08-08,2026-10-12,28.78586316761312,28.5377895761554,29.013531079550607
2026-08-08,2026-10-13,28.80098163613052,28.556195075713173,29.032717705225668
2026-08-08,2026-10-14,28.81610010464792,28.57323943845029,29.06544180816729
2026-08-08,2026-10-15,28.831218573165312,28.568754406902823,29.085828093310752
2026-08-08,2026-10-16,28.84633704168271,28.594907756845,29.103936675804995
2026-08-08,2026-10-17,28.86145551020011,28.593629672128,29.126873735077066
2026-08-08,2026-10-18,28.876573978717506,28.607761529391656,29.14128277746042
2026-08-08,2026-10-19,28.891692447234902,28.602499831549068,29.17422681723328
2026-08-08,2026-10-20,28.906810915752303,28.63341668148856,29.19701825176847
2026-08-08,2026-10-21,28.921929384269703,28.629345194083,29.200142234386547
2026-08-08,2026-10-22,28.937047852787103,28.644199848232923,29.23267146187719
2026-08-08,2026-10-23,28.9521663213045,28.64593117846032,29.24712262832404
2026-08-08,2026-10-24,28.967284789821896,28.649264511537293,29.273284668106907
2026-08-08,2026-10-25,28.982403258339296,28.6609663862588,29.302402679732715
2026-08-08,2026-10-26,28.997521726856696,28.662341528395068,29.31874224446376
2026-08-08,2026-10-27,29.012640195374097,28.689341700186784,29.32865312501237
2026-08-08,2026-10-28,29.02775866389149,28.689070108223994,29.36314621164801
2026-08-08,2026-10-29,29.04287713240889,28.69409759857249,29.3794472267372
2026-08-08,2026-10-30,29.057995600926283,28.69807252858199,29.386464709374017
2026-08-08,2026-10-31,29.073114069443683,28.717359036948977,29.420168751954915
2026-08-08,2026-11-01,29.088232537961083,28.7228526101188,29.429775979169943
2026-08-08,2026-11-02,29.103351006478483,28.74148333781053,29.469206301711505
2026-08-08,2026-11-03,29.11846947499588,28.75206893717555,29.498784957200314
2026-08-08,2026-11-04,29.13358794351328,28.74003055070962,29.51463420309757
2026-08-08,2026-11-05,29.14870641203068,28.752812721856124,29.53494072404872
2026-08-10,2026-08-11,27.84573520744481,27.766842219309392,27.92201776584401
2026-08-10,2026-08-12,27.860806840034414,27.783072693460767,27.94171067707987
2026-08-10,2026-08-13,27.875878472624017,27.795529965539227,27.957223727639555
2026-08-10,2026-08-14,27.89095010521362,27.80900296577867,27.96727594082617
2026-08-10,2026-08-15,27.90602173780321,27.82734859705443,27.98245539815948
2026-08-10,2026-08-16,27.921093370392818,27.84194668571673,27.999395254192493
2026-08-10,2026-08-17,27.93616500298242,27.860322134923223,28.018684067519136
2026-08-10,2026-08-18,27.95123663557202,27.86825195127246,28.036128844968257
2026-08-10,2026-08-19,27.966308268161622,27.883133245560835,28.046789590117164
2026-08-10,2026-08-20,27.981379900751225,27.90353902415592,28.06267458972553
2026-08-10,2026-08-21,27.996451533340828,27.913541502305936,28.079309586060816
2026-08-10,2026-08-22,28.01152316593043,27.929487211654383,28.08966143618122
2026-08-10,2026-08-23,28.026594798520023,27.94903241562932,28.113899391197325
2026-08-10,2026-08-24,28.04166643110963,27.959982408024345,28.127302995329444
2026-08-10,2026-08-25,28.056738063699232,27.974417517227906,28.13708657532567
2026-08-10,2026-08-26,28.071809696288827,27.9873188754928,28.15864641802948
2026-08-10,2026-08-27,28.08688132887843,28.005357462351377,28.17272267906189
2026-08-10,2026-08-28,28.10195296146804,28.01676794067416,28.18460220162228
2026-08-10,2026-08-29,28.11702459405764,28.0348439826024,28.20929947268762
2026-08-10,2026-08-30,28.13209622664724,28.04760634466877,28.221750694017324
2026-08-10,2026-08-31,28.14716785923684,28.05925588988716,28.23506968923148
2026-08-10,2026-09-01,28.16223949182644,28.073949754551595,28.255744076574228
2026-08-10,2026-09-02,28.177311124416043,28.08807442087679,28.26919277618452
2026-08-10,2026-09-03,28.19238275700565,28.09916832464328,28.2845854784332
2026-08-10,2026-09-04,28.20745438959525,28.1172141200016,28.299779887685943
2026-08-10,2026-09-05,28.222526022184844,28.13406632720677,28.32131630596012
2026-08-10,2026-09-06,28.237597654774447,28.14858453898371,28.32875220756892
2026-08-10,2026-09-07,28.25266928736405,28.157287076893304,28.35120025506279
2026-08-10,2026-09-08,28.26774091995365,28.169132192725403,28.36331468973948
2026-08-10,2026-09-09,28.28281255254325,28.18345608873699,28.38578368127056
2026-08-10,2026-09-10,28.29788418513285,28.20351827565408,28.40196033586416
2026-08-10,2026-09-11,28.31295581772245,28.208934274284704,28.419701874872803
2026-08-10,2026-09-12,28.328027450312057,28.229478612351954,28.43094575385431
2026-08-10,2026-09-13,28.34309908290165,28.239676121644305,28.4550443545923
2026-08-10,2026-09-14,28.35817071549125,28.251014047151283,28.46606938877178
2026-08-10,2026-09-15,28.373242348080858,28.26341179217761,28.48449062006333
2026-08-10,2026-09-16,28.388313980670457,28.278315346282323,28.504949209888355
2026-08-10,2026-09-17,28.40338561326006,28.286731608661828,28.524961468917148
2026-08-10,2026-09-18,28.418457245849662,28.30514326226921,28.548107493572733
2026-08-10,2026-09-19,28.433528878439265,28.312196416421934,28.55684482366725
2026-08-10,2026-09-20,28.448600511028868,28.33361696923433,28.56987407986779
2026-08-10,2026-09-21,28.463672143618464,28.345795889479568,28.587659648045207
2026-08-10,2026-09-22,28.478743776208063,28.351838158633463,28.614191731076644
2026-08-10,2026-09-23,28.49381540879767,28.36438961479377,28.619430199235644
2026-08-10,2026-09-24,28.508887041387265,28.38179446106588,28.647617351979104
2026-08-10,2026-09-25,28.523958673976868,28.391315353750706,28.652196172120146
2026-08-10,2026-09-26,28.53903030656647,28.396349067478287,28.675192172521225
2026-08-10,2026-09-27,28.55410193915608,28.41145260503656,28.69354380928151
2026-08-10,2026-09-28,28.56917357174568,28.43112150690528,28.722861713653543
2026-08-10,2026-09-29,28.584245204335275,28.43936574889865,28.73243463729179
2026-08-10,2026-09-30,28.59931683692488,28.442919852656427,28.7457503942404
2026-08-10,2026-10-01,28.61438846951448,28.46117701242412,28.76198916980378
2026-08-10,2026-10-02,28.62946010210408,28.4824465848308,28.78000094144406
2026-08-10,2026-10-03,28.64453173469368,28.48132266297781,28.806651432200788
2026-08-10,2026-10-04,28.65960336728328,28.49634755982984,28.819701046778903
2026-08-10,2026-10-05,28.674674999872884,28.51794225991424,28.843597934745425
2026-08-10,2026-10-06,28.689746632462487,28.50591261102168,28.861696292224348
2026-08-10,2026-10-07,28.704818265052083,28.52036351506648,28.881040400482725
2026-08-10,2026-10-08,28.71988989764169,28.53839376642844,28.89773319505561
2026-08-10,2026-10-09,28.73496153023129,28.55009423902997,28.91595564077244
2026-08-10,2026-10-10,28.750033162820888,28.56492214217204,28.942312648002783
2026-08-10,2026-10-11,28.76510479541049,28.57512356171233,28.95066346199307
2026-08-10,2026-10-12,28.780176428000093,28.585418507969955,28.967726911286483
2026-08-10,2026-10-13,28.79524806058969,28.58132308425749,28.99101429081682
2026-08-10,2026-10-14,28.81031969317929,28.601015897569457,29.01999427763181
2026-08-10,2026-10-15,28.82539132576889,28.60388987880951,29.04654277111415
2026-08-10,2026-10-16,28.840462958358497,28.60451250789949,29.0602975712994
2026-08-10,2026-10-17,28.8555345909481,28.63284547077679,29.0815664388358
2026-08-10,2026-10-18,28.870606223537703,28.644321286051856,29.096183496161764
2026-08-10,2026-10-19,28.885677856127305,28.64654680984943,29.11477420706836
2026-08-10,2026-10-20,28.9007494887169,28.65800466958809,29.133241140645204
2026-08-10,2026-10-21,28.915821121306504,28.6768074012601,29.1626773324902
2026-08-10,2026-10-22,28.930892753896103,28.688529121910967,29.17125710497096
2026-08-10,2026-10-23,28.945964386485706,28.69639486872708,29.190182602869267
2026-08-10,2026-10-24,28.961036019075305,28.69852012850148,29.20728505205829
2026-08-10,2026-10-25,28.976107651664908,28.710249347895584,29.22263315704849
2026-08-10,2026-10-26,28.99117928425451,28.720275087227176,29.26508569898074
2026-08-10,2026-10-27,29.00625091684412,28.73775350301944,29.280613445725283
2026-08-10,2026-10-28,29.021322549433712,28.72531249605548,29.308628364354377
2026-08-10,2026-10-29,29.036394182023315,28.7402411956426,29.32663834210773
2026-08-10,2026-10-30,29.05146581461292,28.756295196236064,29.33304848021873
2026-08-10,2026-10-31,29.06653744720252,28.78384413690828,29.3589252168312
2026-08-10,2026-11-01,29.08160907979212,28.77428866764226,29.37335981237344
2026-08-10,2026-11-02,29.09668071238172,28.78210104140426,29.39913193114377
2026-08-10,2026-11-03,29.11175234497132,28.79477173004777,29.426638071846963
2026-08-10,2026-11-04,29.126823977560925,28.812351971359885,29.440333011713086
2026-08-10,2026-11-05,29.14189561015052,28.8347092484168,29.46747554275176
2026-08-10,2026-11-06,29.156967242740123,28.83536375267185,29.49044841535086
2026-08-10,2026-11-07,29.17203887532973,28.831298856367567,29.503105475922148
2026-08-10,2026-11-08,29.187110507919325,28.84344706356301,29.53217361684592
2026-08-11,2026-08-12,27.861829064365075,27.77991866200309,27.949244115271508
2026-08-11,2026-08-13,27.87691820760928,27.79787889313297,27.96312543523773
2026-08-11,2026-08-14,27.892007350853486,27.815116712758936,27.97733737256847
2026-08-11,2026-08-15,27.907096494097686,27.83098294058329,27.98634208070549
2026-08-11,2026-08-16,27.922185637341894,27.845579144962684,28.00337932172652
2026-08-11,2026-08-17,27.93727478058609,27.857638613176988,28.0193379914808
2026-08-11,2026-08-18,27.952363923830298,27.86814611810525,28.031467015230465
2026-08-11,2026-08-19,27.96745306707449,27.88610051392004,28.049046482626
2026-08-11,2026-08-20,27.982542210318705,27.901218180890293,28.06436891502764
2026-08-11,2026-08-21,27.997631353562905,27.91791026172189,28.077662309557773
2026-08-11,2026-08-22,28.01272049680712,27.93548545281444,28.10102557489781
2026-08-11,2026-08-23,28.02780964005132,27.944866835263404,28.11355230173349
2026-08-11,2026-08-24,28.04289878329552,27.960020115549003,28.13132362505237
2026-08-11,2026-08-25,28.05798792653972,27.975528420784663,28.138589603112123
2026-08-11,2026-08-26,28.073077069783924,27.9878777358002,28.1577659553913
2026-08-11,2026-08-27,28.088166213028124,28.0041700484938,28.17427218610709
2026-08-11,2026-08-28,28.10325535627233,28.016276739910765,28.18439430366874
2026-08-11,2026-08-29,28.11834449951653,28.037700479555514,28.21061247418738
2026-08-11,2026-08-30,28.13343364276073,28.044155694345257,28.217979760741937
2026-08-11,2026-08-31,28.148522786004943,28.06489407964604,28.23937737787405
2026-08-11,2026-09-01,28.163611929249143,28.08226855399984,28.251404528538004
2026-08-11,2026-09-02,28.178701072493343,28.090159363520502,28.264686258224
2026-08-11,2026-09-03,28.19379021573755,28.10490837112078,28.28137748300472
2026-08-11,2026-09-04,28.20887935898176,28.117516626603905,28.30012529072122
2026-08-11,2026-09-05,28.223968502225954,28.12885416140476,28.317248183357705
2026-08-11,2026-09-06,28.239057645470155,28.14570516957537,28.330251543702285
2026-08-11,2026-09-07,28.25414678871436,28.15916712055436,28.34977263034336
2026-08-11,2026-09-08,28.26923593195857,28.18075593556874,28.359042432495496
2026-08-11,2026-09-09,28.28432507520277,28.18717221502836,28.37972263363025
2026-08-11,2026-09-10,28.299414218446973,28.19736294064399,28.39876067466904
2026-08-11,2026-09-11,28.314503361691173,28.21924392129644,28.412913837203195
2026-08-11,2026-09-12,28.32959250493538,28.227644688259385,28.43422581077231
2026-08-11,2026-09-13,28.34468164817958,28.243687325741817,28.446451855145373
2026-08-11,2026-09-14,28.359770791423788,28.25305839285422,28.46641095595293
2026-08-11,2026-09-15,28.374859934667988,28.26772823510661,28.476968036231987
2026-08-11,2026-09-16,28.389949077912192,28.286453617788016,28.49838120237484
2026-08-11,2026-09-17,28.405038221156392,28.29370179467413,28.5206409906264
2026-08-11,2026-09-18,28.4201273644006,28.30372120279112,28.52859107172672
2026-08-11,2026-09-19,28.4352165076448,28.331012821934213,28.55201761493053
2026-08-11,2026-09-20,28.450305650889007,28.333092143936994,28.569119890557943
2026-08-11,2026-09-21,28.46539479413321,28.34457715557439,28.585781384519457
2026-08-11,2026-09-22,28.48048393737741,28.36434701437816,28.60462500855491
2026-08-11,2026-09-23,28.49557308062161,28.368155775501688,28.6217469141028
2026-08-11,2026-09-24,28.51066222386582,28.38811546039338,28.639780139189224
2026-08-11,2026-09-25,28.525751367110026,28.404364410193047,28.65840614933301
2026-08-11,2026-09-26,28.540840510354226,28.414927547744963,28.67797231211373
2026-08-11,2026-09-27,28.555929653598422,28.43981343145188,28.698842179263416
2026-08-11,2026-09-28,28.57101879684263,28.44208994787553,28.7036365618492
2026-08-11,2026-09-29,28.58610794008684,28.4559713845481,28.74120508544216
2026-08-11,2026-09-30,28.60119708333104,28.476353540137232,28.74401899417261
2026-08-11,2026-10-01,28.616286226575244,28.47299819127111,28.773943643318336
2026-08-11,2026-10-02,28.631375369819445,28.49431527914028,28.787213952066885
2026-08-11,2026-10-03,28.64646451306365,28.50334837927051,28.80947288911519
2026-08-11,2026-10-04,28.661553656307856,28.52512082167316,28.82058232928488
2026-08-11,2026-10-05,28.676642799552056,28.51510683823201,28.84205674901836
2026-08-11,2026-10-06,28.691731942796256,28.543948550190294,28.873218328287543
2026-08-11,2026-10-07,28.706821086040463,28.556167700486267,28.87843915018888
2026-08-11,2026-10-08,28.72191022928466,28.55446221913777,28.9124980261433
2026-08-11,2026-10-09,28.736999372528867,28.575349964268,28.933411685131205
2026-08-11,2026-10-10,28.752088515773067,28.5829365617001,28.94122215183457
2026-08-11,2026-10-11,28.767177659017275,28.59781901306193,28.96372322722528
2026-08-11,2026-10-12,28.78226680226148,28.614541915891287,28.98068917291513
2026-08-11,2026-10-13,28.79735594550568,28.620079530367693,29.00087715322352
2026-08-11,2026-10-14,28.81244508874988,28.63451140856941,29.013744846278293
2026-08-11,2026-10-15,28.82753423199409,28.65055840959024,29.03784610714243
2026-08-11,2026-10-16,28.842623375238293,28.650888878783253,29.05577408072399
2026-08-11,2026-10-17,28.857712518482494,28.67193748708612,29.07354683983226
2026-08-11,2026-10-18,28.87280166172669,28.67602513180572,29.08496057998697
2026-08-11,2026-10-19,28.887890804970898,28.67723189297448,29.11113732057129
2026-08-11,2026-10-20,28.902979948215105,28.70370221814614,29.13643116699684
2026-08-11,2026-10-21,28.918069091459305,28.705842584991228,29.15412161563522
2026-08-11,2026-10-22,28.933158234703512,28.69442919420181,29.18291063354765
2026-08-11,2026-10-23,28.94824737794772,28.73445822308726,29.18721803355292
2026-08-11,2026-10-24,28.96333652119192,28.75681390298492,29.223030411853006
2026-08-11,2026-10-25,28.978425664436124,28.747525942202707,29.22569518173245
2026-08-11,2026-10-26,28.993514807680324,28.77237522778204,29.24286034394693
2026-08-11,2026-10-27,29.008603950924524,28.777699409400444,29.274034688550067
2026-08-11,2026-10-28,29.02369309416873,28.78214747732164,29.29291449730696
2026-08-11,2026-10-29,29.03878223741293,28.79348683279623,29.31190675984487
2026-08-11,2026-10-30,29.05387138065713,28.814168884004108,29.33973611351316
2026-08-11,2026-10-31,29.06896052390133,28.813061670432862,29.35896197757388
2026-08-11,2026-11-01,29.084049667145543,28.823191607403604,29.37406019055558
2026-08-11,2026-11-02,29.099138810389743,28.85649281595556,29.391274286098103
2026-08-11,2026-11-03,29.11422795363395,28.84026598081031,29.398831412719087
2026-08-11,2026-11-04,29.12931709687816,28.851059521239115,29.43765752592601
2026-08-11,2026-11-05,29.14440624012236,28.875612926826072,29.45576312493993
2026-08-11,2026-11-06,29.15949538336656,28.878739598613024,29.479983210272497
2026-08-11,2026-11-07,29.17458452661076,28.897229592542256,29.489142222967843
2026-08-11,2026-11-08,29.18967366985496,28.89962529962296,29.514880235681687
2026-08-11,2026-11-09,29.20476281309917,28.93550564518032,29.537150621527
2026-08-12,2026-08-13,27.877064122661366,27.79682043626065,27.951679436789163
2026-08-12,2026-08-14,27.89215168414668,27.816549865882628,27.97459263842257
2026-08-12,2026-08-15,27.907239245631988,27.82811616025857,27.99186175065574
2026-08-12,2026-08-16,27.92232680711729,27.84445738694463,28.001891533728816
2026-08-12,2026-08-17,27.937414368602603,27.85271865033702,28.01838103670976
2026-08-12,2026-08-18,27.95250193008792,27.87403320671018,28.03290612255048
2026-08-12,2026-08-19,27.967589491573225,27.88678516039033,28.047424234594747
2026-08-12,2026-08-20,27.98267705305853,27.90001971775565,28.06708235931189
2026-08-12,2026-08-21,27.997764614543847,27.92224141517227,28.08218339932259
2026-08-12,2026-08-22,28.01285217602916,27.92840697065618,28.091822533704303
2026-08-12,2026-08-23,28.027939737514465,27.9423623274638,28.109411987924368
2026-08-12,2026-08-24,28.043027298999768,27.96138069646611,28.130368246303146
2026-08-12,2026-08-25,28.058114860485084,27.97495051153681,28.140936118664182
2026-08-12,2026-08-26,28.07320242197039,27.986593816049744,28.154358506621225
2026-08-12,2026-08-27,28.088289983455702,28.001564523359907,28.16609102943137
2026-08-12,2026-08-28,28.10337754494101,28.02099896601904,28.18652950558216
2026-08-12,2026-08-29,28.11846510642632,28.037007127263056,28.203088861120943
2026-08-12,2026-08-30,28.133552667911623,28.043442107658688,28.22062871562721
2026-08-12,2026-08-31,28.148640229396936,28.06111142387657,28.237126126291592
2026-08-12,2026-09-01,28.16372779088225,28.072944864673,28.250151630887085
2026-08-12,2026-09-02,28.17881535236756,28.08876061905535,28.26747831234111
2026-08-12,2026-09-03,28.193902913852863,28.1049049107706,28.281235016421988
2026-08-12,2026-09-04,28.20899047533818,28.12051730624752,28.30297287422391
2026-08-12,2026-09-05,28.224078036823485,28.134943319981872,28.31528941526805
2026-08-12,2026-09-06,28.239165598308794,28.14530157568608,28.33202139978488
2026-08-12,2026-09-07,28.254253159794104,28.160144693113708,28.338958064298133
2026-08-12,2026-09-08,28.269340721279416,28.169140016451987,28.360370159932103
2026-08-12,2026-09-09,28.28442828276472,28.187663820325287,28.378904023437
2026-08-12,2026-09-10,28.29951584425003,28.199021481637818,28.39318913647984
2026-08-12,2026-09-11,28.314603405735344,28.211098780867907,28.412998516310218
2026-08-12,2026-09-12,28.329690967220653,28.231117370447688,28.434220027650884
2026-08-12,2026-09-13,28.34477852870596,28.24190504758896,28.451388515796708
2026-08-12,2026-09-14,28.359866090191268,28.255116405113608,28.4671756981069
2026-08-12,2026-09-15,28.374953651676577,28.26859287903165,28.48297542870442
2026-08-12,2026-09-16,28.39004121316189,28.279299407937387,28.49313491843522
2026-08-12,2026-09-17,28.4051287746472,28.286907891381,28.51187013889877
2026-08-12,2026-09-18,28.420216336132512,28.31000837703688,28.53147370497884
2026-08-12,2026-09-19,28.43530389761782,28.316572370737862,28.551100481502168
2026-08-12,2026-09-20,28.450391459103127,28.330265787764706,28.561624028760907
2026-08-12,2026-09-21,28.46547902058844,28.35271710843492,28.59384312271548
2026-08-12,2026-09-22,28.48056658207375,28.35642850719738,28.59191047801196
2026-08-12,2026-09-23,28.49565414355905,28.367393560762142,28.60905457955172
2026-08-12,2026-09-24,28.510741705044364,28.3826631769606,28.62982917801473
2026-08-12,2026-09-25,28.52582926652968,28.40165457030217,28.65432080462308
2026-08-12,2026-09-26,28.540916828014986,28.409720151062903,28.67574984922188
2026-08-12,2026-09-27,28.55600438950029,28.423099680911537,28.684750219744867
2026-08-12,2026-09-28,28.5710919509856,28.4414351924976,28.695720754667967
2026-08-12,2026-09-29,28.58617951247091,28.4491029994798,28.725490830805388
2026-08-12,2026-09-30,28.601267073956222,28.46147012467724,28.735442729008795
2026-08-12,2026-10-01,28.61635463544153,28.476264194652742,28.767589901149755
2026-08-12,2026-10-02,28.631442196926844,28.47410500621625,28.77727230687689
2026-08-12,2026-10-03,28.64652975841216,28.50015304500514,28.787463971737928
2026-08-12,2026-10-04,28.66161731989746,28.51054925394474,28.80227605303844
2026-08-12,2026-10-05,28.67670488138277,28.52572519114913,28.84075089389976
2026-08-12,2026-10-06,28.69179244286808,28.536518780441547,28.85499160319689
2026-08-12,2026-10-07,28.70688000435339,28.546996533625823,28.863930107234097
2026-08-12,2026-10-08,28.721967565838696,28.562449177228213,28.87688256192144
2026-08-12,2026-10-09,28.73705512732401,28.56033007707599,28.91073124515736
2026-08-12,2026-10-10,28.75214268880932,28.56875552148913,28.93146209858825
2026-08-12,2026-10-11,28.767230250294627,28.58557538885829,28.938092827980565
2026-08-12,2026-10-12,28.782317811779937,28.617004932231247,28.957861816506306
2026-08-12,2026-10-13,28.79740537326524,28.612827483555268,28.97413316219013
2026-08-12,2026-10-14,28.812492934750555,28.621554875844488,29.002185423738464
2026-08-12,2026-10-15,28.827580496235864,28.637004675566967,29.030201920047112
2026-08-12,2026-10-16,28.842668057721173,28.64650561060338,29.02708658144994
2026-08-12,2026-10-17,28.85775561920649,28.65033777357356,29.0468843022046
2026-08-12,2026-10-18,28.872843180691795,28.658852640403293,29.0759700842496
2026-08-12,2026-10-19,28.8879307421771,28.66214896441704,29.09345618878137
2026-08-12,2026-10-20,28.90301830366241,28.682395655774123,29.11147923033912
2026-08-12,2026-10-21,28.918105865147723,28.694500088752697,29.127616398302987
2026-08-12,2026-10-22,28.933193426633032,28.706466969660376,29.153734546138946
2026-08-12,2026-10-23,28.948280988118345,28.708600794931343,29.155261089997023
2026-08-12,2026-10-24,28.96336854960365,28.722395517811687,29.18012400693825
2026-08-12,2026-10-25,28.97845611108896,28.74153997350364,29.209675846938456
2026-08-12,2026-10-26,28.99354367257427,28.744934234057325,29.21828027193988
2026-08-12,2026-10-27,29.00863123405958,28.76337477663649,29.23732798318051
2026-08-12,2026-10-28,29.02371879554489,28.784503859491423,29.259941091971854
2026-08-12,2026-10-29,29.0388063570302,28.77783617873582,29.28251491425189
2026-08-12,2026-10-30,29.053893918515502,28.790782967136057,29.30224269150733
2026-08-12,2026-10-31,29.06898148000082,28.805945005330525,29.331724135192648
2026-08-12,2026-11-01,29.084069041486128,28.807453468648152,29.34078133395977
2026-08-12,2026-11-02,29.09915660297144,28.818147865552483,29.369840636963502
2026-08-12,2026-11-03,29.114244164456743,28.833699367293587,29.375015988167355
2026-08-12,2026-11-04,29.12933172594205,28.831224130633363,29.40101589097872
2026-08-12,2026-11-05,29.144419287427365,28.852026100284167,29.43666731396242
2026-08-12,2026-11-06,29.15950684891268,28.866815221925457,29.44414937873849
2026-08-12,2026-11-07,29.174594410397987,28.876846670131084,29.467622504287288
2026-08-12,2026-11-08,29.18968197188329,28.890914895393536,29.48689665960257
2026-08-12,2026-11-09,29.2047695333686,28.90568002630029,29.501464683692188
2026-08-12,2026-11-10,29.219857094853914,28.910260167937807,29.53973937861081
2026-08-13,2026-08-14,27.893029915076905,27.811096799158847,27.971956769340007
2026-08-13,2026-08-15,27.90813417780112,27.830978918256,27.99411109651014
2026-08-13,2026-08-16,27.92323844052533,27.84843300821429,28.00831010697596
2026-08-13,2026-08-17,27.93834270324956,27.857770932062287,28.01903401932352
2026-08-13,2026-08-18,27.95344696597377,27.876298307207644,28.03660038115525
2026-08-13,2026-08-19,27.968551228698,27.88025161320356,28.044676977607697
2026-08-13,2026-08-20,27.98365549142221,27.90234005873445,28.066311197001
2026-08-13,2026-08-21,27.998759754146423,27.912869482648308,28.07886322271362
2026-08-13,2026-08-22,28.013864016870645,27.92692994727853,28.09323951350176
2026-08-13,2026-08-23,28.028968279594867,27.95113039547007,28.111498682191684
2026-08-13,2026-08-24,28.04407254231908,27.96089881896757,28.125164034849423
2026-08-13,2026-08-25,28.059176805043297,27.975320997101573,28.1409516100697
2026-08-13,2026-08-26,28.07428106776752,27.98837098928664,28.15188273884867
2026-08-13,2026-08-27,28.089385330491734,28.002344331291592,28.17084033419116
2026-08-13,2026-08-28,28.10448959321596,28.02389316519742,28.187627778492075
2026-08-13,2026-08-29,28.11959385594017,28.040984977230814,28.19578643416417
2026-08-13,2026-08-30,28.134698118664385,28.04436110367689,28.214404475980643
2026-08-13,2026-08-31,28.149802381388607,28.06910983304032,28.230125724388675
2026-08-13,2026-09-01,28.16490664411283,28.081271161139124,28.24601064695888
2026-08-13,2026-09-02,28.180010906837044,28.084827581771297,28.26538805906636
2026-08-13,2026-09-03,28.19511516956126,28.107867531126995,28.279775390233013
2026-08-13,2026-09-04,28.21021943228548,28.122934942514867,28.291935400806803
2026-08-13,2026-09-05,28.225323695009703,28.13363823220666,28.310666261439145
2026-08-13,2026-09-06,28.24042795773392,28.1566145257701,28.332956910069186
2026-08-13,2026-09-07,28.25553222045813,28.15810098723349,28.3443980133508
2026-08-13,2026-09-08,28.27063648318235,28.180527851060432,28.362152140637345
2026-08-13,2026-09-09,28.28574074590657,28.19335681772956,28.376211459367564
2026-08-13,2026-09-10,28.30084500863079,28.20708111847632,28.38859484069064
2026-08-13,2026-09-11,28.31594927135501,28.22084475915496,28.4148578626731
2026-08-13,2026-09-12,28.331053534079224,28.23583441243572,28.417106203632155
2026-08-13,2026-09-13,28.346157796803443,28.24274525674197,28.44272538340977
2026-08-13,2026-09-14,28.361262059527665,28.256072838997245,28.45694315575792
2026-08-13,2026-09-15,28.376366322251883,28.27323165643769,28.471887189851817
2026-08-13,2026-09-16,28.391470584976098,28.284746952228208,28.49561124181577
2026-08-13,2026-09-17,28.40657484770032,28.29748329460967,28.507582062340035
2026-08-13,2026-09-18,28.42167911042453,28.301726973495672,28.525374418897865
2026-08-13,2026-09-19,28.43678337314876,28.32138098224948,28.534870592793222
2026-08-13,2026-09-20,28.45188763587297,28.34102435841713,28.56089669310877
2026-08-13,2026-09-21,28.466991898597183,28.34858185311893,28.57875539234601
2026-08-13,2026-09-22,28.482096161321408,28.36586393820368,28.59331632947472
2026-08-13,2026-09-23,28.49720042404563,28.381313311471203,28.611155434129653
2026-08-13,2026-09-24,28.512304686769845,28.38812893928177,28.631602882383
2026-08-13,2026-09-25,28.52740894949406,28.405795735641988,28.64111740024637
2026-08-13,2026-09-26,28.54251321221828,28.417538478158,28.657942346775773
2026-08-13,2026-09-27,28.557617474942496,28.432915676136247,28.683649076916385
2026-08-13,2026-09-28,28.57272173766672,28.437718752922446,28.6935480905246
2026-08-13,2026-09-29,28.587826000390933,28.457083315942462,28.71477972695831
2026-08-13,2026-09-30,28.602930263115148,28.465195011644905,28.735411362213508
2026-08-13,2026-10-01,28.61803452583937,28.4825163707821,28.751380372259373
2026-08-13,2026-10-02,28.633138788563592,28.482708468078226,28.766451195654646
2026-08-13,2026-10-03,28.648243051287807,28.505650838862937,28.7916148586565
2026-08-13,2026-10-04,28.66334731401202,28.507553097209986,28.804886320778948
2026-08-13,2026-10-05,28.678451576736244,28.53968175758646,28.82566882091292
2026-08-13,2026-10-06,28.69355583946046,28.53664567295812,28.849174006954108
2026-08-13,2026-10-07,28.70866010218468,28.56061714122057,28.854908739339663
2026-08-13,2026-10-08,28.72376436490889,28.558018377381032,28.88075880011179
2026-08-13,2026-10-09,28.73886862763311,28.571955138559428,28.895445299197704
2026-08-13,2026-10-10,28.75397289035733,28.575846671918,28.928551990780004
2026-08-13,2026-10-11,28.76907715308156,28.59826993525309,28.93427734245257
2026-08-13,2026-10-12,28.78418141580577,28.60283063987065,28.94600794201724
2026-08-13,2026-10-13,28.799285678529984,28.6159044408,28.971200507450668
2026-08-13,2026-10-14,28.814389941254205,28.62309008517172,28.99229592413325
2026-08-13,2026-10-15,28.82949420397842,28.64408938598526,29.006466632810465
2026-08-13,2026-10-16,28.84459846670264,28.6526372615633,29.02541300210514
2026-08-13,2026-10-17,28.859702729426857,28.6618678607712,29.05146715099585
2026-08-13,2026-10-18,28.874806992151072,28.675466303170385,29.08402494205152
2026-08-13,2026-10-19,28.88991125487529,28.689678735742085,29.090463264582965
2026-08-13,2026-10-20,28.90501551759952,28.697021532663303,29.11937810738463
2026-08-13,2026-10-21,28.92011978032373,28.69819511427248,29.128158707517628
2026-08-13,2026-10-22,28.93522404304795,28.705258769056496,29.141626293740373
2026-08-13,2026-10-23,28.950328305772167,28.72179989070183,29.17004665972541
2026-08-13,2026-10-24,28.965432568496382,28.73549839786598,29.201167999046795
2026-08-13,2026-10-25,28.980536831220604,28.74345809866124,29.206935162874466
2026-08-13,2026-10-26,28.995641093944823,28.76895687442187,29.23498790413226
2026-08-13,2026-10-27,29.01074535666904,28.76343390182576,29.253555768356943
2026-08-13,2026-10-28,29.02584961939326,28.78291997629512,29.26463946858136
2026-08-13,2026-10-29,29.04095388211748,28.76868003314093,29.28941541783074
2026-08-13,2026-10-30,29.056058144841696,28.79744841657892,29.310074754815183
2026-08-13,2026-10-31,29.07116240756591,28.80123881769072,29.324836549834053
2026-08-13,2026-11-01,29.086266670290133,28.79861894142196,29.34230566836219
2026-08-13,2026-11-02,29.101370933014355,28.832761758963272,29.37568061597861
2026-08-13,2026-11-03,29.11647519573857,28.842295607546617,29.39095477562237
2026-08-13,2026-11-04,29.131579458462785,28.827493696734088,29.40744583443202
2026-08-13,2026-11-05,29.146683721187006,28.85935593279996,29.4271349731596
2026-08-13,2026-11-06,29.16178798391122,28.85550815193288,29.44091008208312
2026-08-13,2026-11-07,29.176892246635443,28.872958345964257,29.457779051528103
2026-08-13,2026-11-08,29.19199650935965,28.893574430811515,29.481287480373865
2026-08-13,2026-11-09,29.20710077208388,28.90812438050628,29.510056983569694
2026-08-13,2026-11-10,29.22220503480809,28.91304853088192,29.53479313395663
2026-08-13,2026-11-11,29.23730929753232,28.91053522140889,29.54555068359255
2026-08-14,2026-08-15,27.908758637615804,27.829709279610512,27.9893449271216
2026-08-14,2026-08-16,27.92388352614955,27.848974288171483,28.0080249328738
2026-08-14,2026-08-17,27.93900841468329,27.85313093484393,28.01733270735318
2026-08-14,2026-08-18,27.954133303217027,27.87417256611733,28.03422311782376
2026-08-14,2026-08-19,27.96925819175077,27.88029521284497,28.052508435377973
2026-08-14,2026-08-20,27.98438308028452,27.901883703020864,28.06224677832681
2026-08-14,2026-08-21,27.99950796881825,27.929559733618305,28.08265699908415
2026-08-14,2026-08-22,28.014632857351994,27.935064766694108,28.09523505511869
2026-08-14,2026-08-23,28.02975774588573,27.94695689964185,28.11076310401561
2026-08-14,2026-08-24,28.04488263441948,27.964322391902734,28.12637876204224
2026-08-14,2026-08-25,28.06000752295322,27.987663632727624,28.14177716653281
2026-08-14,2026-08-26,28.07513241148696,27.99581949006598,28.15908974959665
2026-08-14,2026-08-27,28.090257300020703,28.01038293399599,28.17053438170221
2026-08-14,2026-08-28,28.105382188554444,28.017276426488323,28.18608718549132
2026-08-14,2026-08-29,28.120507077088188,28.0419217935192,28.198803625111434
2026-08-14,2026-08-30,28.13563196562193,28.0515397980066,28.21460847341561
2026-08-14,2026-08-31,28.15075685415568,28.06261032026228,28.23599942165552
2026-08-14,2026-09-01,28.16588174268941,28.080229696848388,28.25153436206091
2026-08-14,2026-09-02,28.181006631223152,28.08948541942861,28.262690215894413
2026-08-14,2026-09-03,28.196131519756896,28.115854816896448,28.28069540944253
2026-08-14,2026-09-04,28.21125640829063,28.124619888226075,28.29902581506252
2026-08-14,2026-09-05,28.22638129682437,28.133802029169267,28.31639226106166
2026-08-14,2026-09-06,28.24150618535812,28.14797944017891,28.331435181977607
2026-08-14,2026-09-07,28.25663107389186,28.170570245595187,28.34575546988199
2026-08-14,2026-09-08,28.271755962425605,28.17706304098058,28.361526530151195
2026-08-14,2026-09-09,28.286880850959346,28.197469397779265,28.384447820433568
2026-08-14,2026-09-10,28.30200573949309,28.20854556439888,28.39551471133101
2026-08-14,2026-09-11,28.317130628026824,28.22695617017196,28.41315228803281
2026-08-14,2026-09-12,28.33225551656057,28.233487332957743,28.426439284154505
2026-08-14,2026-09-13,28.34738040509432,28.253524136768327,28.437222779359058
2026-08-14,2026-09-14,28.362505293628047,28.26180368231678,28.456426281062345
2026-08-14,2026-09-15,28.37763018216179,28.27889776162737,28.48277444232822
2026-08-14,2026-09-16,28.39275507069553,28.291462283018337,28.495200493182843
2026-08-14,2026-09-17,28.40787995922928,28.306757564933367,28.51358232094776
2026-08-14,2026-09-18,28.42300484776302,28.313429583072185,28.53001054575085
2026-08-14,2026-09-19,28.43812973629676,28.32421175781958,28.549212909929555
2026-08-14,2026-09-20,28.453254624830507,28.34029332474592,28.56330629763239
2026-08-14,2026-09-21,28.46837951336424,28.35610337628484,28.580320095043483
2026-08-14,2026-09-22,28.483504401897985,28.37717520772492,28.59322041355435
2026-08-14,2026-09-23,28.49862929043173,28.39100983553304,28.62418829383653
2026-08-14,2026-09-24,28.513754178965463,28.38660913204385,28.64142557784104
2026-08-14,2026-09-25,28.528879067499208,28.40528812148222,28.649363091896184
2026-08-14,2026-09-26,28.54400395603295,28.426180892627304,28.66354650141282
2026-08-14,2026-09-27,28.559128844566693,28.43166942313949,28.69148595095903
2026-08-14,2026-09-28,28.574253733100434,28.443692346134927,28.70346098888463
2026-08-14,2026-09-29,28.58937862163418,28.460026702308195,28.71828073857529
2026-08-14,2026-09-30,28.60450351016792,28.46742575717628,28.756273823076697
2026-08-14,2026-10-01,28.619628398701657,28.489510525344187,28.75779437555176
2026-08-14,2026-10-02,28.6347532872354,28.491333860418774,28.78533820936061
2026-08-14,2026-10-03,28.649878175769143,28.508120250468465,28.80299295308709
2026-08-14,2026-10-04,28.66500306430288,28.52652855364668,28.824505263465724
2026-08-14,2026-10-05,28.680127952836624,28.5334693974086,28.84263927788373
2026-08-14,2026-10-06,28.695252841370365,28.54596917866299,28.859443012985697
2026-08-14,2026-10-07,28.71037772990411,28.550027187355493,28.87531962800396
2026-08-14,2026-10-08,28.72550261843785,28.5632510294744,28.890167263316965
2026-08-14,2026-10-09,28.740627506971588,28.577491925406346,28.91595268199014
2026-08-14,2026-10-10,28.755752395505333,28.58554920012112,28.940864220855183
2026-08-14,2026-10-11,28.77087728403908,28.59435465158053,28.94946260199884
2026-08-14,2026-10-12,28.78600217257281,28.61956055967565,28.98423878373631
2026-08-14,2026-10-13,28.80112706110656,28.617961909262032,28.992756210994514
2026-08-14,2026-10-14,28.816251949640296,28.637481097783105,29.017421563318663
2026-08-14,2026-10-15,28.83137683817404,28.65634642858252,29.04737160240308
2026-08-14,2026-10-16,28.846501726707785,28.64861008802725,29.05788698964474
2026-08-14,2026-10-17,28.861626615241526,28.658890547073664,29.070539609905733
2026-08-14,2026-10-18,28.876751503775264,28.66613683721049,29.090393518085698
2026-08-14,2026-10-19,28.891876392309005,28.69417658338339,29.10537567714304
2026-08-14,2026-10-20,28.90700128084275,28.69233577622443,29.14538543270952
2026-08-14,2026-10-21,28.92212616937649,28.700307996810228,29.15527224195841
2026-08-14,2026-10-22,28.937251057910228,28.716846865607145,29.17237108431173
2026-08-14,2026-10-23,28.95237594644397,28.740443987107643,29.19773966021643
2026-08-14,2026-10-24,28.96750083497772,28.73742229778945,29.213760462594287
2026-08-14,2026-10-25,28.982625723511457,28.735186532230976,29.23049464801859
2026-08-14,2026-10-26,28.9977506120452,28.75159435919516,29.24569341939881
2026-08-14,2026-10-27,29.012875500578943,28.768044444601472,29.265456250617017
2026-08-14,2026-10-28,29.02800038911268,28.77045286926933,29.29660500967788
2026-08-14,2026-10-29,29.04312527764642,28.79318857502408,29.321154516795435
2026-08-14,2026-10-30,29.05825016618017,28.78273063344909,29.33527198654001
2026-08-14,2026-10-31,29.0733750547139,28.814642538560875,29.349316535624244
2026-08-14,2026-11-01,29.088499943247644,28.810899829586017,29.388634068317128
2026-08-14,2026-11-02,29.103624831781385,28.824380003835053,29.397966609065016
2026-08-14,2026-11-03,29.11874972031513,28.83711734706542,29.43655414808333
2026-08-14,2026-11-04,29.13387460884887,28.83823288172941,29.43370351833137
2026-08-14,2026-11-05,29.14899949738261,28.856784418921208,29.459587116903656
2026-08-14,2026-11-06,29.16412438591636,28.86373864583513,29.485321166268204
2026-08-14,2026-11-07,29.179249274450093,28.87659991347688,29.498736387699843
2026-08-14,2026-11-08,29.19437416298384,28.865440473948148,29.53388307310842
2026-08-14,2026-11-09,29.20949905151758,28.89349786521471,29.545967547103693
2026-08-14,2026-11-10,29.22462394005132,28.91177698447079,29.560387413261843
2026-08-14,2026-11-11,29.23974882858506,28.91322636016735,29.58826182160987
2026-08-14,2026-11-12,29.2548737171188,28.92193306926096,29.607320761718714
2026-08-15,2026-08-15,27.908758637615804,27.83539814017537,27.989843767018414
2026-08-15,2026-08-16,27.92388352614955,27.84190027966531,28.00319167448647
2026-08-15,2026-08-17,27.93900841468329,27.85647283053386,28.02701097536812
2026-08-15,2026-08-18,27.954133303217027,27.874324518729203,28.041730803163368
2026-08-15,2026-08-19,27.96925819175077,27.89389187692966,28.05260706352955
2026-08-15,2026-08-20,27.98438308028452,27.90621756927919,28.065244631221507
2026-08-15,2026-08-21,27.99950796881825,27.91998245455346,28.079111606191343
2026-08-15,2026-08-22,28.014632857351994,27.93204815527615,28.097748886168784
2026-08-15,2026-08-23,28.02975774588573,27.950800387769668,28.10724258621431
2026-08-15,2026-08-24,28.04488263441948,27.966456003930933,28.127280551152136
2026-08-15,2026-08-25,28.06000752295322,27.977147591428388,28.144521907250457
2026-08-15,2026-08-26,28.07513241148696,27.99868604614524,28.160640483788512
2026-08-15,2026-08-27,28.090257300020703,28.010673786210173,28.17304612676147
2026-08-15,2026-08-28,28.105382188554444,28.020048767754822,28.186733695414976
2026-08-15,2026-08-29,28.120507077088188,28.0344184818715,28.20161231225755
2026-08-15,2026-08-30,28.13563196562193,28.05154085553237,28.22080700757173
2026-08-15,2026-08-31,28.15075685415568,28.06620759485235,28.236077813532194
2026-08-15,2026-09-01,28.16588174268941,28.0796930892959,28.25341573849084
2026-08-15,2026-09-02,28.181006631223152,28.09481940109762,28.272333398716984
2026-08-15,2026-09-03,28.196131519756896,28.11265385429513,28.280075873947712
2026-08-15,2026-09-04,28.21125640829063,28.13067842679468,28.29201188901644
2026-08-15,2026-09-05,28.22638129682437,28.13952864499576,28.312023916506952
2026-08-15,2026-09-06,28.24150618535812,28.15230025891061,28.340449712485533
2026-08-15,2026-09-07,28.25663107389186,28.16561054321237,28.34115504057177
2026-08-15,2026-09-08,28.271755962425605,28.17064407970929,28.362728088540564
2026-08-15,2026-09-09,28.286880850959346,28.195828950450192,28.37807830572748
2026-08-15,2026-09-10,28.30200573949309,28.20701672329436,28.39463865367091
2026-08-15,2026-09-11,28.317130628026824,28.22206796988568,28.40773839595747
2026-08-15,2026-09-12,28.33225551656057,28.228834507464462,28.432323568346213
2026-08-15,2026-09-13,28.34738040509432,28.250809196253,28.44837577165549
2026-08-15,2026-09-14,28.362505293628047,28.26472409113936,28.46431440840341
2026-08-15,2026-09-15,28.37763018216179,28.28605342143872,28.47341573126427
2026-08-15,2026-09-16,28.39275507069553,28.29020264664312,28.49722213299897
2026-08-15,2026-09-17,28.40787995922928,28.310023231318944,28.504148835624875
2026-08-15,2026-09-18,28.42300484776302,28.31806886934623,28.53041748621192
2026-08-15,2026-09-19,28.43812973629676,28.320445830583783,28.5483979800936
2026-08-15,2026-09-20,28.453254624830507,28.35098838074275,28.55932492454978
2026-08-15,2026-09-21,28.46837951336424,28.358717454697107,28.583002563858468
2026-08-15,2026-09-22,28.483504401897985,28.37450198304714,28.59525495985386
2026-08-15,2026-09-23,28.49862929043173,28.38680124447027,28.61450601582313
2026-08-15,2026-09-24,28.513754178965463,28.39940645721651,28.631579481523293
2026-08-15,2026-09-25,28.528879067499208,28.415295090391016,28.651892429383505
2026-08-15,2026-09-26,28.54400395603295,28.419473015679564,28.670419422976902
2026-08-15,2026-09-27,28.559128844566693,28.43910179082104,28.68863301307477
2026-08-15,2026-09-28,28.574253733100434,28.44239614069193,28.69566164617876
2026-08-15,2026-09-29,28.58937862163418,28.453763296033603,28.719529294464525
2026-08-15,2026-09-30,28.60450351016792,28.469974631273555,28.7428824516636
2026-08-15,2026-10-01,28.619628398701657,28.487105297862964,28.748772107748195
2026-08-15,2026-10-02,28.6347532872354,28.504546278680195,28.7744698461717
2026-08-15,2026-10-03,28.649878175769143,28.512851522526663,28.786233257982065
2026-08-15,2026-10-04,28.66500306430288,28.529749697143377,28.80830013589347
2026-08-15,2026-10-05,28.680127952836624,28.526458494239435,28.831198258762942
2026-08-15,2026-10-06,28.695252841370365,28.54300859627297,28.838339086028927
2026-08-15,2026-10-07,28.71037772990411,28.55233933443377,28.86719724404704
2026-08-15,2026-10-08,28.72550261843785,28.56921722064572,28.882119276541776
2026-08-15,2026-10-09,28.740627506971588,28.57586753318664,28.89196165504584
2026-08-15,2026-10-10,28.755752395505333,28.58881560346312,28.911522317711214
2026-08-15,2026-10-11,28.77087728403908,28.5915706801658,28.93876303649438
2026-08-15,2026-10-12,28.78600217257281,28.61561166388016,28.94303454995716
2026-08-15,2026-10-13,28.80112706110656,28.621789676824783,28.96623136841229
2026-08-15,2026-10-14,28.816251949640296,28.62730800956168,28.986435071171385
2026-08-15,2026-10-15,28.83137683817404,28.63746862159177,29.00437838088105
2026-08-15,2026-10-16,28.846501726707785,28.655538169405045,29.02481715550337
2026-08-15,2026-10-17,28.861626615241526,28.660881830918456,29.045327944193943
2026-08-15,2026-10-18,28.876751503775264,28.669316963342315,29.059967886005616
2026-08-15,2026-10-19,28.891876392309005,28.695580741976656,29.071041272889943
2026-08-15,2026-10-20,28.90700128084275,28.70323468121024,29.10392740570613
2026-08-15,2026-10-21,28.92212616937649,28.716899232282174,29.121652585425405
2026-08-15,2026-10-22,28.937251057910228,28.728330318710505,29.139247331711
2026-08-15,2026-10-23,28.95237594644397,28.730905337281182,29.15548827004237
2026-08-15,2026-10-24,28.96750083497772,28.73399261094256,29.17482171056146
2026-08-15,2026-10-25,28.982625723511457,28.75489076420701,29.1972636313114
2026-08-15,2026-10-26,28.9977506120452,28.75729692905992,29.21588908627706
2026-08-15,2026-10-27,29.012875500578943,28.76547328310132,29.24186667513177
2026-08-15,2026-10-28,29.02800038911268,28.785352208676645,29.2533171247431
2026-08-15,2026-10-29,29.04312527764642,28.791932327151137,29.29209859385028
2026-08-15,2026-10-30,29.05825016618017,28.812993076923263,29.30901124358736
2026-08-15,2026-10-31,29.0733750547139,28.8143526071012,29.316260693915986
2026-08-15,2026-11-01,29.088499943247644,28.82734858679534,29.32626898348775
2026-08-15,2026-11-02,29.103624831781385,28.82146410074092,29.343430490366
2026-08-15,2026-11-03,29.11874972031513,28.85381263465419,29.377166549506573
2026-08-15,2026-11-04,29.13387460884887,28.847964652952857,29.40454466908953
2026-08-15,2026-11-05,29.14899949738261,28.874014399157428,29.418115827422007
2026-08-15,2026-11-06,29.16412438591636,28.88204385410028,29.45631316455894
2026-08-15,2026-11-07,29.179249274450093,28.87802417895753,29.455291759204112
2026-08-15,2026-11-08,29.19437416298384,28.894768889011605,29.48017098301188
2026-08-15,2026-11-09,29.20949905151758,28.89563424810888,29.499912539975508
2026-08-15,2026-11-10,29.22462394005132,28.91670455892098,29.512593736205808
2026-08-15,2026-11-11,29.23974882858506,28.92298186235591,29.53557829287558
2026-08-15,2026-11-12,29.2548737171188,28.92155795470892,29.54914758471292
2026-08-16,2026-08-15,27.908758637615804,27.826131565126328,27.987312572383537
2026-08-16,2026-08-16,27.92388352614955,27.84548460234723,28.00303139396007
2026-08-16,2026-08-17,27.93900841468329,27.86695352765648,28.015574242996315
2026-08-16,2026-08-18,27.954133303217027,27.8718199679172,28.032426057952105
2026-08-16,2026-08-19,27.96925819175077,27.88942025216997,28.04615230391932
2026-08-16,2026-08-20,27.98438308028452,27.90573799722828,28.062658871921435
2026-08-16,2026-08-21,27.99950796881825,27.920041901463204,28.08062462737907
2026-08-16,2026-08-22,28.014632857351994,27.930604706765155,28.094297585787665
2026-08-16,2026-08-23,28.02975774588573,27.94815354379189,28.11395046261345
2026-08-16,2026-08-24,28.04488263441948,27.966729707726284,28.12444536515937
2026-08-16,2026-08-25,28.06000752295322,27.981376885349324,28.137963771591664
2026-08-16,2026-08-26,28.07513241148696,27.99664531156727,28.15704333525512
2026-08-16,2026-08-27,28.090257300020703,28.00439551103452,28.17144887513672
2026-08-16,2026-08-28,28.105382188554444,28.024030119516105,28.18733923572244
2026-08-16,2026-08-29,28.120507077088188,28.046007314796288,28.201552814639165
2026-08-16,2026-08-30,28.13563196562193,28.04803520263579,28.220835846832266
2026-08-16,2026-08-31,28.15075685415568,28.06094550139182,28.230270132343648
2026-08-16,2026-09-01,28.16588174268941,28.07637695289218,28.25769463785589
2026-08-16,2026-09-02,28.181006631223152,28.09937461437057,28.26934575156489
2026-08-16,2026-09-03,28.196131519756896,28.111501459974907,28.285761068912475
2026-08-16,2026-09-04,28.21125640829063,28.119609692330567,28.29574725128649
2026-08-16,2026-09-05,28.22638129682437,28.1384961806982,28.30845815067068
2026-08-16,2026-09-06,28.24150618535812,28.144438256755503,28.33130647216496
2026-08-16,2026-09-07,28.25663107389186,28.168462398880653,28.35072662441582
2026-08-16,2026-09-08,28.271755962425605,28.18227895601113,28.36489039667904
2026-08-16,2026-09-09,28.286880850959346,28.190042414652453,28.378211835525875
2026-08-16,2026-09-10,28.30200573949309,28.20665501856072,28.392739495191176
2026-08-16,2026-09-11,28.317130628026824,28.22341530092065,28.408232100112546
2026-08-16,2026-09-12,28.33225551656057,28.232846169920627,28.431646581150503
2026-08-16,2026-09-13,28.34738040509432,28.24611079038077,28.446101940133023
2026-08-16,2026-09-14,28.362505293628047,28.26142229992432,28.457010170742656
2026-08-16,2026-09-15,28.37763018216179,28.272854053296363,28.472188186472444
2026-08-16,2026-09-16,28.39275507069553,28.2884063643225,28.49827034713836
2026-08-16,2026-09-17,28.40787995922928,28.29884908989203,28.51074820561892
2026-08-16,2026-09-18,28.42300484776302,28.311639427965584,28.528993674114627
2026-08-16,2026-09-19,28.43812973629676,28.326829287204404,28.54592738135043
2026-08-16,2026-09-20,28.453254624830507,28.33794346402765,28.56395801135641
2026-08-16,2026-09-21,28.46837951336424,28.357701931744096,28.576107936759747
2026-08-16,2026-09-22,28.483504401897985,28.352928916534328,28.595727107363903
2026-08-16,2026-09-23,28.49862929043173,28.37674741321186,28.616132796648625
2026-08-16,2026-09-24,28.513754178965463,28.39743307642712,28.63244434884865
2026-08-16,2026-09-25,28.528879067499208,28.40957166558746,28.65207886762777
2026-08-16,2026-09-26,28.54400395603295,28.40961595150397,28.66979059983782
2026-08-16,2026-09-27,28.559128844566693,28.430362438595537,28.690149450529542
2026-08-16,2026-09-28,28.574253733100434,28.441916096529987,28.70436074792432
2026-08-16,2026-09-29,28.58937862163418,28.455557438044146,28.72907902812189
2026-08-16,2026-09-30,28.60450351016792,28.46065358726592,28.73531167829054
2026-08-16,2026-10-01,28.619628398701657,28.483891428154497,28.76564266989551
2026-08-16,2026-10-02,28.6347532872354,28.498136420105453,28.781635364844544
2026-08-16,2026-10-03,28.649878175769143,28.4950580057664,28.79782117598184
2026-08-16,2026-10-04,28.66500306430288,28.515407824121457,28.818733569754617
2026-08-16,2026-10-05,28.680127952836624,28.52808807710848,28.843955178284663
2026-08-16,2026-10-06,28.695252841370365,28.536560174001256,28.85863512062008
2026-08-16,2026-10-07,28.71037772990411,28.54707900738689,28.87690173879168
2026-08-16,2026-10-08,28.72550261843785,28.564516167438388,28.89312290366683
2026-08-16,2026-10-09,28.740627506971588,28.57432462857873,28.916065115248824
2026-08-16,2026-10-10,28.755752395505333,28.59898348330062,28.932898665564743
2026-08-16,2026-10-11,28.77087728403908,28.590894717101808,28.93466252097964
2026-08-16,2026-10-12,28.78600217257281,28.60643483821967,28.980806017551803
2026-08-16,2026-10-13,28.80112706110656,28.61656251196328,28.990816093659408
2026-08-16,2026-10-14,28.816251949640296,28.61513178351129,29.015616130379385
2026-08-16,2026-10-15,28.83137683817404,28.64302032500029,29.039639126314377
2026-08-16,2026-10-16,28.846501726707785,28.650736523601804,29.05392950922826
2026-08-16,2026-10-17,28.861626615241526,28.662736236610424,29.06671450228977
2026-08-16,2026-10-18,28.876751503775264,28.67135735544689,29.09752609575473
2026-08-16,2026-10-19,28.891876392309005,28.68377011208816,29.12213818359616
2026-08-16,2026-10-20,28.90700128084275,28.694627000692627,29.13245727135376
2026-08-16,2026-10-21,28.92212616937649,28.69502555580418,29.16472110861773
2026-08-16,2026-10-22,28.937251057910228,28.71751750991337,29.17626816255129
2026-08-16,2026-10-23,28.95237594644397,28.71661001336186,29.189329569545844
2026-08-16,2026-10-24,28.96750083497772,28.75111090607382,29.2127804486947
2026-08-16,2026-10-25,28.982625723511457,28.732004696120004,29.233620128549944
2026-08-16,2026-10-26,28.9977506120452,28.75998250470404,29.25120218331026
2026-08-16,2026-10-27,29.012875500578943,28.773227630993507,29.27194261635567
2026-08-16,2026-10-28,29.02800038911268,28.771299629202343,29.30223003949162
2026-08-16,2026-10-29,29.04312527764642,28.78826269803661,29.3176102288948
2026-08-16,2026-10-30,29.05825016618017,28.80651602580345,29.33577650920917
2026-08-16,2026-10-31,29.0733750547139,28.80147764912493,29.348675785321287
2026-08-16,2026-11-01,29.088499943247644,28.836327557536634,29.371420677855493
2026-08-16,2026-11-02,29.103624831781385,28.827011417419047,29.39573777486446
2026-08-16,2026-11-03,29.11874972031513,28.840183424425444,29.42473034423692
2026-08-16,2026-11-04,29.13387460884887,28.865763363920312,29.429987656913408
2026-08-16,2026-11-05,29.14899949738261,28.84184485895638,29.46013051898986
2026-08-16,2026-11-06,29.16412438591636,28.874421242406896,29.4811507351728
2026-08-16,2026-11-07,29.179249274450093,28.87435805924932,29.498519491937937
2026-08-16,2026-11-08,29.19437416298384,28.8879338238376,29.51808401509068
2026-08-16,2026-11-09,29.20949905151758,28.88282175574184,29.521333178678145
2026-08-16,2026-11-10,29.22462394005132,28.910250535877218,29.555100837963305
2026-08-16,2026-11-11,29.23974882858506,28.94334201899068,29.594781983872004
2026-08-16,2026-11-12,29.2548737171188,28.956032083065143,29.60030814623948
2026-08-17,2026-08-18,27.951572285066334,27.87347424149069,28.02821480933964
2026-08-17,2026-08-19,27.966647138322458,27.893072343716472,28.04046392970484
2026-08-17,2026-08-20,27.981721991578585,27.90389404309232,28.057593809369266
2026-08-17,2026-08-21,27.99679684483471,27.920492410873702,28.072497585913894
2026-08-17,2026-08-22,28.01187169809083,27.93950056232781,28.09470077215124
2026-08-17,2026-08-23,28.02694655134696,27.954152635781725,28.10397196189308
2026-08-17,2026-08-24,28.04202140460308,27.969867451708964,28.121003908113
2026-08-17,2026-08-25,28.057096257859204,27.98269252176957,28.12742239925114
2026-08-17,2026-08-26,28.072171111115328,27.994612510794468,28.145402886214946
2026-08-17,2026-08-27,28.08724596437145,28.0105934919962,28.16173635955301
2026-08-17,2026-08-28,28.10232081762758,28.02639024931996,28.17859576866378
2026-08-17,2026-08-29,28.117395670883703,28.037574802000464,28.194714278489293
2026-08-17,2026-08-30,28.132470524139823,28.05163783298748,28.211335782659862
2026-08-17,2026-08-31,28.14754537739596,28.069709032746005,28.22235011919612
2026-08-17,2026-09-01,28.16262023065208,28.084384702309386,28.23808609751566
2026-08-17,2026-09-02,28.1776950839082,28.101480962623043,28.253765036193307
2026-08-17,2026-09-03,28.192769937164325,28.11136430539045,28.27264016024008
2026-08-17,2026-09-04,28.20784479042045,28.12302812850112,28.28761814622279
2026-08-17,2026-09-05,28.222919643676573,28.143054562909807,28.305092711553463
2026-08-17,2026-09-06,28.237994496932693,28.153474926897943,28.31970654481321
2026-08-17,2026-09-07,28.253069350188824,28.166898764723136,28.3360457929544
2026-08-17,2026-09-08,28.268144203444944,28.18041580263256,28.35743716963507
2026-08-17,2026-09-09,28.283219056701075,28.19525593086319,28.36196158538138
2026-08-17,2026-09-10,28.298293909957195,28.2034871285806,28.380824674833864
2026-08-17,2026-09-11,28.31336876321332,28.227457892047592,28.397823610289063
2026-08-17,2026-09-12,28.32844361646945,28.237799503673585,28.419536211517126
2026-08-17,2026-09-13,28.34351846972557,28.24449922669574,28.439705893550105
2026-08-17,2026-09-14,28.358593322981697,28.269177080947586,28.45573798513432
2026-08-17,2026-09-15,28.37366817623782,28.27699867180145,28.46382542868271
2026-08-17,2026-09-16,28.388743029493945,28.291061302300587,28.48087984779956
2026-08-17,2026-09-17,28.403817882750065,28.30116426269761,28.4996669602824
2026-08-17,2026-09-18,28.41889273600619,28.326016343620097,28.51715825957801
2026-08-17,2026-09-19,28.43396758926232,28.33484753030323,28.530810198905503
2026-08-17,2026-09-20,28.44904244251844,28.34851529996671,28.55512499586629
2026-08-17,2026-09-21,28.46411729577457,28.35062859125752,28.565919372973493
2026-08-17,2026-09-22,28.47919214903069,28.361615096516186,28.591957180316854
2026-08-17,2026-09-23,28.49426700228681,28.38859660607564,28.612460383909976
2026-08-17,2026-09-24,28.50934185554294,28.39214076851368,28.623117199828865
2026-08-17,2026-09-25,28.524416708799063,28.40206933557459,28.63819222192685
2026-08-17,2026-09-26,28.53949156205519,28.41403784027867,28.66272199617009
2026-08-17,2026-09-27,28.55456641531131,28.429611385543595,28.678071167239185
2026-08-17,2026-09-28,28.56964126856744,28.43296234216624,28.691669775696933
2026-08-17,2026-09-29,28.58471612182356,28.45874925318204,28.721281540103803
2026-08-17,2026-09-30,28.599790975079685,28.468438431250235,28.728792596217435
2026-08-17,2026-10-01,28.61486582833581,28.48498844872992,28.756581944460063
2026-08-17,2026-10-02,28.629940681591936,28.48784092996576,28.782116789349107
2026-08-17,2026-10-03,28.64501553484806,28.499285027087804,28.78369145982557
2026-08-17,2026-10-04,28.660090388104187,28.524498438255755,28.82400543852506
2026-08-17,2026-10-05,28.67516524136031,28.52304495712399,28.838370442934067
2026-08-17,2026-10-06,28.69024009461643,28.52974757234811,28.845077338847265
2026-08-17,2026-10-07,28.705314947872555,28.55100164675692,28.87073215267545
2026-08-17,2026-10-08,28.72038980112868,28.56456827567594,28.881407650957232
2026-08-17,2026-10-09,28.735464654384806,28.56589692619717,28.90738481019222
2026-08-17,2026-10-10,28.75053950764093,28.57906211772813,28.93053163766618
2026-08-17,2026-10-11,28.765614360897057,28.57267512016396,28.93763180816491
2026-08-17,2026-10-12,28.78068921415318,28.59294036895238,28.964207123612827
2026-08-17,2026-10-13,28.7957640674093,28.606920579846328,28.981001953194152
2026-08-17,2026-10-14,28.810838920665425,28.61456618483317,28.995027849988368
2026-08-17,2026-10-15,28.82591377392156,28.63034179409689,29.031961950863312
2026-08-17,2026-10-16,28.84098862717768,28.65812137791524,29.04731106899531
2026-08-17,2026-10-17,28.856063480433807,28.654997710726136,29.056611654722445
2026-08-17,2026-10-18,28.871138333689927,28.673265891711583,29.082965588856805
2026-08-17,2026-10-19,28.88621318694605,28.668024815398287,29.09212180560976
2026-08-17,2026-10-20,28.90128804020217,28.684690242577705,29.124071384461857
2026-08-17,2026-10-21,28.91636289345829,28.68391930929497,29.152636395518712
2026-08-17,2026-10-22,28.931437746714423,28.705358314565856,29.164383813058976
2026-08-17,2026-10-23,28.946512599970543,28.711448620997302,29.19662709075353
2026-08-17,2026-10-24,28.96158745322668,28.7367067771621,29.206836380154453
2026-08-17,2026-10-25,28.9766623064828,28.72845053215672,29.230197790881867
2026-08-17,2026-10-26,28.99173715973892,28.737202880551564,29.247686692824576
2026-08-17,2026-10-27,29.00681201299505,28.757605544548465,29.286052301588303
2026-08-17,2026-10-28,29.02188686625117,28.75920882076933,29.29523035023688
2026-08-17,2026-10-29,29.0369617195073,28.76551299675483,29.31034799405321
2026-08-17,2026-10-30,29.052036572763424,28.78024297496924,29.33605109432312
2026-08-17,2026-10-31,29.067111426019547,28.800543089367075,29.352869007397832
2026-08-17,2026-11-01,29.082186279275668,28.803856409114303,29.37124678138393
2026-08-17,2026-11-02,29.0972611325318,28.8127980960706,29.403639650703308
2026-08-17,2026-11-03,29.11233598578792,28.81579016248732,29.430479285668586
2026-08-17,2026-11-04,29.12741083904404,28.836985554681107,29.451355798118247
2026-08-17,2026-11-05,29.14248569230017,28.85396020059048,29.457142742829674
2026-08-17,2026-11-06,29.157560545556294,28.85704506247112,29.489983870749807
2026-08-17,2026-11-07,29.172635398812417,28.857892919053658,29.50089220082987
2026-08-17,2026-11-08,29.187710252068538,28.86761165771234,29.53035382643944
2026-08-17,2026-11-09,29.20278510532467,28.897080797921493,29.55520384156417
2026-08-17,2026-11-10,29.21785995858079,28.880312192890536,29.573287448184026
2026-08-17,2026-11-11,29.23293481183692,28.9080315844659,29.595654253466886
2026-08-17,2026-11-12,29.248009665093043,28.905490430942155,29.61775851735109
2026-08-17,2026-11-13,29.263084518349164,28.92492664871199,29.637499389735183
2026-08-17,2026-11-14,29.278159371605287,28.923206206331727,29.658735925349617
2026-08-17,2026-11-15,29.293234224861408,28.92598009996992,29.67389175791392
2026-08-18,2026-08-19,27.96766890614968,27.89705409854126,28.044410789212435
2026-08-18,2026-08-20,27.98276097846041,27.90594157082088,28.054662895412097
2026-08-18,2026-08-21,27.997853050771152,27.925851623326466,28.06842555421713
2026-08-18,2026-08-22,28.01294512308189,27.93652129283106,28.08868299985763
2026-08-18,2026-08-23,28.028037195392635,27.952552719371774,28.1025655193444
2026-08-18,2026-08-24,28.04312926770337,27.97231967713296,28.1160361771924
2026-08-18,2026-08-25,28.05822134001411,27.98263650330311,28.134247596895463
2026-08-18,2026-08-26,28.07331341232485,27.997404859421174,28.14115249992852
2026-08-18,2026-08-27,28.0884054846356,28.01251140269224,28.162424966904204
2026-08-18,2026-08-28,28.103497556946326,28.024587287557253,28.178112146870205
2026-08-18,2026-08-29,28.11858962925707,28.038255975602585,28.19636094389481
2026-08-18,2026-08-30,28.13368170156781,28.05569165198741,28.214256073703044
2026-08-18,2026-08-31,28.14877377387855,28.06079598431391,28.22470476471952
2026-08-18,2026-09-01,28.16386584618929,28.083812841024564,28.238275445591785
2026-08-18,2026-09-02,28.178957918500025,28.102046798900545,28.25783139000956
2026-08-18,2026-09-03,28.19404999081077,28.11198648064914,28.271493475393985
2026-08-18,2026-09-04,28.2091420631215,28.126418422167824,28.29333416639298
2026-08-18,2026-09-05,28.224234135432244,28.14216222067512,28.30661473780832
2026-08-18,2026-09-06,28.239326207742984,28.161973273150107,28.325066427100868
2026-08-18,2026-09-07,28.254418280053724,28.178044493636264,28.344289230169885
2026-08-18,2026-09-08,28.26951035236446,28.177226639775025,28.35939445620672
2026-08-18,2026-09-09,28.2846024246752,28.19914882140019,28.37560425464863
2026-08-18,2026-09-10,28.299694496985936,28.2077653748996,28.381051383575382
2026-08-18,2026-09-11,28.31478656929668,28.22701192265944,28.400119856084466
2026-08-18,2026-09-12,28.32987864160741,28.23196860162853,28.42407381176545
2026-08-18,2026-09-13,28.34497071391816,28.25035026063341,28.442128440006268
2026-08-18,2026-09-14,28.36006278622889,28.272773933307707,28.45392536384832
2026-08-18,2026-09-15,28.375154858539634,28.274742035429814,28.4771189962242
2026-08-18,2026-09-16,28.39024693085037,28.291815815532395,28.484737733262342
2026-08-18,2026-09-17,28.40533900316112,28.30950259994139,28.50713833274514
2026-08-18,2026-09-18,28.42043107547185,28.312185629745887,28.52130085696583
2026-08-18,2026-09-19,28.43552314778259,28.333094433393644,28.53500270154502
2026-08-18,2026-09-20,28.450615220093333,28.342861216440475,28.564105517494443
2026-08-18,2026-09-21,28.46570729240408,28.35650384759353,28.574413531643508
2026-08-18,2026-09-22,28.48079936471481,28.36476546686332,28.59642346297109
2026-08-18,2026-09-23,28.49589143702555,28.381796000082016,28.613952054720844
2026-08-18,2026-09-24,28.510983509336288,28.395668727876373,28.622684684653635
2026-08-18,2026-09-25,28.526075581647024,28.40130145343841,28.645309852017768
2026-08-18,2026-09-26,28.541167653957764,28.417192500925715,28.66214081809189
2026-08-18,2026-09-27,28.556259726268504,28.42300873478208,28.67971039697232
2026-08-18,2026-09-28,28.571351798579247,28.445748849620912,28.709452349884867
2026-08-18,2026-09-29,28.586443870889987,28.45780225578065,28.72179694442555
2026-08-18,2026-09-30,28.601535943200723,28.47287290453113,28.73389554854143
2026-08-18,2026-10-01,28.616628015511463,28.48030388957839,28.76569838609168
2026-08-18,2026-10-02,28.6317200878222,28.48671680402433,28.77343607513771
2026-08-18,2026-10-03,28.64681216013294,28.502797127342067,28.80336325979817
2026-08-18,2026-10-04,28.66190423244368,28.50751045027073,28.82292490395021
2026-08-18,2026-10-05,28.67699630475442,28.527173879393484,28.83353809397457
2026-08-18,2026-10-06,28.69208837706516,28.548082089603792,28.85249600778291
2026-08-18,2026-10-07,28.707180449375898,28.54420328577253,28.86990622223692
2026-08-18,2026-10-08,28.72227252168664,28.55104077346947,28.887012720506487
2026-08-18,2026-10-09,28.737364593997373,28.5723001255776,28.90912763983721
2026-08-18,2026-10-10,28.75245666630812,28.574772870666603,28.921459001077483
2026-08-18,2026-10-11,28.767548738618853,28.58186994340264,28.93884127814264
2026-08-18,2026-10-12,28.7826408109296,28.596009802083938,28.979624658692096
2026-08-18,2026-10-13,28.797732883240336,28.607212217927493,28.97698442230874
2026-08-18,2026-10-14,28.81282495555107,28.62120985905993,29.009952167823585
2026-08-18,2026-10-15,28.82791702786181,28.620956560197808,29.02863168353505
2026-08-18,2026-10-16,28.843009100172544,28.64216610079784,29.049712993786184
2026-08-18,2026-10-17,28.858101172483288,28.645855702592417,29.07137424098594
2026-08-18,2026-10-18,28.873193244794027,28.66033495812865,29.082217194577133
2026-08-18,2026-10-19,28.888285317104767,28.674360561183363,29.09709968632225
2026-08-18,2026-10-20,28.90337738941551,28.65871436497085,29.115753980604453
2026-08-18,2026-10-21,28.918469461726243,28.681902281661976,29.14623204821333
2026-08-18,2026-10-22,28.933561534036983,28.7064263600208,29.16856368974253
2026-08-18,2026-10-23,28.94865360634773,28.694887636078647,29.18224780362347
2026-08-18,2026-10-24,28.963745678658466,28.720529473778576,29.21389726982712
2026-08-18,2026-10-25,28.9788377509692,28.725037948708483,29.231185543082365
2026-08-18,2026-10-26,28.99392982327994,28.72013150256236,29.24652883103937
2026-08-18,2026-10-27,29.009021895590685,28.727586186690555,29.26621912188957
2026-08-18,2026-10-28,29.024113967901425,28.762922672609857,29.28869019266208
2026-08-18,2026-10-29,29.03920604021216,28.772221385389177,29.315599302636343
2026-08-18,2026-10-30,29.0542981125229,28.777898602525752,29.325340056529765
2026-08-18,2026-10-31,29.06939018483364,28.78586577721224,29.350750553187144
2026-08-18,2026-11-01,29.084482257144376,28.787478246274286,29.38015072695691
2026-08-18,2026-11-02,29.09957432945512,28.81221232135274,29.40106811774019
2026-08-18,2026-11-03,29.114666401765856,28.803582809626523,29.40267996948212
2026-08-18,2026-11-04,29.129758474076592,28.83876954079792,29.432689555179287
2026-08-18,2026-11-05,29.14485054638733,28.83228882126044,29.469009757773897
2026-08-18,2026-11-06,29.159942618698075,28.841645510273125,29.47995973610045
2026-08-18,2026-11-07,29.175034691008808,28.8440006109951,29.46417786522495
2026-08-18,2026-11-08,29.19012676331955,28.84571570589469,29.50983930719951
2026-08-18,2026-11-09,29.20521883563029,28.879622706864044,29.52797736266499
2026-08-18,2026-11-10,29.22031090794103,28.8743487021094,29.559406697438327
2026-08-18,2026-11-11,29.235402980251774,28.883255667693287,29.606987796725164
2026-08-18,2026-11-12,29.250495052562503,28.87616872321339,29.59894106461512
2026-08-18,2026-11-13,29.26558712487325,28.888483514662685,29.63703522706756
2026-08-18,2026-11-14,29.280679197183986,28.88867551115146,29.638548559862496
2026-08-18,2026-11-15,29.295771269494725,28.91366461706664,29.668384984146904
2026-08-18,2026-11-16,29.310863341805465,28.918693583046643,29.692867173252868
2026-08-19,2026-08-20,27.98317917326069,27.90357636563252,28.055940025490774
2026-08-19,2026-08-21,27.9982767673634,27.925111382956263,28.067983545820084
2026-08-19,2026-08-22,28.01337436146609,27.9410202456814,28.087928121174137
2026-08-19,2026-08-23,28.0284719555688,27.958085996969903,28.098244301048044
2026-08-19,2026-08-24,28.043569549671503,27.967860782735496,28.12202422694872
2026-08-19,2026-08-25,28.058667143774205,27.982994726146664,28.132333530079563
2026-08-19,2026-08-26,28.073764737876903,28.00227699903145,28.14354556712799
2026-08-19,2026-08-27,28.08886233197961,28.009624513789685,28.16395792798251
2026-08-19,2026-08-28,28.10395992608231,28.02867582354069,28.18001870664111
2026-08-19,2026-08-29,28.119057520185017,28.04553043598864,28.19653522472596
2026-08-19,2026-08-30,28.13415511428772,28.06399283622885,28.21555965075372
2026-08-19,2026-08-31,28.149252708390417,28.07755155950808,28.22449368235355
2026-08-19,2026-09-01,28.164350302493123,28.08622739025112,28.24413837811473
2026-08-19,2026-09-02,28.179447896595825,28.10370618693074,28.255816026616333
2026-08-19,2026-09-03,28.19454549069853,28.11333232881886,28.2752818448792
2026-08-19,2026-09-04,28.20964308480123,28.13204502124539,28.29540098181436
2026-08-19,2026-09-05,28.22474067890393,28.143756662500767,28.30522853278898
2026-08-19,2026-09-06,28.23983827300664,28.16419957781834,28.328235955956423
2026-08-19,2026-09-07,28.25493586710934,28.16899568914324,28.337006583442843
2026-08-19,2026-09-08,28.270033461212044,28.18733587527937,28.35332272310998
2026-08-19,2026-09-09,28.28513105531474,28.212531469897947,28.372207436184
2026-08-19,2026-09-10,28.300228649417445,28.211330631985287,28.38909535521012
2026-08-19,2026-09-11,28.315326243520147,28.22927506954137,28.398325929484752
2026-08-19,2026-09-12,28.330423837622853,28.24456587723485,28.420867106267675
2026-08-19,2026-09-13,28.34552143172555,28.26076726759361,28.43560541066917
2026-08-19,2026-09-14,28.360619025828253,28.27913144517047,28.454791543716464
2026-08-19,2026-09-15,28.37571661993096,28.28826280143573,28.466121633164537
2026-08-19,2026-09-16,28.39081421403366,28.30296572679906,28.48145184591209
2026-08-19,2026-09-17,28.405911808136366,28.315947607556065,28.50232389679589
2026-08-19,2026-09-18,28.421009402239065,28.329462007769,28.523161995473764
2026-08-19,2026-09-19,28.436106996341767,28.34345585423069,28.538458266890416
2026-08-19,2026-09-20,28.45120459044448,28.355820981702728,28.552601838658354
2026-08-19,2026-09-21,28.46630218454717,28.36834108404936,28.58152413556353
2026-08-19,2026-09-22,28.48139977864988,28.38403378523998,28.587952264873422
2026-08-19,2026-09-23,28.49649737275258,28.38523608370507,28.607100269142265
2026-08-19,2026-09-24,28.51159496685528,28.40325190149025,28.623459851695284
2026-08-19,2026-09-25,28.526692560957983,28.41271282361078,28.64697151342591
2026-08-19,2026-09-26,28.54179015506069,28.434636038729668,28.6619173099139
2026-08-19,2026-09-27,28.5568877491634,28.44853662439405,28.672978893044867
2026-08-19,2026-09-28,28.571985343266093,28.457787384977447,28.692817403405968
2026-08-19,2026-09-29,28.587082937368795,28.462769016300413,28.71439144704763
2026-08-19,2026-09-30,28.6021805314715,28.47074709532344,28.73887054034333
2026-08-19,2026-10-01,28.617278125574195,28.492142188938484,28.751252338959247
2026-08-19,2026-10-02,28.6323757196769,28.49721705232927,28.761165042315763
2026-08-19,2026-10-03,28.647473313779603,28.51931007838872,28.78926685212179
2026-08-19,2026-10-04,28.66257090788231,28.527573228909464,28.796610405760312
2026-08-19,2026-10-05,28.67766850198501,28.53971959729076,28.8251135167978
2026-08-19,2026-10-06,28.69276609608772,28.556082314398385,28.83966866928687
2026-08-19,2026-10-07,28.70786369019041,28.558316184770938,28.858659457605413
2026-08-19,2026-10-08,28.72296128429312,28.56075226816051,28.898095277403968
2026-08-19,2026-10-09,28.738058878395822,28.57528075836548,28.90040724107662
2026-08-19,2026-10-10,28.75315647249852,28.59359167761994,28.9160892592551
2026-08-19,2026-10-11,28.768254066601223,28.60482904024769,28.92317106006977
2026-08-19,2026-10-12,28.78335166070393,28.624750309372377,28.954268649240124
2026-08-19,2026-10-13,28.79844925480663,28.61996523208135,28.97310009361742
2026-08-19,2026-10-14,28.813546848909336,28.638723865466304,28.987716882050545
2026-08-19,2026-10-15,28.82864444301204,28.64644595202653,29.01279126506633
2026-08-19,2026-10-16,28.843742037114737,28.655989524964003,29.037028601907284
2026-08-19,2026-10-17,28.85883963121744,28.661751486747416,29.043833222105548
2026-08-19,2026-10-18,28.873937225320145,28.670616780343064,29.06581595099596
2026-08-19,2026-10-19,28.889034819422843,28.68606380232138,29.09859660800175
2026-08-19,2026-10-20,28.90413241352555,28.6852609416749,29.10934690469224
2026-08-19,2026-10-21,28.91923000762825,28.696586541920286,29.122394211355324
2026-08-19,2026-10-22,28.93432760173096,28.700658522126947,29.15563321665181
2026-08-19,2026-10-23,28.94942519583366,28.72270413170295,29.164025950499635
2026-08-19,2026-10-24,28.964522789936364,28.72914470004832,29.19437861378732
2026-08-19,2026-10-25,28.979620384039062,28.755743338482908,29.211210522160933
2026-08-19,2026-10-26,28.994717978141765,28.74784546545169,29.23791916271376
2026-08-19,2026-10-27,29.00981557224447,28.74754050625204,29.247750237178387
2026-08-19,2026-10-28,29.024913166347165,28.77747311045978,29.275056847117096
2026-08-19,2026-10-29,29.04001076044987,28.7958380183142,29.288028023624182
2026-08-19,2026-10-30,29.055108354552573,28.78728821126536,29.314889414404263
2026-08-19,2026-10-31,29.07020594865528,28.79010998632384,29.339720264555424
2026-08-19,2026-11-01,29.08530354275798,28.80445329533166,29.360244868896874
2026-08-19,2026-11-02,29.10040113686069,28.803099643431075,29.369663598807847
2026-08-19,2026-11-03,29.11549873096339,28.81783729767156,29.41313256703354
2026-08-19,2026-11-04,29.130596325066087,28.83316099828815,29.421552224467373
2026-08-19,2026-11-05,29.145693919168792,28.85695557662197,29.440522930155904
2026-08-19,2026-11-06,29.16079151327149,28.8509632596818,29.46399731628038
2026-08-19,2026-11-07,29.1758891073742,28.85743868191413,29.481537535009625
2026-08-19,2026-11-08,29.1909867014769,28.85803018644605,29.51939154147132
2026-08-19,2026-11-09,29.2060842955796,28.86967476108256,29.516039198191184
2026-08-19,2026-11-10,29.221181889682303,28.88169940993285,29.538307080165563
2026-08-19,2026-11-11,29.236279483785008,28.883985889564627,29.574568651645063
2026-08-19,2026-11-12,29.25137707788772,28.89183756995621,29.58869764108208
2026-08-19,2026-11-13,29.26647467199041,28.907864067279625,29.609105497307763
2026-08-19,2026-11-14,29.281572266093114,28.91477605586325,29.632027076980364
2026-08-19,2026-11-15,29.29666986019582,28.93818444604574,29.66001930928373
2026-08-19,2026-11-16,29.311767454298515,28.93218320752088,29.675309018700524
2026-08-19,2026-11-17,29.32686504840122,28.943263736919725,29.6826807585336
2026-08-20,2026-08-21,27.998500708877035,27.93141949069152,28.07158466695592
2026-08-20,2026-08-22,28.01360229506865,27.938021888847253,28.080989688886824
2026-08-20,2026-08-23,28.02870388126028,27.95634456851698,28.096576306820747
2026-08-20,2026-08-24,28.043805467451893,27.970360997902773,28.117524319165707
2026-08-20,2026-08-25,28.05890705364352,27.98595808804254,28.12888710421125
2026-08-20,2026-08-26,28.074008639835142,28.00113058965943,28.1474413399879
2026-08-20,2026-08-27,28.08911022602676,28.014899095691508,28.165603877750847
2026-08-20,2026-08-28,28.104211812218388,28.034525221923623,28.18119531446399
2026-08-20,2026-08-29,28.119313398410007,28.053867310036264,28.1887226996839
2026-08-20,2026-08-30,28.134414984601623,28.05673310359711,28.2081195060163
2026-08-20,2026-08-31,28.14951657079325,28.072107319091145,28.22232796729064
2026-08-20,2026-09-01,28.16461815698487,28.08878449129818,28.240340558070383
2026-08-20,2026-09-02,28.179719743176488,28.10222558893708,28.25492154588636
2026-08-20,2026-09-03,28.194821329368114,28.109987324723665,28.267204978843623
2026-08-20,2026-09-04,28.209922915559734,28.131313057399787,28.285668316035288
2026-08-20,2026-09-05,28.22502450175136,28.15134107572723,28.30717165504216
2026-08-20,2026-09-06,28.240126087942976,28.159389387255874,28.320208196372462
2026-08-20,2026-09-07,28.2552276741346,28.169133202068323,28.328505692854684
2026-08-20,2026-09-08,28.27032926032622,28.192550473351808,28.349756178089542
2026-08-20,2026-09-09,28.28543084651784,28.19762417500995,28.368545744488383
2026-08-20,2026-09-10,28.300532432709463,28.22495947593247,28.37897035745385
2026-08-20,2026-09-11,28.315634018901083,28.23228187655332,28.399551934691026
2026-08-20,2026-09-12,28.33073560509271,28.246462371506787,28.407290802204383
2026-08-20,2026-09-13,28.34583719128433,28.24982420830291,28.43197617129036
2026-08-20,2026-09-14,28.360938777475948,28.27337800614891,28.44138576375752
2026-08-20,2026-09-15,28.37604036366757,28.289426156301,28.46147621487271
2026-08-20,2026-09-16,28.3911419498592,28.3037460278697,28.47791998780517
2026-08-20,2026-09-17,28.406243536050816,28.31535605141563,28.492389345554766
2026-08-20,2026-09-18,28.421345122242435,28.322377988331592,28.51265387710124
2026-08-20,2026-09-19,28.43644670843405,28.33679774550647,28.531128491227022
2026-08-20,2026-09-20,28.45154829462568,28.349689562322503,28.551939580265127
2026-08-20,2026-09-21,28.466649880817304,28.37076168789013,28.568237063963533
2026-08-20,2026-09-22,28.481751467008923,28.384957978326582,28.57781826917219
2026-08-20,2026-09-23,28.496853053200542,28.39266720599251,28.60241234857003
2026-08-20,2026-09-24,28.51195463939216,28.39503340162303,28.610907188795107
2026-08-20,2026-09-25,28.527056225583788,28.4237836913126,28.629948874114056
2026-08-20,2026-09-26,28.54215781177541,28.424175642828683,28.65041780398296
2026-08-20,2026-09-27,28.55725939796703,28.438004160047427,28.66834828797649
2026-08-20,2026-09-28,28.57236098415865,28.454329064875022,28.689991424683765
2026-08-20,2026-09-29,28.58746257035027,28.461218291950043,28.70009905284813
2026-08-20,2026-09-30,28.60256415654189,28.478055311291783,28.71772045404588
2026-08-20,2026-10-01,28.61766574273352,28.48791854665801,28.735647222065857
2026-08-20,2026-10-02,28.632767328925137,28.50457506761221,28.745352048778944
2026-08-20,2026-10-03,28.64786891511676,28.509486605881555,28.77152058423276
2026-08-20,2026-10-04,28.662970501308383,28.51480533976886,28.79944982755228
2026-08-20,2026-10-05,28.6780720875,28.544755250406663,28.814412726546603
2026-08-20,2026-10-06,28.693173673691625,28.54802380694638,28.824582906343306
2026-08-20,2026-10-07,28.708275259883244,28.562025983216888,28.84793172005438
2026-08-20,2026-10-08,28.723376846074864,28.576473121943863,28.87716480579537
2026-08-20,2026-10-09,28.738478432266483,28.580275326833668,28.895083633881576
2026-08-20,2026-10-10,28.75358001845811,28.591900911615667,28.90752275045472
2026-08-20,2026-10-11,28.76868160464973,28.60685249584185,28.92619910490983
2026-08-20,2026-10-12,28.78378319084135,28.61682886207901,28.942639500691094
2026-08-20,2026-10-13,28.798884777032978,28.62705373138373,28.966356524177503
2026-08-20,2026-10-14,28.8139863632246,28.623507643854108,28.9838600088193
2026-08-20,2026-10-15,28.829087949416216,28.639025080365865,29.001779218471587
2026-08-20,2026-10-16,28.84418953560784,28.66094507904164,29.01467210868205
2026-08-20,2026-10-17,28.85929112179946,28.671975106208624,29.043539091119328
2026-08-20,2026-10-18,28.87439270799108,28.690214741726624,29.055004767211784
2026-08-20,2026-10-19,28.889494294182704,28.701179721258065,29.074886145059622
2026-08-20,2026-10-20,28.904595880374323,28.69608570367455,29.098868077719285
2026-08-20,2026-10-21,28.919697466565943,28.70173473345027,29.13081636771127
2026-08-20,2026-10-22,28.93479905275757,28.712279671252013,29.134509834065067
2026-08-20,2026-10-23,28.94990063894919,28.74064226713364,29.14456962829369
2026-08-20,2026-10-24,28.96500222514081,28.73476652833721,29.17969528735049
2026-08-20,2026-10-25,28.98010381133243,28.748679563201325,29.18883196207387
2026-08-20,2026-10-26,28.99520539752405,28.762906803945995,29.215558791110205
2026-08-20,2026-10-27,29.010306983715672,28.7755483750825,29.237733766557973
2026-08-20,2026-10-28,29.02540856990729,28.7791891638521,29.249334825834588
2026-08-20,2026-10-29,29.04051015609892,28.78895535231861,29.278827930326685
2026-08-20,2026-10-30,29.055611742290537,28.79495782418812,29.298768979498707
2026-08-20,2026-10-31,29.07071332848216,28.80240060846729,29.33417731810716
2026-08-20,2026-11-01,29.085814914673783,28.83225177666289,29.343171496062634
2026-08-20,2026-11-02,29.10091650086541,28.830634846857297,29.36419954084299
2026-08-20,2026-11-03,29.116018087057025,28.826844793943096,29.38008446350531
2026-08-20,2026-11-04,29.131119673248644,28.83752897114528,29.412036367399928
2026-08-20,2026-11-05,29.146221259440264,28.85744272836408,29.41128608112761
2026-08-20,2026-11-06,29.161322845631886,28.841382660829066,29.435881459591904
2026-08-20,2026-11-07,29.17642443182352,28.866793155848978,29.451051612191893
2026-08-20,2026-11-08,29.19152601801513,28.86996240103803,29.48659994489161
2026-08-20,2026-11-09,29.20662760420675,28.87766228753969,29.511258022387
2026-08-20,2026-11-10,29.22172919039837,28.89959275424155,29.520448472635373
2026-08-20,2026-11-11,29.23683077659,28.902557354845737,29.547333833807453
2026-08-20,2026-11-12,29.25193236278162,28.89544497325205,29.55997751476999
2026-08-20,2026-11-13,29.26703394897324,28.92207882275968,29.57816826720332
2026-08-20,2026-11-14,29.28213553516486,28.9417098209146,29.62051178068777
2026-08-20,2026-11-15,29.29723712135648,28.921973459204548,29.63472371432316
2026-08-20,2026-11-16,29.3123387075481,28.927570360457647,29.64806702838277
2026-08-20,2026-11-17,29.327440293739727,28.946273363988904,29.667432168731303
2026-08-20,2026-11-18,29.342541879931343,28.96447345982475,29.695190150179748
2026-08-21,2026-08-22,28.01415046574022,27.943157413717827,28.085057581403824
2026-08-21,2026-08-23,28.02926578376988,27.95708396666492,28.10107755121658
2026-08-21,2026-08-24,28.044381101799523,27.97163590279157,28.1147414223565
2026-08-21,2026-08-25,28.059496419829173,27.986694053283472,28.12684205288296
2026-08-21,2026-08-26,28.074611737858827,28.00513572288398,28.1496763307352
2026-08-21,2026-08-27,28.08972705588848,28.01585232890724,28.15798901825476
2026-08-21,2026-08-28,28.104842373918128,28.03930151766742,28.176893669816888
2026-08-21,2026-08-29,28.119957691947786,28.04818001784124,28.19039260865395
2026-08-21,2026-08-30,28.135073009977432,28.062374344475334,28.2080408575984
2026-08-21,2026-08-31,28.150188328007083,28.081286050917942,28.21912389396586
2026-08-21,2026-09-01,28.16530364603674,28.088242012682787,28.237862590478045
2026-08-21,2026-09-02,28.180418964066387,28.10916048381062,28.251968103231167
2026-08-21,2026-09-03,28.19553428209604,28.11775184766612,28.268675833502883
2026-08-21,2026-09-04,28.21064960012569,28.138208559935173,28.288498854050484
2026-08-21,2026-09-05,28.225764918155345,28.149744361112795,28.30298807534521
2026-08-21,2026-09-06,28.240880236184992,28.16524526211984,28.30896451444889
2026-08-21,2026-09-07,28.25599555421465,28.18059886692907,28.33127945590253
2026-08-21,2026-09-08,28.2711108722443,28.192915458222668,28.34616480453083
2026-08-21,2026-09-09,28.286226190273947,28.206886579569503,28.36508921565726
2026-08-21,2026-09-10,28.301341508303604,28.219225178348648,28.384245850988822
2026-08-21,2026-09-11,28.31645682633325,28.237003467678942,28.398428977813484
2026-08-21,2026-09-12,28.331572144362905,28.254720216255404,28.41688999586727
2026-08-21,2026-09-13,28.34668746239256,28.266505248036182,28.43028147958273
2026-08-21,2026-09-14,28.36180278042221,28.27808551553788,28.455206696154164
2026-08-21,2026-09-15,28.37691809845186,28.29363437408342,28.465047719031425
2026-08-21,2026-09-16,28.39203341648152,28.3056525921436,28.487634945004544
2026-08-21,2026-09-17,28.407148734511164,28.32186575686293,28.499601608194805
2026-08-21,2026-09-18,28.42226405254081,28.332334947127432,28.51553443448432
2026-08-21,2026-09-19,28.43737937057047,28.342443382706584,28.53731241356527
2026-08-21,2026-09-20,28.45249468860012,28.360213014013564,28.55396074393058
2026-08-21,2026-09-21,28.46761000662977,28.36937783913159,28.568252969583124
2026-08-21,2026-09-22,28.482725324659427,28.38777841707596,28.57857843909944
2026-08-21,2026-09-23,28.49784064268908,28.398475340427822,28.606761217468275
2026-08-21,2026-09-24,28.512955960718724,28.41787704570822,28.624520758974
2026-08-21,2026-09-25,28.52807127874838,28.42175895425296,28.64385567595168
2026-08-21,2026-09-26,28.543186596778032,28.43842077278161,28.66141156081368
2026-08-21,2026-09-27,28.55830191480768,28.44199910810468,28.67826375740364
2026-08-21,2026-09-28,28.573417232837336,28.461296034950664,28.690156262492973
2026-08-21,2026-09-29,28.588532550866987,28.48168845178914,28.714476413559066
2026-08-21,2026-09-30,28.60364786889664,28.487512717658618,28.72599637057762
2026-08-21,2026-10-01,28.61876318692629,28.49204064615407,28.74466512035784
2026-08-21,2026-10-02,28.63387850495594,28.51384840491576,28.76336998264667
2026-08-21,2026-10-03,28.64899382298559,28.521683654264645,28.78166909935867
2026-08-21,2026-10-04,28.66410914101525,28.53780603772572,28.80838583353694
2026-08-21,2026-10-05,28.679224459044896,28.555537972383643,28.828255960959662
2026-08-21,2026-10-06,28.694339777074543,28.55773144756009,28.85296973261208
2026-08-21,2026-10-07,28.7094550951042,28.56531056216916,28.865897938062822
2026-08-21,2026-10-08,28.72457041313385,28.57765528341765,28.88985081826338
2026-08-21,2026-10-09,28.7396857311635,28.586541427844818,28.914813632881867
2026-08-21,2026-10-10,28.75480104919316,28.59964645717063,28.919047923857622
2026-08-21,2026-10-11,28.769916367222805,28.606788663853543,28.93607902665505
2026-08-21,2026-10-12,28.785031685252456,28.616712867403624,28.965492142672165
2026-08-21,2026-10-13,28.80014700328212,28.63797254693745,28.98784892877002
2026-08-21,2026-10-14,28.815262321311764,28.63860605343256,29.00896599803257
2026-08-21,2026-10-15,28.830377639341418,28.644269033840143,29.02492814901744
2026-08-21,2026-10-16,28.845492957371068,28.67032382763106,29.053770206564742
2026-08-21,2026-10-17,28.86060827540072,28.669458978226988,29.067770368346785
2026-08-21,2026-10-18,28.875723593430365,28.673447363921447,29.086030147819294
2026-08-21,2026-10-19,28.890838911460023,28.694227783107223,29.11096384639156
2026-08-21,2026-10-20,28.90595422948968,28.69897487841864,29.127838048083195
2026-08-21,2026-10-21,28.921069547519323,28.698269775790656,29.1539148869183
2026-08-21,2026-10-22,28.936184865548977,28.713400478144138,29.16713876869357
2026-08-21,2026-10-23,28.951300183578628,28.73630002580562,29.17669214502436
2026-08-21,2026-10-24,28.966415501608285,28.734740077250745,29.211414411595463
2026-08-21,2026-10-25,28.98153081963793,28.739158365367423,29.22602852552384
2026-08-21,2026-10-26,28.996646137667582,28.751207998116485,29.25461697782436
2026-08-21,2026-10-27,29.01176145569724,28.76997219333765,29.28725601215155
2026-08-21,2026-10-28,29.026876773726887,28.77436301264684,29.292425236959392
2026-08-21,2026-10-29,29.041992091756537,28.78117192840612,29.30088816932928
2026-08-21,2026-10-30,29.057107409786187,28.792783500174043,29.32422422972708
2026-08-21,2026-10-31,29.072222727815845,28.794345712880965,29.3651817029149
2026-08-21,2026-11-01,29.08733804584549,28.815524664297183,29.37398251299973
2026-08-21,2026-11-02,29.10245336387515,28.825660940655894,29.393477927288835
2026-08-21,2026-11-03,29.1175686819048,28.82800531243035,29.409279991961217
2026-08-21,2026-11-04,29.13268399993445,28.8223037113115,29.429113705120272
2026-08-21,2026-11-05,29.147799317964097,28.84058569232665,29.4599928171986
2026-08-21,2026-11-06,29.162914635993754,28.85345422472244,29.4770445881278
2026-08-21,2026-11-07,29.178029954023405,28.86906408998337,29.49159040285601
2026-08-21,2026-11-08,29.19314527205305,28.870406881810933,29.51298655127218
2026-08-21,2026-11-09,29.20826059008271,28.88427807876224,29.54599780479631
2026-08-21,2026-11-10,29.22337590811236,28.90023609658721,29.553328962070044
2026-08-21,2026-11-11,29.238491226142013,28.87785730834893,29.57182486572689
2026-08-21,2026-11-12,29.253606544171664,28.91231893277055,29.6033783001764
2026-08-21,2026-11-13,29.26872186220132,28.890249433382994,29.612577007656657
2026-08-21,2026-11-14,29.283837180230964,28.90965744632797,29.65358818735041
2026-08-21,2026-11-15,29.29895249826062,28.9138983891149,29.67615831299224
2026-08-21,2026-11-16,29.31406781629027,28.94215234481351,29.707086115482667
2026-08-21,2026-11-17,29.32918313431992,28.94541337065885,29.70105491200665
2026-08-21,2026-11-18,29.344298452349577,28.946425752886068,29.74215347605805
2026-08-21,2026-11-19,29.359413770379224,28.974135454509447,29.76017230546712
2026-08-22,2026-08-22,28.01415046574022,27.943084734486938,28.09021454999747
2026-08-22,2026-08-23,28.02926578376988,27.955413994770435,28.104983276761384
2026-08-22,2026-08-24,28.044381101799523,27.97435389092051,28.117648619096023
2026-08-22,2026-08-25,28.059496419829173,27.98901544852329,28.136750567356167
2026-08-22,2026-08-26,28.074611737858827,28.002935557532297,28.144436482058207
2026-08-22,2026-08-27,28.08972705588848,28.019833945850152,28.163441234395805
2026-08-22,2026-08-28,28.104842373918128,28.03630425054397,28.18034592957517
2026-08-22,2026-08-29,28.119957691947786,28.048478701682715,28.19388468519471
2026-08-22,2026-08-30,28.135073009977432,28.05993565816316,28.208056066924392
2026-08-22,2026-08-31,28.150188328007083,28.07564873072178,28.222276381830863
2026-08-22,2026-09-01,28.16530364603674,28.09351357548106,28.236945571867484
2026-08-22,2026-09-02,28.180418964066387,28.105644301395884,28.24947210522547
2026-08-22,2026-09-03,28.19553428209604,28.12423811824691,28.26796937518257
2026-08-22,2026-09-04,28.21064960012569,28.135415973581832,28.28427611839218
2026-08-22,2026-09-05,28.225764918155345,28.14967994930201,28.29889052754699
2026-08-22,2026-09-06,28.240880236184992,28.15923184121059,28.315499770852483
2026-08-22,2026-09-07,28.25599555421465,28.179872133151058,28.3324945060205
2026-08-22,2026-09-08,28.2711108722443,28.19205213982052,28.34522456444107
2026-08-22,2026-09-09,28.286226190273947,28.210082982929418,28.36125232497891
2026-08-22,2026-09-10,28.301341508303604,28.221953494996928,28.385165043450005
2026-08-22,2026-09-11,28.31645682633325,28.23509154550022,28.394838610787083
2026-08-22,2026-09-12,28.331572144362905,28.253335194941243,28.41238079619465
2026-08-22,2026-09-13,28.34668746239256,28.265559185994864,28.428208143348098
2026-08-22,2026-09-14,28.36180278042221,28.28294175552392,28.44936825278676
2026-08-22,2026-09-15,28.37691809845186,28.29287795267664,28.46935486299256
2026-08-22,2026-09-16,28.39203341648152,28.30094696934979,28.48410758100253
2026-08-22,2026-09-17,28.407148734511164,28.32001040101437,28.498974090260973
2026-08-22,2026-09-18,28.42226405254081,28.337959402175496,28.51554104223404
2026-08-22,2026-09-19,28.43737937057047,28.34773489270241,28.53355433388408
2026-08-22,2026-09-20,28.45249468860012,28.35765760409771,28.55455473922958
2026-08-22,2026-09-21,28.46761000662977,28.374050369230005,28.56791332043687
2026-08-22,2026-09-22,28.482725324659427,28.38359346535448,28.585419053388936
2026-08-22,2026-09-23,28.49784064268908,28.404142176839613,28.59970386355937
2026-08-22,2026-09-24,28.512955960718724,28.41942442490601,28.618577493269083
2026-08-22,2026-09-25,28.52807127874838,28.43019529991206,28.63547981191696
2026-08-22,2026-09-26,28.543186596778032,28.44556843093318,28.65441178677945
2026-08-22,2026-09-27,28.55830191480768,28.44935948646988,28.67046020731105
2026-08-22,2026-09-28,28.573417232837336,28.471882250653707,28.69404279557592
2026-08-22,2026-09-29,28.588532550866987,28.47954200361977,28.70639475276815
2026-08-22,2026-09-30,28.60364786889664,28.493638470068337,28.7311296720266
2026-08-22,2026-10-01,28.61876318692629,28.4968258654392,28.73494148102812
2026-08-22,2026-10-02,28.63387850495594,28.513306726320813,28.767435141123084
2026-08-22,2026-10-03,28.64899382298559,28.533205474230208,28.77672385552542
2026-08-22,2026-10-04,28.66410914101525,28.54420304222452,28.79602307563016
2026-08-22,2026-10-05,28.679224459044896,28.56943267091728,28.8197508932084
2026-08-22,2026-10-06,28.694339777074543,28.564787113176703,28.83333611779128
2026-08-22,2026-10-07,28.7094550951042,28.576467821246617,28.847606850529623
2026-08-22,2026-10-08,28.72457041313385,28.59219873767801,28.873048563969224
2026-08-22,2026-10-09,28.7396857311635,28.599120162113504,28.89475733899201
2026-08-22,2026-10-10,28.75480104919316,28.623849471268297,28.904810387309315
2026-08-22,2026-10-11,28.769916367222805,28.635758696636383,28.92794162081327
2026-08-22,2026-10-12,28.785031685252456,28.641419279217462,28.94535703302475
2026-08-22,2026-10-13,28.80014700328212,28.6565386010349,28.95877829257088
2026-08-22,2026-10-14,28.815262321311764,28.665704866554314,28.978994684470244
2026-08-22,2026-10-15,28.830377639341418,28.68786478017171,28.99950216549908
2026-08-22,2026-10-16,28.845492957371068,28.686109221310645,29.023270225719926
2026-08-22,2026-10-17,28.86060827540072,28.71174099015782,29.03318352726612
2026-08-22,2026-10-18,28.875723593430365,28.7096272263792,29.05959608693891
2026-08-22,2026-10-19,28.890838911460023,28.732295916696685,29.082289078908698
2026-08-22,2026-10-20,28.90595422948968,28.71589894412152,29.086944802324386
2026-08-22,2026-10-21,28.921069547519323,28.73826568301903,29.126490986302805
2026-08-22,2026-10-22,28.936184865548977,28.76092608266924,29.1438024338196
2026-08-22,2026-10-23,28.951300183578628,28.767067273261368,29.15794770606036
2026-08-22,2026-10-24,28.966415501608285,28.77902541959898,29.189349323958083
2026-08-22,2026-10-25,28.98153081963793,28.77728082426176,29.19710290821993
2026-08-22,2026-10-26,28.996646137667582,28.79626426664789,29.220044236460865
2026-08-22,2026-10-27,29.01176145569724,28.811913274997348,29.24892926913912
2026-08-22,2026-10-28,29.026876773726887,28.81356646658109,29.269017792741657
2026-08-22,2026-10-29,29.041992091756537,28.82950525947493,29.27913234771384
2026-08-22,2026-10-30,29.057107409786187,28.84691334890206,29.3060671524562
2026-08-22,2026-10-31,29.072222727815845,28.85474335090322,29.31722345337111
2026-08-22,2026-11-01,29.08733804584549,28.873926588319232,29.34027287941929
2026-08-22,2026-11-02,29.10245336387515,28.894441999317102,29.360188210959333
2026-08-22,2026-11-03,29.1175686819048,28.8811151379306,29.394577539710507
2026-08-22,2026-11-04,29.13268399993445,28.89259034789039,29.399567309734184
2026-08-22,2026-11-05,29.147799317964097,28.902878677729728,29.43837803088409
2026-08-22,2026-11-06,29.162914635993754,28.91517377949303,29.43239174800454
2026-08-22,2026-11-07,29.178029954023405,28.94410937947227,29.4735250059187
2026-08-22,2026-11-08,29.19314527205305,28.93559225161509,29.485916010416275
2026-08-22,2026-11-09,29.20826059008271,28.947169845305776,29.51109786273647
2026-08-22,2026-11-10,29.22337590811236,28.96163807385857,29.53595187388089
2026-08-22,2026-11-11,29.238491226142013,28.97182389623039,29.55261600730816
2026-08-22,2026-11-12,29.253606544171664,28.972515584588795,29.58288580309545
2026-08-22,2026-11-13,29.26872186220132,28.99679063059196,29.586259327633
2026-08-22,2026-11-14,29.283837180230964,29.00408202857722,29.61093276508404
2026-08-22,2026-11-15,29.29895249826062,29.00774290643116,29.63710022746252
2026-08-22,2026-11-16,29.31406781629027,29.022002946576183,29.652380963553533
2026-08-22,2026-11-17,29.32918313431992,29.03116888564048,29.67137509786328
2026-08-22,2026-11-18,29.344298452349577,29.03414273710515,29.6948815358224
2026-08-22,2026-11-19,29.359413770379224,29.064262817756564,29.71882882581856
2026-08-23,2026-08-22,28.01415046574022,27.9400167402478,28.08713730737443
2026-08-23,2026-08-23,28.02926578376988,27.95550870896025,28.09815734270377
2026-08-23,2026-08-24,28.044381101799523,27.97194296615121,28.115946687735214
2026-08-23,2026-08-25,28.059496419829173,27.989943508251496,28.13679820047309
2026-08-23,2026-08-26,28.074611737858827,28.00110598574149,28.144489070950904
2026-08-23,2026-08-27,28.08972705588848,28.01946874035461,28.163879967169823
2026-08-23,2026-08-28,28.104842373918128,28.032075585920765,28.17847608566997
2026-08-23,2026-08-29,28.119957691947786,28.047214478159056,28.1831524006278
2026-08-23,2026-08-30,28.135073009977432,28.06348830877303,28.20586418120379
2026-08-23,2026-08-31,28.150188328007083,28.07768628785356,28.22369427756272
2026-08-23,2026-09-01,28.16530364603674,28.09238873304724,28.24184419094689
2026-08-23,2026-09-02,28.180418964066387,28.10592539746101,28.256671662199185
2026-08-23,2026-09-03,28.19553428209604,28.121602991023035,28.26711525219711
2026-08-23,2026-09-04,28.21064960012569,28.135420963365927,28.28263722565244
2026-08-23,2026-09-05,28.225764918155345,28.149282237603256,28.298218945978263
2026-08-23,2026-09-06,28.240880236184992,28.162304256866182,28.312844831025405
2026-08-23,2026-09-07,28.25599555421465,28.17313313772401,28.327493149752023
2026-08-23,2026-09-08,28.2711108722443,28.19348284576777,28.348614212216265
2026-08-23,2026-09-09,28.286226190273947,28.209237734615925,28.361509228409112
2026-08-23,2026-09-10,28.301341508303604,28.21955522663265,28.377343411537133
2026-08-23,2026-09-11,28.31645682633325,28.233824842313915,28.39207987847725
2026-08-23,2026-09-12,28.331572144362905,28.248082997797944,28.42297087890258
2026-08-23,2026-09-13,28.34668746239256,28.26897090029585,28.42879626620028
2026-08-23,2026-09-14,28.36180278042221,28.274806547352245,28.446332315852267
2026-08-23,2026-09-15,28.37691809845186,28.2929842722985,28.45984148201971
2026-08-23,2026-09-16,28.39203341648152,28.30920973108877,28.47791396412265
2026-08-23,2026-09-17,28.407148734511164,28.32016380992352,28.49688162923972
2026-08-23,2026-09-18,28.42226405254081,28.32684548258414,28.504198928435702
2026-08-23,2026-09-19,28.43737937057047,28.34913327973151,28.531142974951184
2026-08-23,2026-09-20,28.45249468860012,28.368537669821592,28.550077635146767
2026-08-23,2026-09-21,28.46761000662977,28.36627395687872,28.56397187424439
2026-08-23,2026-09-22,28.482725324659427,28.388997213481225,28.578840934096004
2026-08-23,2026-09-23,28.49784064268908,28.394801978419864,28.594941456626923
2026-08-23,2026-09-24,28.512955960718724,28.41319318948131,28.609980451479416
2026-08-23,2026-09-25,28.52807127874838,28.430030643302548,28.63728830620272
2026-08-23,2026-09-26,28.543186596778032,28.440093914361466,28.652722560211306
2026-08-23,2026-09-27,28.55830191480768,28.45179655802452,28.66994020241376
2026-08-23,2026-09-28,28.573417232837336,28.459292537090388,28.690695247007813
2026-08-23,2026-09-29,28.588532550866987,28.477945519909248,28.702179900398423
2026-08-23,2026-09-30,28.60364786889664,28.489884872777765,28.72198600349298
2026-08-23,2026-10-01,28.61876318692629,28.498649950905243,28.74356468627974
2026-08-23,2026-10-02,28.63387850495594,28.51742769485971,28.75371957105598
2026-08-23,2026-10-03,28.64899382298559,28.52556189689958,28.7690660289667
2026-08-23,2026-10-04,28.66410914101525,28.54238738187593,28.800069891889
2026-08-23,2026-10-05,28.679224459044896,28.552557163623906,28.82341915882505
2026-08-23,2026-10-06,28.694339777074543,28.55816831330216,28.841855826787373
2026-08-23,2026-10-07,28.7094550951042,28.555715312397467,28.85989389233746
2026-08-23,2026-10-08,28.72457041313385,28.58153274331568,28.85678060571868
2026-08-23,2026-10-09,28.7396857311635,28.595320370891912,28.894403506087947
2026-08-23,2026-10-10,28.75480104919316,28.60376978344297,28.908346914859127
2026-08-23,2026-10-11,28.769916367222805,28.62053625435684,28.923494361309505
2026-08-23,2026-10-12,28.785031685252456,28.629346622581085,28.95679230262428
2026-08-23,2026-10-13,28.80014700328212,28.638708584827167,28.959195435688624
2026-08-23,2026-10-14,28.815262321311764,28.65792258609117,28.993602966817715
2026-08-23,2026-10-15,28.830377639341418,28.653317721692584,29.00113288550908
2026-08-23,2026-10-16,28.845492957371068,28.682986560686548,29.030587463927567
2026-08-23,2026-10-17,28.86060827540072,28.687508692361103,29.035919201704235
2026-08-23,2026-10-18,28.875723593430365,28.68365780862828,29.070212415272785
2026-08-23,2026-10-19,28.890838911460023,28.71271267606287,29.09033976306484
2026-08-23,2026-10-20,28.90595422948968,28.7117219874073,29.101291863971188
2026-08-23,2026-10-21,28.921069547519323,28.727779266858,29.11478990769061
2026-08-23,2026-10-22,28.936184865548977,28.734176892495995,29.145532130366764
2026-08-23,2026-10-23,28.951300183578628,28.72628591003316,29.176708073097466
2026-08-23,2026-10-24,28.966415501608285,28.75712881329464,29.190679912193133
2026-08-23,2026-10-25,28.98153081963793,28.76469652604688,29.19882741888226
2026-08-23,2026-10-26,28.996646137667582,28.784080888176863,29.224656076015663
2026-08-23,2026-10-27,29.01176145569724,28.787500592790337,29.255446350551832
2026-08-23,2026-10-28,29.026876773726887,28.7748368059076,29.276895960607582
2026-08-23,2026-10-29,29.041992091756537,28.805389898306387,29.286612701938296
2026-08-23,2026-10-30,29.057107409786187,28.80542834338071,29.33343724622892
2026-08-23,2026-10-31,29.072222727815845,28.82017531482474,29.34018640647691
2026-08-23,2026-11-01,29.08733804584549,28.825599392756924,29.34790938753284
2026-08-23,2026-11-02,29.10245336387515,28.84545064851552,29.378130499984053
2026-08-23,2026-11-03,29.1175686819048,28.843865836209154,29.39745497336461
2026-08-23,2026-11-04,29.13268399993445,28.870219825938246,29.432611463751545
2026-08-23,2026-11-05,29.147799317964097,28.859709953609872,29.44105145086985
2026-08-23,2026-11-06,29.162914635993754,28.86243472534849,29.45751963095795
2026-08-23,2026-11-07,29.178029954023405,28.890615456756688,29.47969518734256
2026-08-23,2026-11-08,29.19314527205305,28.89180142187261,29.50529939098397
2026-08-23,2026-11-09,29.20826059008271,28.90047873189616,29.5270017045104
2026-08-23,2026-11-10,29.22337590811236,28.896470118485205,29.5418021853201
2026-08-23,2026-11-11,29.238491226142013,28.932803111548687,29.57598458134332
2026-08-23,2026-11-12,29.253606544171664,28.93595330724565,29.591369771519915
2026-08-23,2026-11-13,29.26872186220132,28.92351426250601,29.620503304404963
2026-08-23,2026-11-14,29.283837180230964,28.934029599202205,29.63175133867517
2026-08-23,2026-11-15,29.29895249826062,28.969855090331308,29.65455873685588
2026-08-23,2026-11-16,29.31406781629027,28.972908037287777,29.67175332704495
2026-08-23,2026-11-17,29.32918313431992,28.96611511663075,29.68687937263402
2026-08-23,2026-11-18,29.344298452349577,28.992405954254096,29.719102281976088
2026-08-23,2026-11-19,29.359413770379224,29.003606348948622,29.712039816779928
2026-08-24,2026-08-25,28.05727540934315,27.99099226131187,28.128355881189226
2026-08-24,2026-08-26,28.072355117898542,28.00184855721578,28.144191741126107
2026-08-24,2026-08-27,28.087434826453933,28.015742060087103,28.1553006140536
2026-08-24,2026-08-28,28.10251453500933,28.030440361695508,28.1735441004342
2026-08-24,2026-08-29,28.117594243564724,28.04434725934365,28.18954167694321
2026-08-24,2026-08-30,28.132673952120115,28.062721579067087,28.200452460519404
2026-08-24,2026-08-31,28.147753660675512,28.07794620593016,28.217330482118573
2026-08-24,2026-09-01,28.162833369230903,28.09189206378304,28.23252451675529
2026-08-24,2026-09-02,28.177913077786304,28.10808353853181,28.25151629137612
2026-08-24,2026-09-03,28.1929927863417,28.121206250514515,28.262599019178182
2026-08-24,2026-09-04,28.20807249489709,28.13479607038442,28.27386986987777
2026-08-24,2026-09-05,28.22315220345249,28.147194573889536,28.29410927293116
2026-08-24,2026-09-06,28.238231912007883,28.17045645923049,28.31149971176212
2026-08-24,2026-09-07,28.25331162056327,28.178967315747723,28.327550237514867
2026-08-24,2026-09-08,28.268391329118668,28.20259521288011,28.34628830509672
2026-08-24,2026-09-09,28.283471037674065,28.2066988092,28.358730015284912
2026-08-24,2026-09-10,28.29855074622946,28.215449793936585,28.377111205042613
2026-08-24,2026-09-11,28.313630454784857,28.23924657827516,28.389958383663163
2026-08-24,2026-09-12,28.328710163340247,28.25518291744579,28.40452802683003
2026-08-24,2026-09-13,28.34378987189564,28.263297208768247,28.420839158274923
2026-08-24,2026-09-14,28.35886958045104,28.28329114069387,28.438694418751307
2026-08-24,2026-09-15,28.37394928900643,28.29733615924879,28.454593588008706
2026-08-24,2026-09-16,28.38902899756183,28.30715815462433,28.4742818305537
2026-08-24,2026-09-17,28.40410870611722,28.32237362125634,28.48528848112861
2026-08-24,2026-09-18,28.41918841467261,28.33224011773334,28.508602945905185
2026-08-24,2026-09-19,28.43426812322801,28.34213296406936,28.52292478614008
2026-08-24,2026-09-20,28.44934783178341,28.36233045129076,28.529863165661983
2026-08-24,2026-09-21,28.464427540338804,28.375679551231247,28.556026080175386
2026-08-24,2026-09-22,28.4795072488942,28.387327182374293,28.5747599272614
2026-08-24,2026-09-23,28.49458695744959,28.40530930510837,28.59207435571976
2026-08-24,2026-09-24,28.509666666004986,28.41447985722294,28.6037629925257
2026-08-24,2026-09-25,28.524746374560376,28.431505681834462,28.61964033214321
2026-08-24,2026-09-26,28.539826083115774,28.437977532211736,28.642141622308586
2026-08-24,2026-09-27,28.554905791671167,28.45782572938612,28.6596768300842
2026-08-24,2026-09-28,28.569985500226565,28.45844038801865,28.67556991634788
2026-08-24,2026-09-29,28.58506520878196,28.470938800039843,28.698488289199865
2026-08-24,2026-09-30,28.60014491733735,28.49018322910689,28.709469854429333
2026-08-24,2026-10-01,28.615224625892747,28.50852379092379,28.726970671866603
2026-08-24,2026-10-02,28.63030433444814,28.514712239173203,28.74442967382917
2026-08-24,2026-10-03,28.64538404300353,28.533999843207297,28.756905870473627
2026-08-24,2026-10-04,28.66046375155893,28.537271179733164,28.78467585762698
2026-08-24,2026-10-05,28.675543460114323,28.54877238838237,28.813063454346903
2026-08-24,2026-10-06,28.69062316866972,28.568485298044724,28.82127433519667
2026-08-24,2026-10-07,28.70570287722512,28.580110352840755,28.8407712027452
2026-08-24,2026-10-08,28.720782585780505,28.588794638352457,28.854162345845573
2026-08-24,2026-10-09,28.735862294335902,28.59972704744873,28.874223956014568
2026-08-24,2026-10-10,28.7509420028913,28.61071727644355,28.897813625070107
2026-08-24,2026-10-11,28.766021711446687,28.617942998054463,28.9244152971531
2026-08-24,2026-10-12,28.781101420002084,28.635945194026185,28.94138912166464
2026-08-24,2026-10-13,28.79618112855748,28.64206772989547,28.95640418738164
2026-08-24,2026-10-14,28.81126083711288,28.653884233400536,28.972335274629685
2026-08-24,2026-10-15,28.82634054566828,28.662066563837246,28.99499730525869
2026-08-24,2026-10-16,28.841420254223664,28.683894311801964,29.021569243142544
2026-08-24,2026-10-17,28.856499962779058,28.68779009553836,29.03692952754483
2026-08-24,2026-10-18,28.87157967133445,28.71752987327676,29.04162283467468
2026-08-24,2026-10-19,28.88665937988985,28.71798512072051,29.06433705500043
2026-08-24,2026-10-20,28.90173908844524,28.722858525128903,29.088511657368866
2026-08-24,2026-10-21,28.91681879700064,28.72649383065715,29.114639144946445
2026-08-24,2026-10-22,28.93189850555603,28.750215371674123,29.12835203531221
2026-08-24,2026-10-23,28.94697821411143,28.74662035293227,29.15457343003885
2026-08-24,2026-10-24,28.96205792266682,28.749406462740925,29.17837143795515
2026-08-24,2026-10-25,28.977137631222213,28.779370742326112,29.19402318122977
2026-08-24,2026-10-26,28.99221733977761,28.786998916676808,29.216170862800137
2026-08-24,2026-10-27,29.007297048333005,28.79047144748591,29.238751996064504
2026-08-24,2026-10-28,29.0223767568884,28.8124592645059,29.24221866578174
2026-08-24,2026-10-29,29.0374564654438,28.79449584324016,29.27614696479316
2026-08-24,2026-10-30,29.05253617399919,28.82115241762116,29.29772706741084
2026-08-24,2026-10-31,29.067615882554584,28.82988835039425,29.30332431269029
2026-08-24,2026-11-01,29.08269559110998,28.82554460145492,29.336688354441566
2026-08-24,2026-11-02,29.097775299665376,28.844016730169123,29.358983726985144
2026-08-24,2026-11-03,29.11285500822077,28.851880453406448,29.372436563157947
2026-08-24,2026-11-04,29.127934716776164,28.85557567860864,29.376272333476468
2026-08-24,2026-11-05,29.14301442533156,28.873219209080467,29.41552038888052
2026-08-24,2026-11-06,29.158094133886948,28.882304778362894,29.43892677341601
2026-08-24,2026-11-07,29.173173842442345,28.8997909732624,29.455441072404145
2026-08-24,2026-11-08,29.18825355099774,28.9039574590552,29.46356885769488
2026-08-24,2026-11-09,29.203333259553137,28.921172815122137,29.478139582302425
2026-08-24,2026-11-10,29.21841296810853,28.91723002109465,29.51154143168698
2026-08-24,2026-11-11,29.23349267666392,28.92255592880144,29.5376345666278
2026-08-24,2026-11-12,29.24857238521932,28.94212465192613,29.567731355436987
2026-08-24,2026-11-13,29.26365209377472,28.95287899527876,29.582922020744856
2026-08-24,2026-11-14,29.278731802330103,28.95215456733322,29.591860416906314
2026-08-24,2026-11-15,29.2938115108855,28.952852474167624,29.62562434335516
2026-08-24,2026-11-16,29.30889121944089,28.972326963417004,29.64481688710106
2026-08-24,2026-11-17,29.32397092799629,28.99276528193159,29.65534880943109
2026-08-24,2026-11-18,29.33905063655169,28.99488385052104,29.67705446819756
2026-08-24,2026-11-19,29.35413034510708,29.00435192732608,29.700372954519253
2026-08-24,2026-11-20,29.369210053662474,29.009525335177507,29.735479172272328
2026-08-24,2026-11-21,29.384289762217872,29.013408457054062,29.740184043965577
2026-08-24,2026-11-22,29.39936947077326,29.03564951761613,29.77686452248153
2026-08-25,2026-08-26,28.072837203611257,28.002408209079903,28.13814155975578
2026-08-25,2026-08-27,28.0879202945778,28.016677669967446,28.158033183976
2026-08-25,2026-08-28,28.103003385544334,28.03717780590152,28.16815702657284
2026-08-25,2026-08-29,28.118086476510875,28.04558301766926,28.187343626115727
2026-08-25,2026-08-30,28.13316956747741,28.06108826250277,28.19794108105488
2026-08-25,2026-08-31,28.148252658443948,28.07876815899649,28.21891187266566
2026-08-25,2026-09-01,28.16333574941048,28.09251015914194,28.2334742659234
2026-08-25,2026-09-02,28.178418840377024,28.10825228298825,28.249984267191504
2026-08-25,2026-09-03,28.19350193134356,28.1199348474762,28.26481233279399
2026-08-25,2026-09-04,28.2085850223101,28.140293856000007,28.280102632528145
2026-08-25,2026-09-05,28.223668113276634,28.15253324261178,28.29236393287525
2026-08-25,2026-09-06,28.23875120424317,28.1690613066481,28.31310896110984
2026-08-25,2026-09-07,28.253834295209707,28.18225004163284,28.32437704413388
2026-08-25,2026-09-08,28.26891738617625,28.191101465502506,28.343717679730844
2026-08-25,2026-09-09,28.284000477142783,28.205012502684152,28.363921805014098
2026-08-25,2026-09-10,28.29908356810932,28.223263908240884,28.371073564794283
2026-08-25,2026-09-11,28.31416665907586,28.23454292212613,28.386904850253032
2026-08-25,2026-09-12,28.3292497500424,28.24997983802611,28.39744553715283
2026-08-25,2026-09-13,28.34433284100893,28.262627288916192,28.424688303083908
2026-08-25,2026-09-14,28.359415931975462,28.27943851263419,28.4353436750717
2026-08-25,2026-09-15,28.374499022942008,28.29499033325066,28.45946596337488
2026-08-25,2026-09-16,28.389582113908546,28.307115663136937,28.47086574242445
2026-08-25,2026-09-17,28.40466520487508,28.324337680148886,28.48974451037857
2026-08-25,2026-09-18,28.41974829584161,28.33115925289814,28.49943250800121
2026-08-25,2026-09-19,28.43483138680816,28.34397084748045,28.51529693322162
2026-08-25,2026-09-20,28.44991447777469,28.36336451793495,28.532289150843148
2026-08-25,2026-09-21,28.464997568741225,28.374980534772124,28.54967644990447
2026-08-25,2026-09-22,28.480080659707767,28.383843923823427,28.564685439266075
2026-08-25,2026-09-23,28.49516375067431,28.401214702352224,28.58835760684866
2026-08-25,2026-09-24,28.510246841640843,28.41612088520254,28.60185772171249
2026-08-25,2026-09-25,28.525329932607377,28.42401084626474,28.613713478124044
2026-08-25,2026-09-26,28.540413023573915,28.43959777898824,28.63674301657012
2026-08-25,2026-09-27,28.555496114540457,28.448600619518984,28.65595761773268
2026-08-25,2026-09-28,28.57057920550699,28.459902951754696,28.667553986647103
2026-08-25,2026-09-29,28.58566229647353,28.473755731189385,28.690492290912992
2026-08-25,2026-09-30,28.600745387440067,28.487295466807225,28.70994239930584
2026-08-25,2026-10-01,28.61582847840661,28.50001846512417,28.716875603070022
2026-08-25,2026-10-02,28.63091156937314,28.51089933009673,28.74618494894792
2026-08-25,2026-10-03,28.645994660339674,28.528917447518065,28.76035100447801
2026-08-25,2026-10-04,28.661077751306216,28.531318097636927,28.78967982132044
2026-08-25,2026-10-05,28.67616084227276,28.552631133813893,28.803439002399426
2026-08-25,2026-10-06,28.69124393323929,28.56835599026549,28.81122912798384
2026-08-25,2026-10-07,28.706327024205827,28.5721157232716,28.83841524957065
2026-08-25,2026-10-08,28.721410115172368,28.603110512216247,28.84928877123816
2026-08-25,2026-10-09,28.736493206138903,28.60374307589236,28.8705503601602
2026-08-25,2026-10-10,28.75157629710544,28.59716399259037,28.896151492893225
2026-08-25,2026-10-11,28.76665938807197,28.61889795084884,28.90631262881916
2026-08-25,2026-10-12,28.78174247903852,28.61728357480371,28.92818562463243
2026-08-25,2026-10-13,28.79682557000506,28.641670672239734,28.95450843031134
2026-08-25,2026-10-14,28.8119086609716,28.656976160619227,28.963107889836014
2026-08-25,2026-10-15,28.826991751938124,28.66373532516426,28.989666432009184
2026-08-25,2026-10-16,28.842074842904665,28.660716601052734,29.01644930117445
2026-08-25,2026-10-17,28.8571579338712,28.68154159089244,29.025455893673264
2026-08-25,2026-10-18,28.87224102483774,28.693857946131622,29.05760866017504
2026-08-25,2026-10-19,28.88732411580428,28.70579311946989,29.06145353072152
2026-08-25,2026-10-20,28.902407206770818,28.712728550020145,29.085533949251005
2026-08-25,2026-10-21,28.917490297737352,28.721456437578823,29.112508177311145
2026-08-25,2026-10-22,28.932573388703883,28.73439605909472,29.119523954359025
2026-08-25,2026-10-23,28.947656479670425,28.737305727570075,29.13736491510229
2026-08-25,2026-10-24,28.96273957063697,28.7548323837796,29.171583580999563
2026-08-25,2026-10-25,28.9778226616035,28.76783836181714,29.19287744068833
2026-08-25,2026-10-26,28.992905752570035,28.77965429127025,29.21041928764069
2026-08-25,2026-10-27,29.007988843536577,28.77233204214653,29.24288743358208
2026-08-25,2026-10-28,29.023071934503108,28.79211253096563,29.24705080543278
2026-08-25,2026-10-29,29.03815502546965,28.79898817939931,29.283116028904555
2026-08-25,2026-10-30,29.053238116436184,28.810169778099407,29.29837101294472
2026-08-25,2026-10-31,29.068321207402725,28.81978879217108,29.325446788513663
2026-08-25,2026-11-01,29.08340429836926,28.81831073570256,29.34404034651786
2026-08-25,2026-11-02,29.0984873893358,28.826317808617087,29.36147551449356
2026-08-25,2026-11-03,29.11357048030233,28.83572368614579,29.384435660246805
2026-08-25,2026-11-04,29.12865357126888,28.849117127669405,29.40410914658619
2026-08-25,2026-11-05,29.14373666223541,28.85341437328733,29.42849134019825
2026-08-25,2026-11-06,29.15881975320195,28.85464129008973,29.450866443179525
2026-08-25,2026-11-07,29.173902844168484,28.85673560342752,29.465961436112607
2026-08-25,2026-11-08,29.188985935135022,28.88068429000067,29.49803334126266
2026-08-25,2026-11-09,29.20406902610156,28.891340913816247,29.51567993540947
2026-08-25,2026-11-10,29.2191521170681,28.89991097687908,29.54076673790001
2026-08-25,2026-11-11,29.23423520803464,28.916559303965816,29.55356828000775
2026-08-25,2026-11-12,29.24931829900117,28.918624606003146,29.56310542094495
2026-08-25,2026-11-13,29.26440138996771,28.92733805978361,29.59617374701522
2026-08-25,2026-11-14,29.27948448093425,28.927961050596384,29.630352858877725
2026-08-25,2026-11-15,29.294567571900785,28.95302644318992,29.637656234901065
2026-08-25,2026-11-16,29.309650662867323,28.94548482214169,29.659404333421048
2026-08-25,2026-11-17,29.324733753833858,28.955002868883884,29.67679882267161
2026-08-25,2026-11-18,29.3398168448004,28.948243043312072,29.72534908327408
2026-08-25,2026-11-19,29.35489993576693,28.968387240735115,29.737053842845
2026-08-25,2026-11-20,29.369983026733475,28.965859776778995,29.74121560161124
2026-08-25,2026-11-21,29.38506611770001,28.99051070329235,29.775200851331167
2026-08-25,2026-11-22,29.400149208666544,28.983738230741768,29.79979069015292
2026-08-25,2026-11-23,29.41523229963308,28.99253346179411,29.82092545482419
2026-08-26,2026-08-27,28.08849723030754,28.014922863028094,28.153577068535192
2026-08-26,2026-08-28,28.103589541048954,28.03470795933469,28.174668242660392
2026-08-26,2026-08-29,28.11868185179036,28.050458474539106,28.186509410323747
2026-08-26,2026-08-30,28.133774162531765,28.067702903008165,28.196333941653265
2026-08-26,2026-08-31,28.148866473273173,28.076244200524137,28.219742961133296
2026-08-26,2026-09-01,28.16395878401459,28.09182496047816,28.23657278914242
2026-08-26,2026-09-02,28.179051094755994,28.106369191507937,28.244207028936824
2026-08-26,2026-09-03,28.194143405497403,28.124106789091503,28.26176099069641
2026-08-26,2026-09-04,28.20923571623881,28.136822788889244,28.28270666400891
2026-08-26,2026-09-05,28.22432802698022,28.153942696117007,28.29442067203745
2026-08-26,2026-09-06,28.23942033772163,28.167144216302287,28.30769623667586
2026-08-26,2026-09-07,28.25451264846304,28.177238475594088,28.326666567200892
2026-08-26,2026-09-08,28.26960495920445,28.20048926354541,28.34321015094276
2026-08-26,2026-09-09,28.28469726994586,28.21402101083484,28.35760355793518
2026-08-26,2026-09-10,28.299789580687268,28.22414626602162,28.364558874845784
2026-08-26,2026-09-11,28.31488189142868,28.237099205999463,28.39094286984736
2026-08-26,2026-09-12,28.329974202170085,28.25580984138864,28.40378795456705
2026-08-26,2026-09-13,28.345066512911497,28.27173837014429,28.424299717849813
2026-08-26,2026-09-14,28.360158823652903,28.285375142847045,28.43478868663921
2026-08-26,2026-09-15,28.375251134394315,28.29902118113048,28.455890612558527
2026-08-26,2026-09-16,28.390343445135723,28.307105889063934,28.47446986094932
2026-08-26,2026-09-17,28.405435755877125,28.328959243628788,28.48240544927493
2026-08-26,2026-09-18,28.42052806661854,28.34494159414229,28.499056651230173
2026-08-26,2026-09-19,28.43562037735995,28.351600684291693,28.52059976283339
2026-08-26,2026-09-20,28.450712688101355,28.36451321468649,28.535869207204783
2026-08-26,2026-09-21,28.465804998842763,28.37995267000667,28.54337524709717
2026-08-26,2026-09-22,28.48089730958418,28.394673343857768,28.56367990106058
2026-08-26,2026-09-23,28.49598962032558,28.405665808587027,28.58621435294914
2026-08-26,2026-09-24,28.511081931066997,28.421315630239484,28.60257277914656
2026-08-26,2026-09-25,28.5261742418084,28.435009617879388,28.61643346022902
2026-08-26,2026-09-26,28.54126655254981,28.439662005788872,28.647600304615597
2026-08-26,2026-09-27,28.55635886329122,28.456707074040384,28.654785310727306
2026-08-26,2026-09-28,28.571451174032628,28.476493859370944,28.674580052942236
2026-08-26,2026-09-29,28.58654348477404,28.483370593326303,28.69265880760667
2026-08-26,2026-09-30,28.601635795515445,28.49254722275271,28.701760202896228
2026-08-26,2026-10-01,28.616728106256858,28.51326541716041,28.729839393937333
2026-08-26,2026-10-02,28.631820416998263,28.52158533342984,28.74521343630789
2026-08-26,2026-10-03,28.646912727739675,28.539588802215956,28.75512649364376
2026-08-26,2026-10-04,28.662005038481084,28.551634103239422,28.779693415381423
2026-08-26,2026-10-05,28.677097349222493,28.554075814712963,28.80190481871199
2026-08-26,2026-10-06,28.6921896599639,28.569705588040566,28.81690182796123
2026-08-26,2026-10-07,28.707281970705317,28.58656788053808,28.829909935552863
2026-08-26,2026-10-08,28.72237428144672,28.595874392782072,28.84549247768036
2026-08-26,2026-10-09,28.73746659218813,28.609092720086576,28.86869926191004
2026-08-26,2026-10-10,28.75255890292954,28.622502553300965,28.89626937700929
2026-08-26,2026-10-11,28.76765121367095,28.633281696560736,28.91157372019115
2026-08-26,2026-10-12,28.782743524412357,28.629416685913696,28.93927676427111
2026-08-26,2026-10-13,28.79783583515377,28.653329742021317,28.951830947591773
2026-08-26,2026-10-14,28.81292814589517,28.66119001640645,28.972358382619014
2026-08-26,2026-10-15,28.828020456636587,28.660755783363733,28.98974719331017
2026-08-26,2026-10-16,28.843112767377995,28.685083929618617,29.00810546872323
2026-08-26,2026-10-17,28.8582050781194,28.68410941738998,29.03568376291653
2026-08-26,2026-10-18,28.87329738886081,28.691141460790597,29.0593969475068
2026-08-26,2026-10-19,28.888389699602225,28.70453914325764,29.066038986040347
2026-08-26,2026-10-20,28.903482010343627,28.72355012267959,29.091935465150595
2026-08-26,2026-10-21,28.918574321085035,28.73376875004208,29.117225195921648
2026-08-26,2026-10-22,28.933666631826444,28.73193268704344,29.12507305725286
2026-08-26,2026-10-23,28.948758942567853,28.744835414505477,29.155605975219206
2026-08-26,2026-10-24,28.963851253309265,28.763560157671087,29.179050834323657
2026-08-26,2026-10-25,28.978943564050677,28.76310355228565,29.181051846690792
2026-08-26,2026-10-26,28.994035874792083,28.775903399843656,29.20415468942561
2026-08-26,2026-10-27,29.00912818553349,28.790161518362115,29.235495085789903
2026-08-26,2026-10-28,29.0242204962749,28.807737169201253,29.250451612836777
2026-08-26,2026-10-29,29.03931280701631,28.809348737945577,29.27016837741831
2026-08-26,2026-10-30,29.05440511775772,28.81976771719741,29.282656024662774
2026-08-26,2026-10-31,29.06949742849913,28.82695761568574,29.314108698373456
2026-08-26,2026-11-01,29.08458973924054,28.84334469218924,29.32959533686133
2026-08-26,2026-11-02,29.099682049981947,28.84902436173901,29.328024642547284
2026-08-26,2026-11-03,29.11477436072336,28.847388469840897,29.373566021646795
2026-08-26,2026-11-04,29.12986667146476,28.864780448883984,29.388013877579574
2026-08-26,2026-11-05,29.144958982206173,28.871848830254585,29.422116438877023
2026-08-26,2026-11-06,29.160051292947585,28.892866212410677,29.431908462028904
2026-08-26,2026-11-07,29.175143603688998,28.89285734973516,29.44701834961545
2026-08-26,2026-11-08,29.1902359144304,28.908547033979104,29.47032725191117
2026-08-26,2026-11-09,29.20532822517181,28.908312306580157,29.48869493635126
2026-08-26,2026-11-10,29.220420535913217,28.922983061452115,29.5161406445418
2026-08-26,2026-11-11,29.23551284665463,28.93201369229325,29.5282005896405
2026-08-26,2026-11-12,29.250605157396038,28.93588596529694,29.551047140246965
2026-08-26,2026-11-13,29.265697468137443,28.942422415186037,29.577595349644252
2026-08-26,2026-11-14,29.28078977887885,28.958346724898156,29.59352184734932
2026-08-26,2026-11-15,29.29588208962026,28.95793836192835,29.62342052001123
2026-08-26,2026-11-16,29.31097440036167,28.96860894261918,29.643064259933105
2026-08-26,2026-11-17,29.32606671110308,28.96488190881256,29.662074822463374
2026-08-26,2026-11-18,29.34115902184449,28.983161935435056,29.6846120897073
2026-08-26,2026-11-19,29.3562513325859,29.005828448626808,29.715524872892576
2026-08-26,2026-11-20,29.371343643327307,28.9919071672127,29.71738042469744
2026-08-26,2026-11-21,29.38643595406872,29.004527599092164,29.74124688059429
2026-08-26,2026-11-22,29.401528264810125,29.01244997724393,29.7806631635276
2026-08-26,2026-11-23,29.416620575551537,29.026493076986128,29.788782548670664
2026-08-26,2026-11-24,29.431712886292942,29.04975820169868,29.83078773865344
2026-08-27,2026-08-28,28.1042818015091,28.03572614425463,28.1742637474493
2026-08-27,2026-08-29,28.119385101297624,28.05076317517979,28.18465563807837
2026-08-27,2026-08-30,28.134488401086152,28.060108063591617,28.202804983840846
2026-08-27,2026-08-31,28.149591700874677,28.076253973409997,28.224610788140353
2026-08-27,2026-09-01,28.1646950006632,28.09403758909325,28.23498727502412
2026-08-27,2026-09-02,28.179798300451726,28.114523428095087,28.25023423338134
2026-08-27,2026-09-03,28.194901600240247,28.119927638276806,28.261135505435295
2026-08-27,2026-09-04,28.21000490002877,28.139103723875323,28.276050507049153
2026-08-27,2026-09-05,28.225108199817296,28.15061884923571,28.291021569192374
2026-08-27,2026-09-06,28.24021149960582,28.173537865070863,28.307121817767655
2026-08-27,2026-09-07,28.25531479939435,28.18601868323286,28.32528037577194
2026-08-27,2026-09-08,28.270418099182866,28.197088864726684,28.345447121494864
2026-08-27,2026-09-09,28.28552139897139,28.216673876883455,28.35864275987519
2026-08-27,2026-09-10,28.300624698759915,28.22660735187022,28.3728285872244
2026-08-27,2026-09-11,28.315727998548443,28.243879284061702,28.38932731982578
2026-08-27,2026-09-12,28.330831298336967,28.258914084099214,28.408736259732827
2026-08-27,2026-09-13,28.345934598125492,28.27278632212203,28.42048882979156
2026-08-27,2026-09-14,28.361037897914017,28.282103269468294,28.441308385685105
2026-08-27,2026-09-15,28.376141197702545,28.30166705077921,28.452703008990596
2026-08-27,2026-09-16,28.39124449749107,28.313195909614688,28.473171592529045
2026-08-27,2026-09-17,28.406347797279594,28.332923513290783,28.48455933174134
2026-08-27,2026-09-18,28.42145109706812,28.34120010635976,28.500074742049478
2026-08-27,2026-09-19,28.436554396856643,28.35482371545043,28.517990335829925
2026-08-27,2026-09-20,28.45165769664517,28.367410901862534,28.535756480456698
2026-08-27,2026-09-21,28.46676099643369,28.38587034970958,28.554609451251757
2026-08-27,2026-09-22,28.481864296222213,28.39374779259849,28.565977300260894
2026-08-27,2026-09-23,28.49696759601074,28.407099709947115,28.585394709449158
2026-08-27,2026-09-24,28.512070895799265,28.41665287454406,28.596869008797363
2026-08-27,2026-09-25,28.527174195587783,28.43482557178577,28.620362936490935
2026-08-27,2026-09-26,28.54227749537631,28.445060519827972,28.637529632442586
2026-08-27,2026-09-27,28.557380795164836,28.45743283550514,28.655137668785553
2026-08-27,2026-09-28,28.57248409495336,28.473970224836986,28.67031333604501
2026-08-27,2026-09-29,28.587587394741885,28.48814874085931,28.697281201607414
2026-08-27,2026-09-30,28.60269069453041,28.496076039860228,28.706779136815822
2026-08-27,2026-10-01,28.617793994318937,28.514175417004235,28.7290407544678
2026-08-27,2026-10-02,28.63289729410746,28.52148794256379,28.741685531960368
2026-08-27,2026-10-03,28.648000593895986,28.534378196863234,28.759323752657796
2026-08-27,2026-10-04,28.66310389368451,28.551450251411193,28.782214355180734
2026-08-27,2026-10-05,28.67820719347304,28.557826199079113,28.792073140678323
2026-08-27,2026-10-06,28.693310493261563,28.56800776085396,28.81038496644993
2026-08-27,2026-10-07,28.708413793050088,28.577874834881502,28.827557578580258
2026-08-27,2026-10-08,28.723517092838605,28.592766376583597,28.850058411068083
2026-08-27,2026-10-09,28.738620392627134,28.619205833246372,28.86624371739023
2026-08-27,2026-10-10,28.753723692415658,28.625399031728755,28.882910673839504
2026-08-27,2026-10-11,28.768826992204183,28.628915574353105,28.89979607531426
2026-08-27,2026-10-12,28.783930291992707,28.64439683041589,28.930015433847167
2026-08-27,2026-10-13,28.799033591781228,28.657828873040156,28.944538406958028
2026-08-27,2026-10-14,28.814136891569753,28.666361559040578,28.963623919671626
2026-08-27,2026-10-15,28.829240191358277,28.672891719767193,28.976920501663393
2026-08-27,2026-10-16,28.8443434911468,28.68667343054259,28.992725416018153
2026-08-27,2026-10-17,28.85944679093533,28.698537289744124,29.020661111006774
2026-08-27,2026-10-18,28.874550090723854,28.71059171947304,29.03479450144439
2026-08-27,2026-10-19,28.88965339051238,28.714359112576723,29.055220431793074
2026-08-27,2026-10-20,28.904756690300903,28.7253278590807,29.07718722035645
2026-08-27,2026-10-21,28.91985999008943,28.73835700100256,29.092056598263934
2026-08-27,2026-10-22,28.934963289877956,28.755936070445387,29.117202063923997
2026-08-27,2026-10-23,28.95006658966648,28.75084480010613,29.131588433356658
2026-08-27,2026-10-24,28.965169889455005,28.76794685342002,29.157225351588817
2026-08-27,2026-10-25,28.980273189243526,28.78206300301768,29.170523786554035
2026-08-27,2026-10-26,28.99537648903205,28.783697937719744,29.18692822699627
2026-08-27,2026-10-27,29.010479788820575,28.81817409815709,29.204566514419245
2026-08-27,2026-10-28,29.0255830886091,28.7997652553455,29.24278768429154
2026-08-27,2026-10-29,29.040686388397628,28.801334699005285,29.252349861105586
2026-08-27,2026-10-30,29.055789688186152,28.829103413844166,29.28181282243559
2026-08-27,2026-10-31,29.07089298797467,28.839443707308693,29.30244955999
2026-08-27,2026-11-01,29.085996287763194,28.8574995280039,29.32356939900419
2026-08-27,2026-11-02,29.101099587551722,28.85340686138357,29.320118313893886
2026-08-27,2026-11-03,29.116202887340247,28.86750899181166,29.35994582410284
2026-08-27,2026-11-04,29.13130618712877,28.870237713952335,29.36806924571735
2026-08-27,2026-11-05,29.146409486917296,28.890822993664028,29.40562611088425
2026-08-27,2026-11-06,29.161512786705824,28.90816828610398,29.424796396198442
2026-08-27,2026-11-07,29.17661608649435,28.90772294724128,29.432191098572865
2026-08-27,2026-11-08,29.191719386282873,28.91769472707374,29.45199794853089
2026-08-27,2026-11-09,29.206822686071398,28.93372571391116,29.482556144908067
2026-08-27,2026-11-10,29.22192598585992,28.93641380982259,29.492222803703946
2026-08-27,2026-11-11,29.237029285648443,28.939863959198163,29.52056663286928
2026-08-27,2026-11-12,29.252132585436968,28.95329188465298,29.544248865746525
2026-08-27,2026-11-13,29.267235885225492,28.954394828566475,29.56801491896147
2026-08-27,2026-11-14,29.28233918501402,28.97211196127014,29.589590353051374
2026-08-27,2026-11-15,29.297442484802545,28.96992802393919,29.61607492958626
2026-08-27,2026-11-16,29.31254578459107,28.98686550347815,29.644282945630735
2026-08-27,2026-11-17,29.327649084379594,28.99909248849819,29.648340341859015
2026-08-27,2026-11-18,29.342752384168115,29.009699203859658,29.683102487154144
2026-08-27,2026-11-19,29.35785568395664,29.008361890641766,29.679480917446732
2026-08-27,2026-11-20,29.372958983745164,29.02002631994101,29.71436563749336
2026-08-27,2026-11-21,29.38806228353369,29.022496554229757,29.73864828597402
2026-08-27,2026-11-22,29.403165583322217,29.03575618472808,29.75827875244182
2026-08-27,2026-11-23,29.41826888311074,29.050299356343682,29.802341591273706
2026-08-27,2026-11-24,29.433372182899266,29.05391569744781,29.795384634948505
2026-08-27,2026-11-25,29.44847548268779,29.08258497252026,29.83201687439237
