generated_on,ds,yhat,yhat_lower,yhat_upper
2026-07-23,2026-07-23,10.126981112862689,10.033880395489952,10.224369996353138
2026-07-23,2026-07-25,10.12709282666424,10.02754219450466,10.226273387292885
2026-07-23,2026-07-26,10.127148683565013,10.020411341648648,10.2287452882392
2026-07-23,2026-08-01,10.127483824969664,10.026232897776156,10.224036135769383
2026-07-23,2026-08-02,10.127539681870438,10.025470727572996,10.223477216853867
2026-07-23,2026-08-08,10.12787482327509,10.02448607421124,10.23448462458783
2026-07-23,2026-08-09,10.127930680175863,10.023625294976885,10.227493712817024
2026-07-23,2026-08-15,10.128265821580516,10.01794632849508,10.232704592806105
2026-07-23,2026-08-16,10.128321678481289,10.013062117523456,10.236206365941364
2026-07-23,2026-08-22,10.12865681988594,10.000897024609753,10.246256250194484
2026-07-23,2026-08-23,10.128712676786714,10.003369692119673,10.256026381599934
2026-07-23,2026-08-29,10.129047818191363,9.995572922355649,10.26680384170867
2026-07-23,2026-08-30,10.12910367509214,9.99130877656335,10.27500747401836
2026-07-23,2026-09-05,10.12943881649679,9.96614987790368,10.274099295037132
2026-07-23,2026-09-06,10.129494673397566,9.97878937324306,10.281528809111842
2026-07-23,2026-09-12,10.129829814802216,9.93918346120418,10.300170830373792
2026-07-23,2026-09-13,10.129885671702992,9.927633550684792,10.309760624352242
2026-07-23,2026-09-19,10.13022081310764,9.91519398889526,10.33312805305004
2026-07-23,2026-09-20,10.130276670008415,9.895926976622546,10.337020557735158
2026-07-23,2026-09-26,10.130611811413068,9.865936737518613,10.365575237620437
2026-07-23,2026-09-27,10.13066766831384,9.859970870804544,10.368130897799997
2026-07-23,2026-10-03,10.131002809718492,9.835018699023632,10.393435268476674
2026-07-23,2026-10-04,10.131058666619266,9.829724583374892,10.411088182746555
2026-07-23,2026-10-10,10.131393808023915,9.786510704324844,10.431119175192388
2026-07-23,2026-10-11,10.131449664924691,9.771157418918229,10.428179312627332
2026-07-23,2026-10-17,10.131784806329344,9.727710008592824,10.492721353894666
2026-07-23,2026-10-18,10.131840663230118,9.728437378031948,10.468510243953263
2026-07-23,2026-07-24,10.204258127688597,10.121210597853851,10.28730565752334
2026-07-23,2026-07-27,10.204214297894536,10.082691289283495,10.325737306505577
2026-07-23,2026-07-28,10.204211305008236,10.053520728999338,10.354901881017136
2026-07-23,2026-07-29,10.204211100641125,10.029133487346153,10.379288713936097
2026-07-23,2026-07-30,10.204211086686062,10.00774986016929,10.400672313202834
2026-07-23,2026-07-31,10.20421108573315,9.98847541795736,10.41994675350894
2026-07-23,2026-08-03,10.20421108566808,9.97078712657719,10.43763504475897
2026-07-23,2026-08-04,10.204211085663635,9.954347900886155,10.45407427044112
2026-07-23,2026-08-05,10.204211085663331,9.938925432934765,10.469496738391904
2026-07-23,2026-08-06,10.204211085663312,9.924351578087492,10.484070593239132
2026-07-23,2026-08-07,10.20421108566331,9.910499985400538,10.497922185926084
2026-07-23,2026-08-10,10.20421108566331,9.897272855958114,10.511149315368506
2026-07-23,2026-08-11,10.20421108566331,9.884592651758831,10.523829519567787
2026-07-23,2026-08-12,10.20421108566331,9.872396665047596,10.536025506279024
2026-07-23,2026-08-13,10.20421108566331,9.860633327120164,10.547788844206456
2026-07-23,2026-08-14,10.20421108566331,9.849259620526844,10.559162550799776
2026-07-23,2026-08-17,10.20421108566331,9.838239216471818,10.570182954854802
2026-07-23,2026-08-18,10.20421108566331,9.82754110348195,10.58088106784467
2026-07-23,2026-08-19,10.20421108566331,9.817138557687612,10.591283613639009
2026-07-23,2026-08-20,10.20421108566331,9.807008356127763,10.601413815198857
2026-07-23,2026-08-21,10.20421108566331,9.797130166450092,10.611292004876528
2026-07-23,2026-08-24,10.20421108566331,9.787486066946569,10.620936104380052
2026-07-23,2026-08-25,10.20421108566331,9.77806016443767,10.63036200688895
2026-07-23,2026-08-26,10.20421108566331,9.768838286675532,10.639583884651088
2026-07-23,2026-08-27,10.20421108566331,9.759807732238244,10.648614439088377
2026-07-23,2026-08-28,10.20421108566331,9.750957065303384,10.657465106023237
2026-07-23,2026-08-31,10.20421108566331,9.742275945833674,10.666146225492946
2026-07-23,2026-09-01,10.20421108566331,9.733754987981056,10.674667183345566
2026-07-23,2026-09-02,10.20421108566331,9.725385641181289,10.683036530145332
2026-07-23,2026-09-03,10.20421108566331,9.717160089647082,10.691262081679538
2026-07-23,2026-09-04,10.20421108566331,9.709071166895503,10.699351004431117
2026-07-23,2026-09-07,10.20421108566331,9.701112282649053,10.70730988867757
2026-07-23,2026-09-08,10.20421108566331,9.693277359989056,10.715144811337565
2026-07-23,2026-09-09,10.20421108566331,9.68556078105686,10.72286139026976
2026-07-23,2026-09-10,10.20421108566331,9.677957339923337,10.730464831403284
2026-07-23,2026-09-11,10.20421108566331,9.670462201503028,10.737959969823592
2026-07-23,2026-09-14,10.20421108566331,9.663070865591529,10.745351305735092
2026-07-23,2026-09-15,10.20421108566331,9.655779135266249,10.752643036060372
2026-07-23,2026-09-16,10.20421108566331,9.648583089020486,10.759839082306137
2026-07-23,2026-09-17,10.20421108566331,9.64147905610545,10.76694311522117
2026-07-23,2026-09-18,10.20421108566331,9.63446359464005,10.77395857668657
2026-07-23,2026-09-21,10.20421108566331,9.62753347211802,10.7808886992086
2026-07-23,2026-09-22,10.20421108566331,9.620685647999036,10.787736523327585
2026-07-23,2026-09-23,10.20421108566331,9.613917258117846,10.794504913208774
2026-07-23,2026-09-24,10.20421108566331,9.6072256006846,10.80119657064202
2026-07-23,2026-09-25,10.20421108566331,9.600608123682294,10.807814047644326
2026-07-23,2026-09-28,10.20421108566331,9.594062413494594,10.814359757832026
2026-07-23,2026-09-29,10.20421108566331,9.587586184620353,10.82083598670627
2026-07-23,2026-09-30,10.20421108566331,9.581177270350503,10.827244900976115
2026-07-23,2026-10-01,10.20421108566331,9.574833614299566,10.833588557027054
2026-07-23,2026-10-02,10.20421108566331,9.568553262697831,10.83986890862879
2026-07-23,2026-10-05,10.20421108566331,9.56233435736246,10.84608781396416
2026-07-23,2026-10-06,10.20421108566331,9.556175129275708,10.852247042050912
2026-07-23,2026-10-07,10.20421108566331,9.55007389270744,10.85834827861918
2026-07-23,2026-10-08,10.20421108566331,9.544029039826576,10.864393131500044
2026-07-23,2026-10-09,10.20421108566331,9.538039035752652,10.870383135573968
2026-07-23,2026-10-12,10.20421108566331,9.53210241400436,10.87631975732226
2026-07-23,2026-10-13,10.20421108566331,9.526217772306792,10.882204399019829
2026-07-23,2026-10-14,10.20421108566331,9.52038376872347,10.88803840260315
2026-07-23,2026-10-15,10.20421108566331,9.514599118082897,10.893823053243723
2026-07-23,2026-10-16,10.20421108566331,9.508862588672685,10.899559582653936
2026-07-23,2026-10-19,10.20421108566331,9.503172999177195,10.905249172149423
2026-07-23,2026-10-20,10.20421108566331,9.497529215837076,10.910892955489546
2026-07-23,2026-10-21,10.20421108566331,9.491930149811385,10.916492021515236
2026-07-24,2026-07-25,10.14187660288081,10.042664141791429,10.241707987995452
2026-07-24,2026-07-26,10.142218806869923,10.045799308621469,10.236515942727149
2026-07-24,2026-07-27,10.142561010859042,10.047326387733817,10.242661850430556
2026-07-24,2026-07-28,10.142903214848156,10.05057311371374,10.24570635476176
2026-07-24,2026-07-29,10.143245418837274,10.035810620354049,10.24379870758077
2026-07-24,2026-07-30,10.14358762282639,10.046541780860748,10.249069259150785
2026-07-24,2026-07-31,10.143929826815503,10.050335048041456,10.24215817785427
2026-07-24,2026-08-01,10.144272030804622,10.045075757256232,10.243731216663347
2026-07-24,2026-08-02,10.144614234793735,10.046834308202154,10.252474799766691
2026-07-24,2026-08-03,10.144956438782854,10.043235472199056,10.237757753470191
2026-07-24,2026-08-04,10.14529864277197,10.04580195127016,10.236342097142778
2026-07-24,2026-08-05,10.145640846761086,10.040353605594612,10.24349022336361
2026-07-24,2026-08-06,10.145983050750202,10.042660485092371,10.242537165347876
2026-07-24,2026-08-07,10.14632525473932,10.049342056254252,10.250957091218842
2026-07-24,2026-08-08,10.146667458728434,10.04547367853814,10.258485875597891
2026-07-24,2026-08-09,10.14700966271755,10.036798074649028,10.249388615391153
2026-07-24,2026-08-10,10.147351866706666,10.042647110981823,10.245687638318218
2026-07-24,2026-08-11,10.14769407069578,10.03954222886374,10.252536408944763
2026-07-24,2026-08-12,10.148036274684898,10.040797758468166,10.256529328864213
2026-07-24,2026-08-13,10.148378478674012,10.0347131162929,10.263266787349812
2026-07-24,2026-08-14,10.14872068266313,10.037688596833918,10.253632073792696
2026-07-24,2026-08-15,10.149062886652246,10.0315930380448,10.26145231073371
2026-07-24,2026-08-16,10.149405090641364,10.035876491532148,10.262156525847876
2026-07-24,2026-08-17,10.149747294630478,10.038021113009554,10.26607706164554
2026-07-24,2026-08-18,10.150089498619591,10.033418773845003,10.26731025045483
2026-07-24,2026-08-19,10.15043170260871,10.0314565153939,10.267958692625118
2026-07-24,2026-08-20,10.150773906597824,10.03656437152364,10.271723083084405
2026-07-24,2026-08-21,10.151116110586942,10.027715642435597,10.270563448872302
2026-07-24,2026-08-22,10.151458314576058,10.029016635196506,10.280903121296983
2026-07-24,2026-08-23,10.151800518565176,10.024319735054616,10.28376250366342
2026-07-24,2026-08-24,10.15214272255429,10.02646852782779,10.27791729419621
2026-07-24,2026-08-25,10.152484926543409,10.028285374343907,10.277741083693895
2026-07-24,2026-08-26,10.152827130532522,10.02356599953128,10.297546538170826
2026-07-24,2026-08-27,10.15316933452164,10.013304305271166,10.298269050177325
2026-07-24,2026-08-28,10.153511538510754,10.014709829094311,10.291168842700213
2026-07-24,2026-08-29,10.153853742499871,10.01382080570188,10.305772432280346
2026-07-24,2026-08-30,10.154195946488986,10.009727498716384,10.305838244455265
2026-07-24,2026-08-31,10.154538150478103,10.00096360227384,10.309427891020604
2026-07-24,2026-09-01,10.15488035446722,10.01217066943998,10.302996205467672
2026-07-24,2026-09-02,10.155222558456336,10.005755470695409,10.313724790984043
2026-07-24,2026-09-03,10.15556476244545,10.00344147059316,10.314716721326336
2026-07-24,2026-09-04,10.155906966434568,9.986469808781374,10.312765162924066
2026-07-24,2026-09-05,10.156249170423685,10.00800807366588,10.322442880357814
2026-07-24,2026-09-06,10.1565913744128,9.995229470523538,10.317354267425737
2026-07-24,2026-09-07,10.156933578401915,9.972368059180278,10.342028315115977
2026-07-24,2026-09-08,10.157275782391032,9.978500547913182,10.31554367887809
2026-07-24,2026-09-09,10.157617986380147,9.974173782480287,10.33752024281771
2026-07-24,2026-09-10,10.157960190369264,9.976754017691055,10.356231400720375
2026-07-24,2026-09-11,10.15830239435838,9.970177939714665,10.33467737285468
2026-07-24,2026-09-12,10.158644598347497,9.968919533102383,10.355961891349269
2026-07-24,2026-09-13,10.158986802336612,9.96433481096019,10.361804823533191
2026-07-24,2026-09-14,10.159329006325729,9.96025751649107,10.370801763605469
2026-07-24,2026-09-15,10.159671210314844,9.94403957930876,10.36333980549639
2026-07-24,2026-09-16,10.16001341430396,9.952427733001146,10.392351952440542
2026-07-24,2026-09-17,10.160355618293076,9.947415557855429,10.391066700071413
2026-07-24,2026-09-18,10.160697822282192,9.9414315220243,10.394634288330176
2026-07-24,2026-09-19,10.161040026271309,9.92378240261714,10.40489797597208
2026-07-24,2026-09-20,10.161382230260424,9.921532200322622,10.406926839779585
2026-07-24,2026-09-21,10.16172443424954,9.944650897738038,10.4130313381991
2026-07-24,2026-09-22,10.162066638238656,9.930494683070444,10.422071601015327
2026-07-24,2026-09-23,10.162408842227771,9.925896860218517,10.423824056671906
2026-07-24,2026-09-24,10.162751046216888,9.912390453556098,10.420721730980375
2026-07-24,2026-09-25,10.163093250206003,9.909312609742273,10.442853779311472
2026-07-24,2026-09-26,10.16343545419512,9.896864639178974,10.42122879377271
2026-07-24,2026-09-27,10.163777658184236,9.887784679351835,10.44890827930004
2026-07-24,2026-09-28,10.164119862173353,9.902422431759115,10.44011712267791
2026-07-24,2026-09-29,10.164462066162468,9.887599826218644,10.466777573013983
2026-07-24,2026-09-30,10.164804270151585,9.899722553161778,10.456068390733224
2026-07-24,2026-10-01,10.1651464741407,9.877460623580044,10.491650478890502
2026-07-24,2026-10-02,10.165488678129815,9.862674801711057,10.500809474745106
2026-07-24,2026-10-03,10.165830882118932,9.868170852888593,10.481897841284528
2026-07-24,2026-10-04,10.166173086108047,9.856846868075682,10.486362324700313
2026-07-24,2026-10-05,10.166515290097164,9.85150602468472,10.494036951929912
2026-07-24,2026-10-06,10.16685749408628,9.844085275704716,10.514944082930292
2026-07-24,2026-10-07,10.167199698075397,9.833839256189751,10.509553217652012
2026-07-24,2026-10-08,10.167541902064512,9.837732056061268,10.530407194628449
2026-07-24,2026-10-09,10.167884106053627,9.832717528507516,10.511507560394822
2026-07-24,2026-10-10,10.168226310042744,9.80561914248972,10.519472392532526
2026-07-24,2026-10-11,10.16856851403186,9.808174891992524,10.555327304562708
2026-07-24,2026-10-12,10.168910718020976,9.783825218641924,10.534861681746431
2026-07-24,2026-10-13,10.169252922010092,9.810051803128896,10.588815320479142
2026-07-24,2026-10-14,10.169595125999209,9.793994399446031,10.56753337070776
2026-07-24,2026-10-15,10.169937329988326,9.7794513710834,10.58508605255138
2026-07-24,2026-10-16,10.17027953397744,9.76758444874052,10.561197611893911
2026-07-24,2026-10-17,10.170621737966558,9.77584565992637,10.58354283197109
2026-07-24,2026-10-18,10.170963941955671,9.74388471942572,10.59249498329822
2026-07-24,2026-10-19,10.17130614594479,9.765415609816392,10.590177404221688
2026-07-24,2026-10-20,10.171648349933903,9.749385784869746,10.580170772692163
2026-07-24,2026-10-21,10.171990553923022,9.734348770763988,10.599318520226335
2026-07-24,2026-10-22,10.172332757912136,9.74166196905175,10.612503934609297
2026-07-25,2026-07-25,10.14187660288081,10.04757240526843,10.236136881645365
2026-07-25,2026-07-26,10.142218806869923,10.04190301161045,10.238885514566988
2026-07-25,2026-07-27,10.142561010859042,10.04088517502153,10.243988586897954
2026-07-25,2026-07-28,10.142903214848156,10.03895640823758,10.243207430143274
2026-07-25,2026-07-29,10.143245418837274,10.0383227718492,10.24106927706663
2026-07-25,2026-07-30,10.14358762282639,10.054727803768172,10.24521864038225
2026-07-25,2026-07-31,10.143929826815503,10.042891032205274,10.246271210073306
2026-07-25,2026-08-01,10.144272030804622,10.039462477903328,10.240676779170538
2026-07-25,2026-08-02,10.144614234793735,10.034803543863772,10.240398723633945
2026-07-25,2026-08-03,10.144956438782854,10.0442613042349,10.245154348676657
2026-07-25,2026-08-04,10.14529864277197,10.047087603929915,10.248372360002064
2026-07-25,2026-08-05,10.145640846761086,10.043986623734549,10.24009633712415
2026-07-25,2026-08-06,10.145983050750202,10.042690757449703,10.242405871808376
2026-07-25,2026-08-07,10.14632525473932,10.047263374648224,10.246975199675298
2026-07-25,2026-08-08,10.146667458728434,10.047681577105529,10.245413202796485
2026-07-25,2026-08-09,10.14700966271755,10.043214439986285,10.250300419959094
2026-07-25,2026-08-10,10.147351866706666,10.05041995147478,10.248934364650632
2026-07-25,2026-08-11,10.14769407069578,10.03084801539062,10.248686785183134
2026-07-25,2026-08-12,10.148036274684898,10.037238952469735,10.253153224700569
2026-07-25,2026-08-13,10.148378478674012,10.039691170088684,10.263805284090774
2026-07-25,2026-08-14,10.14872068266313,10.039559961757648,10.260518318300658
2026-07-25,2026-08-15,10.149062886652246,10.0369218150015,10.255007683540052
2026-07-25,2026-08-16,10.149405090641364,10.040781480173717,10.263727764292996
2026-07-25,2026-08-17,10.149747294630478,10.038825886134642,10.26327032649196
2026-07-25,2026-08-18,10.150089498619591,10.042169597912016,10.263909928245935
2026-07-25,2026-08-19,10.15043170260871,10.028203480792245,10.256497108400012
2026-07-25,2026-08-20,10.150773906597824,10.038157833188489,10.27744277706894
2026-07-25,2026-08-21,10.151116110586942,10.029390094328056,10.273242786888536
2026-07-25,2026-08-22,10.151458314576058,10.02464454367787,10.26911872551895
2026-07-25,2026-08-23,10.151800518565176,10.030512758606818,10.271634226561664
2026-07-25,2026-08-24,10.15214272255429,10.031158444881504,10.273777725553275
2026-07-25,2026-08-25,10.152484926543409,10.01542219441007,10.2746652127615
2026-07-25,2026-08-26,10.152827130532522,10.012738006488554,10.277634871931982
2026-07-25,2026-08-27,10.15316933452164,10.019805956671313,10.28337331536884
2026-07-25,2026-08-28,10.153511538510754,10.025965223705915,10.294972606724754
2026-07-25,2026-08-29,10.153853742499871,10.008949266891014,10.290718623837964
2026-07-25,2026-08-30,10.154195946488986,10.00925324205219,10.294363268519827
2026-07-25,2026-08-31,10.154538150478103,10.013918528630628,10.2905535451521
2026-07-25,2026-09-01,10.15488035446722,10.015365655263096,10.294877260550193
2026-07-25,2026-09-02,10.155222558456336,10.013442454946873,10.299385701908625
2026-07-25,2026-09-03,10.15556476244545,10.01398424271757,10.30239577065856
2026-07-25,2026-09-04,10.155906966434568,10.01399236500909,10.299420714240524
2026-07-25,2026-09-05,10.156249170423685,10.010740982810226,10.312760110572412
2026-07-25,2026-09-06,10.1565913744128,9.993928701162089,10.305068673181632
2026-07-25,2026-09-07,10.156933578401915,9.997360432748804,10.319289941039203
2026-07-25,2026-09-08,10.157275782391032,9.98952039958837,10.334193889488295
2026-07-25,2026-09-09,10.157617986380147,9.982394619404127,10.31205119993127
2026-07-25,2026-09-10,10.157960190369264,9.988029382637412,10.324386474713409
2026-07-25,2026-09-11,10.15830239435838,9.96999441083844,10.331051187547558
2026-07-25,2026-09-12,10.158644598347497,9.96169482939572,10.33870373091526
2026-07-25,2026-09-13,10.158986802336612,9.956414433546096,10.344650805165074
2026-07-25,2026-09-14,10.159329006325729,9.97697966670147,10.338810922176686
2026-07-25,2026-09-15,10.159671210314844,9.962534749263307,10.367097427732796
2026-07-25,2026-09-16,10.16001341430396,9.956134144020924,10.36708329041838
2026-07-25,2026-09-17,10.160355618293076,9.948827424703271,10.369678123903189
2026-07-25,2026-09-18,10.160697822282192,9.95427140607218,10.363289025042796
2026-07-25,2026-09-19,10.161040026271309,9.941356535125196,10.383714747623902
2026-07-25,2026-09-20,10.161382230260424,9.93954087006349,10.367746827389082
2026-07-25,2026-09-21,10.16172443424954,9.941095665093137,10.379263551250672
2026-07-25,2026-09-22,10.162066638238656,9.919407656880791,10.380294875650934
2026-07-25,2026-09-23,10.162408842227771,9.922661208305236,10.39833069819936
2026-07-25,2026-09-24,10.162751046216888,9.913676403381755,10.395560307167464
2026-07-25,2026-09-25,10.163093250206003,9.918752115902048,10.40118446873348
2026-07-25,2026-09-26,10.16343545419512,9.915521131629566,10.408527284691584
2026-07-25,2026-09-27,10.163777658184236,9.898349566294778,10.411243800207076
2026-07-25,2026-09-28,10.164119862173353,9.880314849966236,10.42649127079676
2026-07-25,2026-09-29,10.164462066162468,9.886004705137715,10.399193258772891
2026-07-25,2026-09-30,10.164804270151585,9.88725878103049,10.430465695688548
2026-07-25,2026-10-01,10.1651464741407,9.887782817817955,10.443018893962549
2026-07-25,2026-10-02,10.165488678129815,9.88449712234734,10.457042788191796
2026-07-25,2026-10-03,10.165830882118932,9.865773936395108,10.452496072953426
2026-07-25,2026-10-04,10.166173086108047,9.877424971686786,10.44695935512058
2026-07-25,2026-10-05,10.166515290097164,9.85472055185386,10.463027946129928
2026-07-25,2026-10-06,10.16685749408628,9.864499300113057,10.471124128009592
2026-07-25,2026-10-07,10.167199698075397,9.85423314528368,10.477278405087285
2026-07-25,2026-10-08,10.167541902064512,9.858312164252451,10.489607430808766
2026-07-25,2026-10-09,10.167884106053627,9.848757926353525,10.487267278126598
2026-07-25,2026-10-10,10.168226310042744,9.82347247989014,10.481657832037614
2026-07-25,2026-10-11,10.16856851403186,9.846770562016255,10.498115485601163
2026-07-25,2026-10-12,10.168910718020976,9.822662199077454,10.501736726000562
2026-07-25,2026-10-13,10.169252922010092,9.80525910971393,10.526075327342864
2026-07-25,2026-10-14,10.169595125999209,9.802656922854991,10.5246933699781
2026-07-25,2026-10-15,10.169937329988326,9.811038520377114,10.545183302293612
2026-07-25,2026-10-16,10.17027953397744,9.804434633779069,10.550597106614848
2026-07-25,2026-10-17,10.170621737966558,9.798415671427028,10.537821414068794
2026-07-25,2026-10-18,10.170963941955671,9.798708872957892,10.55183265632193
2026-07-25,2026-10-19,10.17130614594479,9.774986871189224,10.550405032642768
2026-07-25,2026-10-20,10.171648349933903,9.757547183385505,10.58005533342926
2026-07-25,2026-10-21,10.171990553923022,9.77233688682163,10.560995177632291
2026-07-25,2026-10-22,10.172332757912136,9.753037920117926,10.584075601090134
2026-07-26,2026-07-25,10.14187660288081,10.042194057279785,10.234743744873876
2026-07-26,2026-07-26,10.142218806869923,10.040866896318558,10.235830823390144
2026-07-26,2026-07-27,10.142561010859042,10.039068499180818,10.245999295252568
2026-07-26,2026-07-28,10.142903214848156,10.046831749491696,10.237677048587935
2026-07-26,2026-07-29,10.143245418837274,10.052628686629022,10.246070452368494
2026-07-26,2026-07-30,10.14358762282639,10.045702539883036,10.23746209066598
2026-07-26,2026-07-31,10.143929826815503,10.043549782500074,10.242778952175204
2026-07-26,2026-08-01,10.144272030804622,10.05032139125951,10.241951674980902
2026-07-26,2026-08-02,10.144614234793735,10.0419373465632,10.239677592841767
2026-07-26,2026-08-03,10.144956438782854,10.046144152906628,10.241005217244483
2026-07-26,2026-08-04,10.14529864277197,10.04933306314794,10.24696208116274
2026-07-26,2026-08-05,10.145640846761086,10.042663308740742,10.246472772478466
2026-07-26,2026-08-06,10.145983050750202,10.041797563172803,10.258310826750076
2026-07-26,2026-08-07,10.14632525473932,10.045079827642448,10.241681822551213
2026-07-26,2026-08-08,10.146667458728434,10.04618880124958,10.25184442098226
2026-07-26,2026-08-09,10.14700966271755,10.0462910535497,10.250635658828884
2026-07-26,2026-08-10,10.147351866706666,10.044748073791345,10.24973642103229
2026-07-26,2026-08-11,10.14769407069578,10.035280296651994,10.2613173711584
2026-07-26,2026-08-12,10.148036274684898,10.035743775234808,10.251290102716572
2026-07-26,2026-08-13,10.148378478674012,10.036128027317826,10.256911702793449
2026-07-26,2026-08-14,10.14872068266313,10.039860476772944,10.258754364528386
2026-07-26,2026-08-15,10.149062886652246,10.033566232914373,10.257959324448366
2026-07-26,2026-08-16,10.149405090641364,10.037769278564646,10.260500083156057
2026-07-26,2026-08-17,10.149747294630478,10.034820570764293,10.255305977958244
2026-07-26,2026-08-18,10.150089498619591,10.04042476628453,10.269737804236758
2026-07-26,2026-08-19,10.15043170260871,10.026802558615714,10.265839583820249
2026-07-26,2026-08-20,10.150773906597824,10.034963487038915,10.2667354472653
2026-07-26,2026-08-21,10.151116110586942,10.031953044394324,10.284667050590429
2026-07-26,2026-08-22,10.151458314576058,10.026958530086596,10.274095265627407
2026-07-26,2026-08-23,10.151800518565176,10.023338660072966,10.280660185083924
2026-07-26,2026-08-24,10.15214272255429,10.018325084021509,10.283462360550171
2026-07-26,2026-08-25,10.152484926543409,10.0192717109393,10.280992697915774
2026-07-26,2026-08-26,10.152827130532522,10.016086404306748,10.284664952504093
2026-07-26,2026-08-27,10.15316933452164,10.015578449541122,10.286730981299655
2026-07-26,2026-08-28,10.153511538510754,10.02472332816765,10.296882282212351
2026-07-26,2026-08-29,10.153853742499871,10.020321091234816,10.299129796647073
2026-07-26,2026-08-30,10.154195946488986,10.008596218839973,10.28653652934296
2026-07-26,2026-08-31,10.154538150478103,10.012074644335202,10.299622534508943
2026-07-26,2026-09-01,10.15488035446722,10.003965029816104,10.306054568545903
2026-07-26,2026-09-02,10.155222558456336,9.999700437661083,10.29978095460764
2026-07-26,2026-09-03,10.15556476244545,9.993856338627769,10.318014509462808
2026-07-26,2026-09-04,10.155906966434568,9.991363421285197,10.315512137287572
2026-07-26,2026-09-05,10.156249170423685,9.997548828052926,10.31102891446564
2026-07-26,2026-09-06,10.1565913744128,9.980961238028518,10.330443537153354
2026-07-26,2026-09-07,10.156933578401915,9.980146917400178,10.328842822715444
2026-07-26,2026-09-08,10.157275782391032,9.969406335554938,10.330440334501818
2026-07-26,2026-09-09,10.157617986380147,9.981065271396966,10.325216434909851
2026-07-26,2026-09-10,10.157960190369264,9.96536568371396,10.329058271533755
2026-07-26,2026-09-11,10.15830239435838,9.978220491409948,10.350969545599431
2026-07-26,2026-09-12,10.158644598347497,9.969925735437,10.350105339416578
2026-07-26,2026-09-13,10.158986802336612,9.972168703624122,10.334589181637792
2026-07-26,2026-09-14,10.159329006325729,9.952429834362649,10.358864898968626
2026-07-26,2026-09-15,10.159671210314844,9.948989771312768,10.359910416973026
2026-07-26,2026-09-16,10.16001341430396,9.923613674177298,10.35498043021924
2026-07-26,2026-09-17,10.160355618293076,9.93452657686528,10.35594610550962
2026-07-26,2026-09-18,10.160697822282192,9.934103227301131,10.380518712275672
2026-07-26,2026-09-19,10.161040026271309,9.93567336142726,10.3751940762226
2026-07-26,2026-09-20,10.161382230260424,9.914432258166944,10.381947090389223
2026-07-26,2026-09-21,10.16172443424954,9.921023991479023,10.371762014690647
2026-07-26,2026-09-22,10.162066638238656,9.894741009716824,10.382785194694335
2026-07-26,2026-09-23,10.162408842227771,9.8985717775445,10.374528979101669
2026-07-26,2026-09-24,10.162751046216888,9.88692850770534,10.392854680008725
2026-07-26,2026-09-25,10.163093250206003,9.890788295449168,10.412642363117714
2026-07-26,2026-09-26,10.16343545419512,9.884961026223973,10.41056759234009
2026-07-26,2026-09-27,10.163777658184236,9.880885431215871,10.403286376527278
2026-07-26,2026-09-28,10.164119862173353,9.865149132837658,10.424208016978746
2026-07-26,2026-09-29,10.164462066162468,9.851523510023872,10.433523796840564
2026-07-26,2026-09-30,10.164804270151585,9.852529205757143,10.426460096449214
2026-07-26,2026-10-01,10.1651464741407,9.862720287872312,10.451969903611802
2026-07-26,2026-10-02,10.165488678129815,9.856260872199805,10.463668657294768
2026-07-26,2026-10-03,10.165830882118932,9.862454693612293,10.455983651992948
2026-07-26,2026-10-04,10.166173086108047,9.847480902795144,10.471464022471276
2026-07-26,2026-10-05,10.166515290097164,9.813923948639998,10.460248654485891
2026-07-26,2026-10-06,10.16685749408628,9.829055139426565,10.490155518690845
2026-07-26,2026-10-07,10.167199698075397,9.819852988548792,10.47646895112842
2026-07-26,2026-10-08,10.167541902064512,9.803055406942429,10.480771032723242
2026-07-26,2026-10-09,10.167884106053627,9.81137103032375,10.480295926805343
2026-07-26,2026-10-10,10.168226310042744,9.787532482939309,10.484954845920964
2026-07-26,2026-10-11,10.16856851403186,9.785460505880597,10.505704375845578
2026-07-26,2026-10-12,10.168910718020976,9.774124544040436,10.511312287012808
2026-07-26,2026-10-13,10.169252922010092,9.78728292536474,10.525248011976007
2026-07-26,2026-10-14,10.169595125999209,9.775396885042394,10.52652225423028
2026-07-26,2026-10-15,10.169937329988326,9.755947425407632,10.53280681949922
2026-07-26,2026-10-16,10.17027953397744,9.753606286620284,10.508764498047682
2026-07-26,2026-10-17,10.170621737966558,9.743342628245538,10.53719853798007
2026-07-26,2026-10-18,10.170963941955671,9.729810038439558,10.57671007180247
2026-07-26,2026-10-19,10.17130614594479,9.745765583336576,10.565484335751664
2026-07-26,2026-10-20,10.171648349933903,9.727064101134536,10.571283534243785
2026-07-26,2026-10-21,10.171990553923022,9.721485680413611,10.567895690925114
2026-07-26,2026-10-22,10.172332757912136,9.723842108875456,10.597593303848056
2026-07-27,2026-07-28,10.139477322655315,10.045118520981882,10.236515321003765
2026-07-27,2026-07-29,10.139723108246722,10.043691520145432,10.234664548080875
2026-07-27,2026-07-30,10.13996889383813,10.04683164079576,10.234043746008348
2026-07-27,2026-07-31,10.140214679429535,10.047543322623852,10.23716252764096
2026-07-27,2026-08-01,10.140460465020944,10.05209849215949,10.232320722866858
2026-07-27,2026-08-02,10.140706250612348,10.04655219143036,10.237369334499238
2026-07-27,2026-08-03,10.140952036203757,10.04851323455251,10.231951213372335
2026-07-27,2026-08-04,10.141197821795162,10.051038441516374,10.238048785915526
2026-07-27,2026-08-05,10.14144360738657,10.05137707860642,10.238370628327996
2026-07-27,2026-08-06,10.141689392977977,10.04514752851635,10.237538704644216
2026-07-27,2026-08-07,10.141935178569383,10.045783958653104,10.229872221158075
2026-07-27,2026-08-08,10.14218096416079,10.043706565999171,10.234710805907262
2026-07-27,2026-08-09,10.142426749752197,10.052000250189549,10.24180570299303
2026-07-27,2026-08-10,10.142672535343603,10.051243920557418,10.239263455653068
2026-07-27,2026-08-11,10.14291832093501,10.0513211354195,10.241617344524611
2026-07-27,2026-08-12,10.143164106526417,10.044933697764208,10.248007721437988
2026-07-27,2026-08-13,10.143409892117823,10.046973912278704,10.2486919228726
2026-07-27,2026-08-14,10.14365567770923,10.047885676435603,10.252010521518525
2026-07-27,2026-08-15,10.143901463300637,10.043787137857455,10.25229790517564
2026-07-27,2026-08-16,10.144147248892043,10.035244018865354,10.260832490322397
2026-07-27,2026-08-17,10.144393034483452,10.042048547969737,10.260095051547012
2026-07-27,2026-08-18,10.144638820074858,10.031906502570584,10.257816407197
2026-07-27,2026-08-19,10.144884605666263,10.030238714812542,10.263447802115552
2026-07-27,2026-08-20,10.145130391257672,10.036576067352277,10.25901335788136
2026-07-27,2026-08-21,10.145376176849078,10.031712041965722,10.269153907852855
2026-07-27,2026-08-22,10.145621962440485,10.029851432888924,10.26364958977286
2026-07-27,2026-08-23,10.145867748031892,10.030570534543996,10.25653805700401
2026-07-27,2026-08-24,10.146113533623298,10.019894732925012,10.27621705215742
2026-07-27,2026-08-25,10.146359319214705,10.028259313248654,10.274441514820154
2026-07-27,2026-08-26,10.146605104806111,10.016704024149314,10.280555928386022
2026-07-27,2026-08-27,10.146850890397518,10.0169455189989,10.27558638292832
2026-07-27,2026-08-28,10.147096675988928,10.015302292403389,10.290600654425702
2026-07-27,2026-08-29,10.147342461580331,10.015266122747532,10.299282655718706
2026-07-27,2026-08-30,10.14758824717174,10.008694548884588,10.294761517808452
2026-07-27,2026-08-31,10.147834032763146,10.011000767706816,10.296522652205107
2026-07-27,2026-09-01,10.148079818354551,10.003745673053327,10.312411423905862
2026-07-27,2026-09-02,10.14832560394596,10.009429189683525,10.308974719681338
2026-07-27,2026-09-03,10.148571389537366,10.00268288400986,10.32147088137418
2026-07-27,2026-09-04,10.148817175128771,9.985912888266911,10.32461317347558
2026-07-27,2026-09-05,10.14906296072018,9.987127434892528,10.321781124565623
2026-07-27,2026-09-06,10.149308746311586,9.979470549770186,10.329208764074597
2026-07-27,2026-09-07,10.149554531902991,9.980759077932616,10.345256412693452
2026-07-27,2026-09-08,10.1498003174944,9.97603053917558,10.340821235951214
2026-07-27,2026-09-09,10.150046103085808,9.96934461112791,10.357263825308625
2026-07-27,2026-09-10,10.150291888677216,9.954038961450207,10.336014178347218
2026-07-27,2026-09-11,10.15053767426862,9.952495809374668,10.351622940222278
2026-07-27,2026-09-12,10.150783459860028,9.95913456907918,10.361427279151169
2026-07-27,2026-09-13,10.151029245451436,9.949687212928506,10.36077379790826
2026-07-27,2026-09-14,10.15127503104284,9.93075270982201,10.374352194889877
2026-07-27,2026-09-15,10.151520816634248,9.9446806575434,10.37909197584876
2026-07-27,2026-09-16,10.151766602225656,9.931572981023749,10.390650283336283
2026-07-27,2026-09-17,10.15201238781706,9.920611822628649,10.387118036511064
2026-07-27,2026-09-18,10.152258173408468,9.912722409054185,10.40023467996289
2026-07-27,2026-09-19,10.152503958999874,9.92104285147016,10.413610603676352
2026-07-27,2026-09-20,10.152749744591285,9.897974552906746,10.422558160470098
2026-07-27,2026-09-21,10.15299553018269,9.907479667607264,10.436148084377804
2026-07-27,2026-09-22,10.153241315774096,9.89297186288858,10.429555002420692
2026-07-27,2026-09-23,10.1534871013655,9.871020083029489,10.442314935625078
2026-07-27,2026-09-24,10.153732886956908,9.884113252454188,10.444015258200732
2026-07-27,2026-09-25,10.153978672548314,9.870379440744903,10.453925111674582
2026-07-27,2026-09-26,10.154224458139725,9.861355998453812,10.475322014469771
2026-07-27,2026-09-27,10.15447024373113,9.846215097891283,10.473147023690576
2026-07-27,2026-09-28,10.154716029322536,9.84549161710688,10.488174893469113
2026-07-27,2026-09-29,10.154961814913944,9.837989144906269,10.491436148766958
2026-07-27,2026-09-30,10.15520760050535,9.83528119611915,10.499169939332852
2026-07-27,2026-10-01,10.155453386096756,9.815872573945589,10.499762100462522
2026-07-27,2026-10-02,10.155699171688164,9.817584391302644,10.51246899053649
2026-07-27,2026-10-03,10.15594495727957,9.806129149520212,10.538065014335189
2026-07-27,2026-10-04,10.156190742870976,9.811573268743643,10.530982322378051
2026-07-27,2026-10-05,10.156436528462384,9.807272513792917,10.543144124223934
2026-07-27,2026-10-06,10.15668231405379,9.792128483049131,10.537494129285168
2026-07-27,2026-10-07,10.156928099645196,9.802739841179177,10.551382501659914
2026-07-27,2026-10-08,10.157173885236604,9.777496505009402,10.57296657001198
2026-07-27,2026-10-09,10.157419670828013,9.782687254007715,10.580883247741664
2026-07-27,2026-10-10,10.157665456419418,9.771887632669609,10.562854911311964
2026-07-27,2026-10-11,10.157911242010824,9.752642065068065,10.583149794277194
2026-07-27,2026-10-12,10.15815702760223,9.74407556982997,10.620626048049177
2026-07-27,2026-10-13,10.158402813193636,9.748299694490456,10.596120138369574
2026-07-27,2026-10-14,10.158648598785044,9.718224976195147,10.628654353793769
2026-07-27,2026-10-15,10.15889438437645,9.70233663806999,10.627613829785748
2026-07-27,2026-10-16,10.159140169967856,9.702988523609855,10.633929424926905
2026-07-27,2026-10-17,10.159385955559264,9.710074235727648,10.646072981985066
2026-07-27,2026-10-18,10.15963174115067,9.68778879821568,10.645669123486863
2026-07-27,2026-10-19,10.15987752674208,9.677163444514262,10.654790649075432
2026-07-27,2026-10-20,10.160123312333486,9.682974946203702,10.696169082585692
2026-07-27,2026-10-21,10.160369097924892,9.673996069786162,10.686370094516084
2026-07-27,2026-10-22,10.1606148835163,9.646075591776722,10.680659484800508
2026-07-27,2026-10-23,10.160860669107706,9.638349200464145,10.728392248318857
2026-07-27,2026-10-24,10.161106454699112,9.617901650115355,10.72083326941916
2026-07-27,2026-10-25,10.16135224029052,9.640321529211954,10.732113045436542
2026-07-28,2026-07-29,10.146240501495646,10.050638501437666,10.234840581781658
2026-07-28,2026-07-30,10.146590905811657,10.055322090729852,10.2430958614277
2026-07-28,2026-07-31,10.146941310127666,10.052388361174811,10.238759046235884
2026-07-28,2026-08-01,10.147291714443677,10.053246728394026,10.242077516666615
2026-07-28,2026-08-02,10.147642118759686,10.049585070626442,10.235031684429872
2026-07-28,2026-08-03,10.147992523075697,10.048974119537249,10.23985638084849
2026-07-28,2026-08-04,10.148342927391706,10.061332269452755,10.24025612169523
2026-07-28,2026-08-05,10.148693331707715,10.056956330933865,10.248667030188557
2026-07-28,2026-08-06,10.149043736023724,10.054037638389277,10.242140163740986
2026-07-28,2026-08-07,10.149394140339735,10.052674772557747,10.243470072425984
2026-07-28,2026-08-08,10.149744544655745,10.05272760747938,10.24875028964689
2026-07-28,2026-08-09,10.150094948971754,10.05714544549123,10.243962430827718
2026-07-28,2026-08-10,10.150445353287765,10.054522652615956,10.25331572538627
2026-07-28,2026-08-11,10.150795757603774,10.056289514589489,10.241710264176804
2026-07-28,2026-08-12,10.151146161919783,10.05046884994636,10.253495576586513
2026-07-28,2026-08-13,10.151496566235794,10.052386184235356,10.247614515647324
2026-07-28,2026-08-14,10.151846970551803,10.052421598261487,10.252014250247464
2026-07-28,2026-08-15,10.152197374867814,10.051912660613963,10.258442018399334
2026-07-28,2026-08-16,10.152547779183823,10.05025246909068,10.262589586927716
2026-07-28,2026-08-17,10.152898183499834,10.054104912492354,10.260188451375416
2026-07-28,2026-08-18,10.153248587815844,10.0517190918008,10.26370564441333
2026-07-28,2026-08-19,10.153598992131853,10.0373377093618,10.260380072502755
2026-07-28,2026-08-20,10.153949396447864,10.055143370298376,10.267327577317149
2026-07-28,2026-08-21,10.154299800763871,10.047720621337296,10.270553836975395
2026-07-28,2026-08-22,10.154650205079882,10.043787745614429,10.26451479095778
2026-07-28,2026-08-23,10.155000609395891,10.048831717275345,10.27762971813858
2026-07-28,2026-08-24,10.155351013711902,10.044366752377666,10.271363684790083
2026-07-28,2026-08-25,10.155701418027911,10.040203149304364,10.28781947206227
2026-07-28,2026-08-26,10.156051822343922,10.042860731367355,10.286723248634033
2026-07-28,2026-08-27,10.156402226659932,10.037075195589331,10.291592537796625
2026-07-28,2026-08-28,10.15675263097594,10.042302763028426,10.29934368757091
2026-07-28,2026-08-29,10.157103035291952,10.032754207877248,10.305425810063314
2026-07-28,2026-08-30,10.15745343960796,10.024710486385118,10.301750671998336
2026-07-28,2026-08-31,10.15780384392397,10.029525422847062,10.308384919358506
2026-07-28,2026-09-01,10.15815424823998,10.028339137437086,10.307689619280216
2026-07-28,2026-09-02,10.15850465255599,10.02315947721446,10.321180452961906
2026-07-28,2026-09-03,10.158855056872,10.021483044913856,10.316250630009538
2026-07-28,2026-09-04,10.15920546118801,10.01574437237511,10.327164656905923
2026-07-28,2026-09-05,10.15955586550402,10.01445363591912,10.331633861801963
2026-07-28,2026-09-06,10.159906269820029,10.007308608813103,10.327285550503673
2026-07-28,2026-09-07,10.16025667413604,10.001139629271544,10.33617267411358
2026-07-28,2026-09-08,10.160607078452047,10.0091263472721,10.348513167467171
2026-07-28,2026-09-09,10.160957482768058,10.009170624560037,10.34147947306457
2026-07-28,2026-09-10,10.16130788708407,9.99396923815303,10.369486566405111
2026-07-28,2026-09-11,10.161658291400078,9.985234603100702,10.355486468151968
2026-07-28,2026-09-12,10.16200869571609,9.990936933371742,10.37922406071739
2026-07-28,2026-09-13,10.1623591000321,9.99083421285379,10.380371713568598
2026-07-28,2026-09-14,10.162709504348108,9.978711193536697,10.381399552854027
2026-07-28,2026-09-15,10.16305990866412,9.988246591492407,10.385364207249982
2026-07-28,2026-09-16,10.163410312980128,9.972586043726178,10.386270928107509
2026-07-28,2026-09-17,10.163760717296135,9.974314917781914,10.3982207934823
2026-07-28,2026-09-18,10.164111121612148,9.968085790859137,10.411962439761195
2026-07-28,2026-09-19,10.164461525928155,9.95444097510849,10.4054403098899
2026-07-28,2026-09-20,10.164811930244166,9.945602121461745,10.4186420239555
2026-07-28,2026-09-21,10.165162334560176,9.955862577071692,10.43730025303987
2026-07-28,2026-09-22,10.165512738876188,9.93065764022078,10.448803697654572
2026-07-28,2026-09-23,10.165863143192198,9.934841650065236,10.43924706137072
2026-07-28,2026-09-24,10.166213547508208,9.924015251590548,10.456574186698044
2026-07-28,2026-09-25,10.166563951824216,9.923348049573647,10.458660653726836
2026-07-28,2026-09-26,10.166914356140229,9.91608957847683,10.46940248123073
2026-07-28,2026-09-27,10.167264760456236,9.918456207104205,10.490692107945156
2026-07-28,2026-09-28,10.167615164772243,9.898233642657804,10.497247883395447
2026-07-28,2026-09-29,10.167965569088256,9.904252753960236,10.500662043619869
2026-07-28,2026-09-30,10.168315973404264,9.87676459072249,10.50231443207285
2026-07-28,2026-10-01,10.168666377720276,9.870094737453938,10.50369032080878
2026-07-28,2026-10-02,10.169016782036286,9.872123857061547,10.531818433305324
2026-07-28,2026-10-03,10.169367186352297,9.877021716695817,10.533241451879704
2026-07-28,2026-10-04,10.169717590668306,9.876902855298558,10.520619494985088
2026-07-28,2026-10-05,10.170067994984317,9.858350926200652,10.539766481548876
2026-07-28,2026-10-06,10.170418399300324,9.855454762497144,10.554506560314216
2026-07-28,2026-10-07,10.170768803616337,9.837143380231671,10.571275149754207
2026-07-28,2026-10-08,10.171119207932344,9.840034057661237,10.56707291731235
2026-07-28,2026-10-09,10.171469612248355,9.832545234525544,10.553961718864414
2026-07-28,2026-10-10,10.171820016564364,9.831112089418014,10.581332255715454
2026-07-28,2026-10-11,10.172170420880374,9.808145596215304,10.589326364643416
2026-07-28,2026-10-12,10.172520825196385,9.808709449749209,10.595970481080776
2026-07-28,2026-10-13,10.172871229512394,9.798011945460615,10.59831647219574
2026-07-28,2026-10-14,10.173221633828405,9.813965565594016,10.6078433211695
2026-07-28,2026-10-15,10.173572038144414,9.78418190634256,10.60828554088575
2026-07-28,2026-10-16,10.173922442460425,9.767436281515002,10.631188296431493
2026-07-28,2026-10-17,10.174272846776434,9.771320592655764,10.663379205822796
2026-07-28,2026-10-18,10.174623251092443,9.739792764964944,10.655587229294294
2026-07-28,2026-10-19,10.174973655408452,9.758781322999418,10.650282854077654
2026-07-28,2026-10-20,10.175324059724463,9.736489691429975,10.656308274598718
2026-07-28,2026-10-21,10.175674464040473,9.727482366604056,10.672139448956436
2026-07-28,2026-10-22,10.176024868356482,9.724349754426685,10.679407871577729
2026-07-28,2026-10-23,10.176375272672493,9.70445021947185,10.730742639852608
2026-07-28,2026-10-24,10.176725676988502,9.706241880194169,10.704176593404014
2026-07-28,2026-10-25,10.177076081304511,9.703395498083763,10.737866250951065
2026-07-28,2026-10-26,10.177426485620522,9.689887208813987,10.705505287002556
2026-07-29,2026-07-30,10.148757595329474,10.058315603724676,10.241068007225577
2026-07-29,2026-07-31,10.149117136937535,10.055500366223464,10.239904175452642
2026-07-29,2026-08-01,10.149476678545597,10.058940631126674,10.245035224949374
2026-07-29,2026-08-02,10.14983622015366,10.061150981502704,10.23607537245939
2026-07-29,2026-08-03,10.15019576176172,10.053876110877976,10.24476284622457
2026-07-29,2026-08-04,10.150555303369782,10.060879461764472,10.241818307689382
2026-07-29,2026-08-05,10.150914844977844,10.06053865531732,10.247373192241612
2026-07-29,2026-08-06,10.151274386585904,10.052764648792955,10.247495026573503
2026-07-29,2026-08-07,10.151633928193966,10.061974614009516,10.240352213662751
2026-07-29,2026-08-08,10.151993469802028,10.0523602348993,10.244259439143596
2026-07-29,2026-08-09,10.15235301141009,10.058092236717956,10.255527177000124
2026-07-29,2026-08-10,10.152712553018151,10.054068910564414,10.253629727987866
2026-07-29,2026-08-11,10.153072094626213,10.05622500487575,10.250686821746404
2026-07-29,2026-08-12,10.153431636234274,10.058486176458226,10.251647388245908
2026-07-29,2026-08-13,10.153791177842336,10.054016638300451,10.262472594172008
2026-07-29,2026-08-14,10.154150719450396,10.048291921356723,10.25585396433473
2026-07-29,2026-08-15,10.15451026105846,10.063164314813983,10.260646674996623
2026-07-29,2026-08-16,10.15486980266652,10.054697580291542,10.260643426307368
2026-07-29,2026-08-17,10.15522934427458,10.051550020897546,10.26570262410946
2026-07-29,2026-08-18,10.155588885882642,10.0513066216991,10.25761507441415
2026-07-29,2026-08-19,10.155948427490705,10.048763283987183,10.260288757942506
2026-07-29,2026-08-20,10.156307969098766,10.04999028245882,10.272475371197247
2026-07-29,2026-08-21,10.156667510706828,10.047324722805726,10.270972468712872
2026-07-29,2026-08-22,10.157027052314888,10.060493514688329,10.27699624852316
2026-07-29,2026-08-23,10.15738659392295,10.044267820899716,10.273037291257925
2026-07-29,2026-08-24,10.157746135531012,10.034370663355828,10.28503614608458
2026-07-29,2026-08-25,10.158105677139073,10.04646740459979,10.291251557174665
2026-07-29,2026-08-26,10.158465218747136,10.038899663031357,10.28847519359135
2026-07-29,2026-08-27,10.158824760355197,10.043698610182927,10.29111848058252
2026-07-29,2026-08-28,10.159184301963258,10.042338969114782,10.308168592676733
2026-07-29,2026-08-29,10.15954384357132,10.04099010851991,10.298069133067337
2026-07-29,2026-08-30,10.15990338517938,10.033805305131898,10.312390891748164
2026-07-29,2026-08-31,10.160262926787444,10.028071971749377,10.312948198706152
2026-07-29,2026-09-01,10.160622468395504,10.02921172725172,10.306460453095095
2026-07-29,2026-09-02,10.160982010003565,10.01925222124974,10.319221427004154
2026-07-29,2026-09-03,10.161341551611626,10.011603072818758,10.331111745291132
2026-07-29,2026-09-04,10.161701093219689,10.022879452466745,10.326966576626326
2026-07-29,2026-09-05,10.16206063482775,10.016107361747345,10.338099507149789
2026-07-29,2026-09-06,10.16242017643581,10.01407410297535,10.33677860145784
2026-07-29,2026-09-07,10.162779718043872,10.01526308516895,10.343434613934273
2026-07-29,2026-09-08,10.163139259651931,10.019820099269252,10.35280657160703
2026-07-29,2026-09-09,10.163498801259996,10.000942273089576,10.378023116269942
2026-07-29,2026-09-10,10.163858342868055,9.99891060814796,10.367046148405258
2026-07-29,2026-09-11,10.164217884476118,10.004432374791248,10.375853138717268
2026-07-29,2026-09-12,10.16457742608418,9.990623613615304,10.393643418332964
2026-07-29,2026-09-13,10.164936967692242,9.999645204454374,10.388815211105628
2026-07-29,2026-09-14,10.165296509300305,9.976149551673776,10.407184554485664
2026-07-29,2026-09-15,10.165656050908364,9.979970615841031,10.413363632806348
2026-07-29,2026-09-16,10.166015592516423,9.982881552671389,10.42432903149293
2026-07-29,2026-09-17,10.166375134124486,9.973017765887793,10.424023167697724
2026-07-29,2026-09-18,10.166734675732547,9.95913808359399,10.415889496104674
2026-07-29,2026-09-19,10.16709421734061,9.956270309397228,10.424231738741996
2026-07-29,2026-09-20,10.167453758948673,9.95281203359688,10.462245844161348
2026-07-29,2026-09-21,10.167813300556732,9.95219297021642,10.44607511797631
2026-07-29,2026-09-22,10.168172842164791,9.948553850912816,10.47167206167868
2026-07-29,2026-09-23,10.168532383772856,9.935321685373736,10.467622641463167
2026-07-29,2026-09-24,10.168891925380915,9.929942488705596,10.485910331640278
2026-07-29,2026-09-25,10.16925146698898,9.923567472259943,10.481352133568231
2026-07-29,2026-09-26,10.16961100859704,9.92355077035736,10.47804195269796
2026-07-29,2026-09-27,10.169970550205102,9.910006815593256,10.503363286335246
2026-07-29,2026-09-28,10.170330091813163,9.901600150112913,10.51669030649097
2026-07-29,2026-09-29,10.170689633421224,9.890977732050697,10.51194732786668
2026-07-29,2026-09-30,10.171049175029289,9.899341197804189,10.521835891601896
2026-07-29,2026-10-01,10.171408716637346,9.882942888243443,10.544829704799753
2026-07-29,2026-10-02,10.17176825824541,9.884807585199162,10.55923108028351
2026-07-29,2026-10-03,10.17212779985347,9.86532752451782,10.565577760736238
2026-07-29,2026-10-04,10.172487341461531,9.859779563149,10.55638667114874
2026-07-29,2026-10-05,10.172846883069594,9.856315223984677,10.569693544582664
2026-07-29,2026-10-06,10.173206424677655,9.847453202729422,10.56070913412022
2026-07-29,2026-10-07,10.173565966285716,9.845040018150806,10.589302922127798
2026-07-29,2026-10-08,10.173925507893776,9.841613569604725,10.569043955425926
2026-07-29,2026-10-09,10.17428504950184,9.839793120013404,10.60946322495798
2026-07-29,2026-10-10,10.1746445911099,9.82230311715992,10.618717819419452
2026-07-29,2026-10-11,10.175004132717962,9.8009181748611,10.632982421473448
2026-07-29,2026-10-12,10.175363674326023,9.80014696803591,10.607699735362493
2026-07-29,2026-10-13,10.175723215934084,9.80679620573268,10.637026102801764
2026-07-29,2026-10-14,10.176082757542147,9.781990896922109,10.646817926130328
2026-07-29,2026-10-15,10.176442299150208,9.783001353395546,10.65809605247978
2026-07-29,2026-10-16,10.17680184075827,9.782971917473766,10.67090172774708
2026-07-29,2026-10-17,10.17716138236633,9.740757451777142,10.664796646163357
2026-07-29,2026-10-18,10.177520923974392,9.762818832751028,10.654770919110652
2026-07-29,2026-10-19,10.177880465582454,9.748226864838465,10.686464958812278
2026-07-29,2026-10-20,10.178240007190515,9.73989357743629,10.69717149012889
2026-07-29,2026-10-21,10.178599548798578,9.726943080820034,10.700112089985788
2026-07-29,2026-10-22,10.178959090406638,9.71740554854106,10.727591435658494
2026-07-29,2026-10-23,10.1793186320147,9.728016267501028,10.74904302423459
2026-07-29,2026-10-24,10.179678173622762,9.731219015525571,10.742976492739556
2026-07-29,2026-10-25,10.180037715230824,9.705713307928674,10.746283088018556
2026-07-29,2026-10-26,10.180397256838884,9.705441355401748,10.752265343408304
2026-07-29,2026-10-27,10.180756798446945,9.699066584306316,10.784912140441786
2026-07-30,2026-07-31,10.14945330626613,10.064637775596072,10.247144364806305
2026-07-30,2026-08-01,10.149769467357446,10.06267854765044,10.245246967055117
2026-07-30,2026-08-02,10.150085628448762,10.054236483499633,10.236740271905765
2026-07-30,2026-08-03,10.150401789540076,10.062830029223132,10.246441189503509
2026-07-30,2026-08-04,10.150717950631392,10.069083696571042,10.23394181533063
2026-07-30,2026-08-05,10.151034111722709,10.06243980115735,10.242846403237149
2026-07-30,2026-08-06,10.151350272814025,10.05112929735819,10.24427673811899
2026-07-30,2026-08-07,10.15166643390534,10.057713466566534,10.24325550960475
2026-07-30,2026-08-08,10.151982594996657,10.059279971342129,10.251034976655369
2026-07-30,2026-08-09,10.152298756087973,10.058214235543748,10.251217093117948
2026-07-30,2026-08-10,10.152614917179289,10.058084744371284,10.25069579292757
2026-07-30,2026-08-11,10.152931078270605,10.059723902051427,10.2498017752126
2026-07-30,2026-08-12,10.15324723936192,10.05613048025524,10.257876162598482
2026-07-30,2026-08-13,10.153563400453235,10.053956368654973,10.252861889946878
2026-07-30,2026-08-14,10.153879561544551,10.061829906871342,10.25741821427938
2026-07-30,2026-08-15,10.154195722635867,10.05770242737397,10.251160489825828
2026-07-30,2026-08-16,10.154511883727183,10.054452980941017,10.254616839571792
2026-07-30,2026-08-17,10.1548280448185,10.055960220148885,10.262712398994102
2026-07-30,2026-08-18,10.155144205909815,10.058828026389072,10.259565547195074
2026-07-30,2026-08-19,10.155460367001131,10.040533832452656,10.264083928031578
2026-07-30,2026-08-20,10.155776528092447,10.056690050257115,10.26237235306165
2026-07-30,2026-08-21,10.156092689183764,10.048080429575885,10.268128028871033
2026-07-30,2026-08-22,10.15640885027508,10.04514397995099,10.26423884948246
2026-07-30,2026-08-23,10.156725011366396,10.05536184753008,10.27403674171368
2026-07-30,2026-08-24,10.157041172457712,10.049731714633694,10.277405902661489
2026-07-30,2026-08-25,10.157357333549028,10.042152195560156,10.277543519990754
2026-07-30,2026-08-26,10.157673494640344,10.035869213110196,10.289451025402489
2026-07-30,2026-08-27,10.15798965573166,10.043057992712344,10.287531330076424
2026-07-30,2026-08-28,10.158305816822976,10.03603872009504,10.2929670498063
2026-07-30,2026-08-29,10.15862197791429,10.032243087596155,10.29255383026181
2026-07-30,2026-08-30,10.158938139005606,10.032967167446166,10.29346506836831
2026-07-30,2026-08-31,10.159254300096922,10.022780814331377,10.298799761904476
2026-07-30,2026-09-01,10.159570461188238,10.026553283880244,10.302216926719916
2026-07-30,2026-09-02,10.159886622279554,10.030215238392165,10.300436549919832
2026-07-30,2026-09-03,10.16020278337087,10.009593934230072,10.318461336533511
2026-07-30,2026-09-04,10.160518944462186,10.01734140292229,10.310537570525923
2026-07-30,2026-09-05,10.160835105553502,10.014207881279075,10.324193105430709
2026-07-30,2026-09-06,10.161151266644818,10.003133535192845,10.32777946713366
2026-07-30,2026-09-07,10.161467427736136,10.003242146354037,10.326357851493642
2026-07-30,2026-09-08,10.16178358882745,9.999362800090584,10.333884526869152
2026-07-30,2026-09-09,10.162099749918768,9.987358936024036,10.3399724625911
2026-07-30,2026-09-10,10.162415911010084,9.988067507746996,10.348171985958066
2026-07-30,2026-09-11,10.1627320721014,9.982262540674435,10.34952654345492
2026-07-30,2026-09-12,10.163048233192711,9.97578708761706,10.354270521269152
2026-07-30,2026-09-13,10.163364394284027,9.962406256705547,10.359592966900264
2026-07-30,2026-09-14,10.163680555375343,9.961715155926248,10.374166937677453
2026-07-30,2026-09-15,10.16399671646666,9.951755203695615,10.364276055749192
2026-07-30,2026-09-16,10.164312877557975,9.948000157926412,10.388424657339613
2026-07-30,2026-09-17,10.164629038649297,9.94568833338014,10.387783481285318
2026-07-30,2026-09-18,10.164945199740613,9.947399123614789,10.38368177319874
2026-07-30,2026-09-19,10.165261360831924,9.939700659224604,10.405888677204402
2026-07-30,2026-09-20,10.16557752192324,9.923352749781824,10.415399993654278
2026-07-30,2026-09-21,10.165893683014556,9.913242743480392,10.396759139479723
2026-07-30,2026-09-22,10.166209844105872,9.910422267620078,10.417910732109132
2026-07-30,2026-09-23,10.16652600519719,9.90909507840222,10.445002553720505
2026-07-30,2026-09-24,10.166842166288506,9.906414160019647,10.437687253228589
2026-07-30,2026-09-25,10.16715832737982,9.905443390624296,10.448351801670244
2026-07-30,2026-09-26,10.167474488471136,9.866309751901792,10.449187695115794
2026-07-30,2026-09-27,10.167790649562454,9.857018454817814,10.451046247505108
2026-07-30,2026-09-28,10.16810681065377,9.866104423017838,10.474909783534676
2026-07-30,2026-09-29,10.168422971745086,9.860943363189174,10.469021462928009
2026-07-30,2026-09-30,10.168739132836402,9.856729597935365,10.467554088689235
2026-07-30,2026-10-01,10.169055293927718,9.849621890652443,10.492512154743943
2026-07-30,2026-10-02,10.169371455019032,9.83526385217664,10.4984975996012
2026-07-30,2026-10-03,10.169687616110348,9.829516344168352,10.503625339289869
2026-07-30,2026-10-04,10.170003777201664,9.820202263997352,10.513110610144842
2026-07-30,2026-10-05,10.17031993829298,9.820100072818104,10.506946772957996
2026-07-30,2026-10-06,10.170636099384296,9.806562962924255,10.536041932551074
2026-07-30,2026-10-07,10.170952260475612,9.814214841956083,10.536189013635488
2026-07-30,2026-10-08,10.171268421566928,9.80497943677561,10.571929872944285
2026-07-30,2026-10-09,10.171584582658244,9.782058105594858,10.542938903881346
2026-07-30,2026-10-10,10.17190074374956,9.789139596935122,10.551676839951702
2026-07-30,2026-10-11,10.172216904840877,9.756641804867286,10.567187351235834
2026-07-30,2026-10-12,10.172533065932193,9.743644909147358,10.603433548453149
2026-07-30,2026-10-13,10.172849227023509,9.741855316247731,10.589337906966913
2026-07-30,2026-10-14,10.173165388114825,9.733252317170969,10.594146120765275
2026-07-30,2026-10-15,10.17348154920614,9.742085013614654,10.631719607592322
2026-07-30,2026-10-16,10.173797710297457,9.70519717411663,10.619897486966051
2026-07-30,2026-10-17,10.174113871388773,9.7217702008064,10.637330763075626
2026-07-30,2026-10-18,10.174430032480087,9.701969606828431,10.659875009195304
2026-07-30,2026-10-19,10.174746193571403,9.700813453552485,10.658438661393944
2026-07-30,2026-10-20,10.17506235466272,9.657496839000808,10.636328226914994
2026-07-30,2026-10-21,10.175378515754035,9.681958032669844,10.673753241537623
2026-07-30,2026-10-22,10.175694676845351,9.673097277968017,10.679175088522214
2026-07-30,2026-10-23,10.176010837936667,9.648022640039638,10.690349499716756
2026-07-30,2026-10-24,10.176326999027983,9.648940994675186,10.703727205093212
2026-07-30,2026-10-25,10.1766431601193,9.654471498999,10.708100817955367
2026-07-30,2026-10-26,10.176959321210616,9.654070258725124,10.701809200619303
2026-07-30,2026-10-27,10.177275482301932,9.617922543845289,10.737149343936732
2026-07-30,2026-10-28,10.177591643393248,9.604826831935435,10.731100656713805
2026-07-31,2026-08-01,10.155507184558568,10.061507730269376,10.25059925815239
2026-07-31,2026-08-02,10.155888252693776,10.063796338730086,10.245829054622137
2026-07-31,2026-08-03,10.156269320828985,10.065281621374597,10.247983619963998
2026-07-31,2026-08-04,10.156650388964191,10.067264384535928,10.248708570996982
2026-07-31,2026-08-05,10.157031457099404,10.067434761003025,10.248527007563675
2026-07-31,2026-08-06,10.157412525234612,10.062926742916442,10.245271302601315
2026-07-31,2026-08-07,10.15779359336982,10.070336708398012,10.2521901274168
2026-07-31,2026-08-08,10.15817466150503,10.067172504177789,10.253957570092286
2026-07-31,2026-08-09,10.15855572964024,10.062389087603067,10.250195044875351
2026-07-31,2026-08-10,10.158936797775448,10.066636018957372,10.251607622492807
2026-07-31,2026-08-11,10.159317865910658,10.066641529046128,10.255575792900247
2026-07-31,2026-08-12,10.159698934045869,10.064554608464368,10.253523297653937
2026-07-31,2026-08-13,10.160080002181076,10.060286352702166,10.24732510922675
2026-07-31,2026-08-14,10.160461070316284,10.063004967294482,10.258191669109898
2026-07-31,2026-08-15,10.160842138451494,10.066686981227688,10.252649299542082
2026-07-31,2026-08-16,10.161223206586705,10.067043571804705,10.252501760733788
2026-07-31,2026-08-17,10.161604274721912,10.059738203806676,10.257106516806228
2026-07-31,2026-08-18,10.16198534285712,10.058779983529003,10.263543270065057
2026-07-31,2026-08-19,10.16236641099233,10.055321879525572,10.263676866989671
2026-07-31,2026-08-20,10.16274747912754,10.057783751830684,10.25842831053011
2026-07-31,2026-08-21,10.163128547262748,10.06123405919626,10.27208483192673
2026-07-31,2026-08-22,10.163509615397956,10.05746283263536,10.266996409748828
2026-07-31,2026-08-23,10.163890683533166,10.049826006503409,10.276748191595582
2026-07-31,2026-08-24,10.164271751668377,10.045745890350036,10.28281333998829
2026-07-31,2026-08-25,10.164652819803583,10.04909748651288,10.275464333975506
2026-07-31,2026-08-26,10.165033887938794,10.053882749575036,10.28084417847816
2026-07-31,2026-08-27,10.165414956074002,10.051360375870775,10.287873638393428
2026-07-31,2026-08-28,10.165796024209213,10.039531995368275,10.28937682281966
2026-07-31,2026-08-29,10.16617709234442,10.033230215513177,10.292461186244552
2026-07-31,2026-08-30,10.16655816047963,10.036106253713385,10.286204098124983
2026-07-31,2026-08-31,10.166939228614838,10.04098188440769,10.301504022833583
2026-07-31,2026-09-01,10.167320296750049,10.029089904123344,10.298347701177168
2026-07-31,2026-09-02,10.167701364885255,10.035612905357205,10.302732968023536
2026-07-31,2026-09-03,10.168082433020466,10.02523014560076,10.3173492275106
2026-07-31,2026-09-04,10.168463501155674,10.030606711650057,10.306194301841847
2026-07-31,2026-09-05,10.168844569290885,10.030070007751029,10.31174381698706
2026-07-31,2026-09-06,10.169225637426091,10.023959815255846,10.324052200645928
2026-07-31,2026-09-07,10.169606705561302,10.014940801753855,10.321115768699556
2026-07-31,2026-09-08,10.16998777369651,10.008839378533752,10.334396769743377
2026-07-31,2026-09-09,10.17036884183172,10.013623228763516,10.331368039029742
2026-07-31,2026-09-10,10.17074990996693,10.010574668291774,10.339144735047563
2026-07-31,2026-09-11,10.171130978102138,10.017623807211418,10.345688466282406
2026-07-31,2026-09-12,10.171512046237346,10.010765543459772,10.344533311844254
2026-07-31,2026-09-13,10.171893114372557,9.99324042595591,10.352706337964072
2026-07-31,2026-09-14,10.172274182507763,9.984324921476237,10.348645668142622
2026-07-31,2026-09-15,10.172655250642974,9.971048478414325,10.36327958281136
2026-07-31,2026-09-16,10.173036318778182,9.985533466128723,10.35948729303252
2026-07-31,2026-09-17,10.173417386913393,9.98125741940801,10.368863244821927
2026-07-31,2026-09-18,10.1737984550486,9.957000930946958,10.38889338764493
2026-07-31,2026-09-19,10.17417952318381,9.963897199743942,10.396746722563314
2026-07-31,2026-09-20,10.17456059131902,9.951473579730488,10.401050683957312
2026-07-31,2026-09-21,10.174941659454229,9.944986779190504,10.414890553593247
2026-07-31,2026-09-22,10.175322727589435,9.949909855040335,10.420983552967618
2026-07-31,2026-09-23,10.175703795724647,9.94321042185549,10.420897692292192
2026-07-31,2026-09-24,10.176084863859856,9.937776790527412,10.423897053639468
2026-07-31,2026-09-25,10.176465931995065,9.928914472585326,10.450307461906954
2026-07-31,2026-09-26,10.176847000130271,9.925068774710631,10.43727177794648
2026-07-31,2026-09-27,10.177228068265483,9.9078239780574,10.447656519148572
2026-07-31,2026-09-28,10.177609136400692,9.91736930831696,10.47802479281326
2026-07-31,2026-09-29,10.1779902045359,9.884644420940774,10.462648774926755
2026-07-31,2026-09-30,10.178371272671107,9.915531882319204,10.479140872084448
2026-07-31,2026-10-01,10.17875234080632,9.886275171851784,10.48892475328064
2026-07-31,2026-10-02,10.179133408941528,9.894703938693628,10.478535768096242
2026-07-31,2026-10-03,10.179514477076737,9.86241833032754,10.51910892545108
2026-07-31,2026-10-04,10.179895545211943,9.882087688027209,10.49705700422376
2026-07-31,2026-10-05,10.180276613347155,9.852864220393538,10.51308306240194
2026-07-31,2026-10-06,10.180657681482364,9.85354790442435,10.521957232757323
2026-07-31,2026-10-07,10.181038749617574,9.859981295192965,10.524172495279092
2026-07-31,2026-10-08,10.181419817752785,9.840597152390917,10.522675338387977
2026-07-31,2026-10-09,10.181800885887991,9.818111599414069,10.546893506640505
2026-07-31,2026-10-10,10.1821819540232,9.820118870166514,10.55642498461384
2026-07-31,2026-10-11,10.18256302215841,9.823272849787116,10.555927730164802
2026-07-31,2026-10-12,10.18294409029362,9.824671182492896,10.582044099536288
2026-07-31,2026-10-13,10.183325158428827,9.81731476409244,10.599215454586384
2026-07-31,2026-10-14,10.183706226564036,9.80595398883115,10.606412927405572
2026-07-31,2026-10-15,10.184087294699246,9.783554893909931,10.598471926968166
2026-07-31,2026-10-16,10.184468362834457,9.794996796131596,10.596311154265916
2026-07-31,2026-10-17,10.184849430969663,9.764322511616449,10.630842930130788
2026-07-31,2026-10-18,10.185230499104872,9.807253683229431,10.64562272445504
2026-07-31,2026-10-19,10.185611567240082,9.7679945804476,10.65031340341362
2026-07-31,2026-10-20,10.18599263537529,9.773033371769952,10.665301801867168
2026-07-31,2026-10-21,10.1863737035105,9.773079575441209,10.679679466733637
2026-07-31,2026-10-22,10.186754771645708,9.73483917804994,10.64866241464651
2026-07-31,2026-10-23,10.187135839780918,9.73211942940462,10.682629035737923
2026-07-31,2026-10-24,10.187516907916129,9.706197129904274,10.696487657279931
2026-07-31,2026-10-25,10.187897976051335,9.71580069714414,10.72317912363967
2026-07-31,2026-10-26,10.188279044186546,9.711558905601592,10.715795790160984
2026-07-31,2026-10-27,10.188660112321754,9.699065409193086,10.723623999612474
2026-07-31,2026-10-28,10.189041180456964,9.698792458504276,10.746217302856667
2026-07-31,2026-10-29,10.189422248592171,9.683955137951193,10.766782531586
2026-08-01,2026-08-01,10.155507184558568,10.06513499302789,10.248507133738755
2026-08-01,2026-08-02,10.155888252693776,10.068606768636188,10.244925758010265
2026-08-01,2026-08-03,10.156269320828985,10.069057910810796,10.250683953207073
2026-08-01,2026-08-04,10.156650388964191,10.065933855219772,10.250610591987916
2026-08-01,2026-08-05,10.157031457099404,10.064770414758677,10.247599778607686
2026-08-01,2026-08-06,10.157412525234612,10.065043936353408,10.249163904343655
2026-08-01,2026-08-07,10.15779359336982,10.062823652042445,10.255772070982356
2026-08-01,2026-08-08,10.15817466150503,10.069850799318193,10.24775217189617
2026-08-01,2026-08-09,10.15855572964024,10.062446402284635,10.254009253404112
2026-08-01,2026-08-10,10.158936797775448,10.058153612321108,10.24612599575858
2026-08-01,2026-08-11,10.159317865910658,10.07160663302724,10.252947999766532
2026-08-01,2026-08-12,10.159698934045869,10.059830538888669,10.250014298635833
2026-08-01,2026-08-13,10.160080002181076,10.071773965991085,10.251927245608863
2026-08-01,2026-08-14,10.160461070316284,10.06243128900713,10.262373359300865
2026-08-01,2026-08-15,10.160842138451494,10.056202122978446,10.261396831514473
2026-08-01,2026-08-16,10.161223206586705,10.05682889694695,10.25768497169239
2026-08-01,2026-08-17,10.161604274721912,10.058440180155092,10.265503498064742
2026-08-01,2026-08-18,10.16198534285712,10.06110920572294,10.269702077528132
2026-08-01,2026-08-19,10.16236641099233,10.055732544143954,10.260908393994608
2026-08-01,2026-08-20,10.16274747912754,10.056477737266876,10.26991490917775
2026-08-01,2026-08-21,10.163128547262748,10.059921313505424,10.261751138532029
2026-08-01,2026-08-22,10.163509615397956,10.055834846106304,10.273906185777706
2026-08-01,2026-08-23,10.163890683533166,10.052345921356284,10.276560973871591
2026-08-01,2026-08-24,10.164271751668377,10.048965235103507,10.279251183944895
2026-08-01,2026-08-25,10.164652819803583,10.051765868587992,10.284225478725332
2026-08-01,2026-08-26,10.165033887938794,10.047488397132222,10.28174370915814
2026-08-01,2026-08-27,10.165414956074002,10.047084362050049,10.286529455830207
2026-08-01,2026-08-28,10.165796024209213,10.040905051137306,10.291155912480196
2026-08-01,2026-08-29,10.16617709234442,10.047612615965075,10.292308574492743
2026-08-01,2026-08-30,10.16655816047963,10.022371781362445,10.293734586360072
2026-08-01,2026-08-31,10.166939228614838,10.030584958473913,10.29572428245138
2026-08-01,2026-09-01,10.167320296750049,10.02680986810789,10.313701621610177
2026-08-01,2026-09-02,10.167701364885255,10.037643536566272,10.30013608438743
2026-08-01,2026-09-03,10.168082433020466,10.01127705126385,10.309557419601726
2026-08-01,2026-09-04,10.168463501155674,10.026415749060837,10.30963789828272
2026-08-01,2026-09-05,10.168844569290885,10.011628645173952,10.319528863015496
2026-08-01,2026-09-06,10.169225637426091,10.00958230084968,10.329990480777662
2026-08-01,2026-09-07,10.169606705561302,10.008773127515228,10.328945498252478
2026-08-01,2026-09-08,10.16998777369651,10.00515487716724,10.338668578364922
2026-08-01,2026-09-09,10.17036884183172,10.008748493147626,10.335046714142283
2026-08-01,2026-09-10,10.17074990996693,9.991900869539082,10.35495150955528
2026-08-01,2026-09-11,10.171130978102138,9.989742789214118,10.34902887308922
2026-08-01,2026-09-12,10.171512046237346,9.985540047654304,10.350229669125271
2026-08-01,2026-09-13,10.171893114372557,9.967360446593572,10.366754389080048
2026-08-01,2026-09-14,10.172274182507763,9.98432659858337,10.364396345412024
2026-08-01,2026-09-15,10.172655250642974,9.96935844516728,10.364276967860151
2026-08-01,2026-09-16,10.173036318778182,9.962818735804,10.39711014324666
2026-08-01,2026-09-17,10.173417386913393,9.966189614355544,10.381598991292885
2026-08-01,2026-09-18,10.1737984550486,9.953649173394128,10.40069603235148
2026-08-01,2026-09-19,10.17417952318381,9.95351557663666,10.424817614887395
2026-08-01,2026-09-20,10.17456059131902,9.93530537157366,10.40939263544328
2026-08-01,2026-09-21,10.174941659454229,9.94259609944302,10.408593267101452
2026-08-01,2026-09-22,10.175322727589435,9.917852973269907,10.41708586246512
2026-08-01,2026-09-23,10.175703795724647,9.920301720085895,10.449223698853585
2026-08-01,2026-09-24,10.176084863859856,9.922512509282514,10.453391023265844
2026-08-01,2026-09-25,10.176465931995065,9.913688214762232,10.454414851240596
2026-08-01,2026-09-26,10.176847000130271,9.8884264818185,10.45376625080137
2026-08-01,2026-09-27,10.177228068265483,9.894619043349024,10.467110089581652
2026-08-01,2026-09-28,10.177609136400692,9.903166470958062,10.47540769226595
2026-08-01,2026-09-29,10.1779902045359,9.875969361715583,10.47054743814904
2026-08-01,2026-09-30,10.178371272671107,9.901484945178556,10.486343770024757
2026-08-01,2026-10-01,10.17875234080632,9.874181630408192,10.49048524129555
2026-08-01,2026-10-02,10.179133408941528,9.881308146405518,10.491862591183768
2026-08-01,2026-10-03,10.179514477076737,9.861728286818195,10.520347917590083
2026-08-01,2026-10-04,10.179895545211943,9.852017987180249,10.542443219552707
2026-08-01,2026-10-05,10.180276613347155,9.83323035106742,10.516410109530463
2026-08-01,2026-10-06,10.180657681482364,9.85780489640526,10.546299688522089
2026-08-01,2026-10-07,10.181038749617574,9.82595419837895,10.52896856206936
2026-08-01,2026-10-08,10.181419817752785,9.829204719370562,10.552573468838082
2026-08-01,2026-10-09,10.181800885887991,9.83377103319955,10.558870832131564
2026-08-01,2026-10-10,10.1821819540232,9.81265271378308,10.567793702874251
2026-08-01,2026-10-11,10.18256302215841,9.829603856164344,10.573397319889848
2026-08-01,2026-10-12,10.18294409029362,9.79575912963657,10.57705461449446
2026-08-01,2026-10-13,10.183325158428827,9.777397494277588,10.587627742678633
2026-08-01,2026-10-14,10.183706226564036,9.797468557218869,10.6087394388057
2026-08-01,2026-10-15,10.184087294699246,9.781585002907896,10.60202173999966
2026-08-01,2026-10-16,10.184468362834457,9.756666185844145,10.623970023339336
2026-08-01,2026-10-17,10.184849430969663,9.76035010547916,10.599726345991428
2026-08-01,2026-10-18,10.185230499104872,9.772505550208733,10.62572952360378
2026-08-01,2026-10-19,10.185611567240082,9.734985280375854,10.636238971609732
2026-08-01,2026-10-20,10.18599263537529,9.743386445828111,10.64692811687396
2026-08-01,2026-10-21,10.1863737035105,9.738284790486151,10.655714890147642
2026-08-01,2026-10-22,10.186754771645708,9.707788941065576,10.660452021171436
2026-08-01,2026-10-23,10.187135839780918,9.689538604518244,10.649322580164483
2026-08-01,2026-10-24,10.187516907916129,9.710997172933212,10.670215228543302
2026-08-01,2026-10-25,10.187897976051335,9.700868783629444,10.659584498428316
2026-08-01,2026-10-26,10.188279044186546,9.692157920991486,10.67408165003056
2026-08-01,2026-10-27,10.188660112321754,9.671997899925714,10.699195375284749
2026-08-01,2026-10-28,10.189041180456964,9.657054694924806,10.695248791287046
2026-08-01,2026-10-29,10.189422248592171,9.664206500067744,10.707207212195383
2026-08-02,2026-08-01,10.155507184558568,10.066923773328645,10.24585735510563
2026-08-02,2026-08-02,10.155888252693776,10.058377111231431,10.248637364468832
2026-08-02,2026-08-03,10.156269320828985,10.066320766083653,10.254781843977842
2026-08-02,2026-08-04,10.156650388964191,10.067498893777229,10.250405140251369
2026-08-02,2026-08-05,10.157031457099404,10.071925373306014,10.250507558263704
2026-08-02,2026-08-06,10.157412525234612,10.06549468095659,10.248900425415002
2026-08-02,2026-08-07,10.15779359336982,10.064249443784467,10.25152980424875
2026-08-02,2026-08-08,10.15817466150503,10.067667595118431,10.2504190971028
2026-08-02,2026-08-09,10.15855572964024,10.065609748249194,10.253605025278318
2026-08-02,2026-08-10,10.158936797775448,10.06681056156144,10.247735703929358
2026-08-02,2026-08-11,10.159317865910658,10.068126440974408,10.248230819957634
2026-08-02,2026-08-12,10.159698934045869,10.074442690349915,10.25245150716396
2026-08-02,2026-08-13,10.160080002181076,10.0617254775882,10.257830416304698
2026-08-02,2026-08-14,10.160461070316284,10.065608456688318,10.260284306202085
2026-08-02,2026-08-15,10.160842138451494,10.065831953029656,10.265709329280998
2026-08-02,2026-08-16,10.161223206586705,10.060143738889373,10.258634128055608
2026-08-02,2026-08-17,10.161604274721912,10.06509275470962,10.257255159650008
2026-08-02,2026-08-18,10.16198534285712,10.055112945180849,10.26214803488247
2026-08-02,2026-08-19,10.16236641099233,10.061048375073687,10.260816082902965
2026-08-02,2026-08-20,10.16274747912754,10.055761693867144,10.2642265135232
2026-08-02,2026-08-21,10.163128547262748,10.05656493442786,10.265499436023758
2026-08-02,2026-08-22,10.163509615397956,10.053392903925888,10.261589467962043
2026-08-02,2026-08-23,10.163890683533166,10.047841531892942,10.264865907470504
2026-08-02,2026-08-24,10.164271751668377,10.045813766299664,10.267687599708127
2026-08-02,2026-08-25,10.164652819803583,10.057632958084753,10.270737039282922
2026-08-02,2026-08-26,10.165033887938794,10.048926509948563,10.282800701392638
2026-08-02,2026-08-27,10.165414956074002,10.050608623173094,10.27241339603162
2026-08-02,2026-08-28,10.165796024209213,10.044892187450625,10.281289819863265
2026-08-02,2026-08-29,10.16617709234442,10.041165946423344,10.278526726848842
2026-08-02,2026-08-30,10.16655816047963,10.045481234428262,10.294011717993756
2026-08-02,2026-08-31,10.166939228614838,10.044662971179504,10.28084681659685
2026-08-02,2026-09-01,10.167320296750049,10.034982099322034,10.28938220749924
2026-08-02,2026-09-02,10.167701364885255,10.040679386678695,10.290476312169467
2026-08-02,2026-09-03,10.168082433020466,10.035219913057752,10.29653967389457
2026-08-02,2026-09-04,10.168463501155674,10.019522659256964,10.294754755950535
2026-08-02,2026-09-05,10.168844569290885,10.024249016289527,10.299936167699167
2026-08-02,2026-09-06,10.169225637426091,10.019510445156689,10.31275040136978
2026-08-02,2026-09-07,10.169606705561302,10.009536874745942,10.306115343645672
2026-08-02,2026-09-08,10.16998777369651,10.010874167705408,10.31589256834548
2026-08-02,2026-09-09,10.17036884183172,10.01413542211202,10.314624724618913
2026-08-02,2026-09-10,10.17074990996693,9.998214483910203,10.31149660597586
2026-08-02,2026-09-11,10.171130978102138,10.000737487305786,10.32189112466347
2026-08-02,2026-09-12,10.171512046237346,10.000842411836352,10.322274798120684
2026-08-02,2026-09-13,10.171893114372557,9.991230544875624,10.325545524363806
2026-08-02,2026-09-14,10.172274182507763,9.98035740007665,10.340899654600042
2026-08-02,2026-09-15,10.172655250642974,9.98625558601252,10.33864751433978
2026-08-02,2026-09-16,10.173036318778182,9.980324091784793,10.353272079470663
2026-08-02,2026-09-17,10.173417386913393,9.973516773908749,10.345481491913088
2026-08-02,2026-09-18,10.1737984550486,9.950984940957024,10.357329828028943
2026-08-02,2026-09-19,10.17417952318381,9.957092477692049,10.368910775556142
2026-08-02,2026-09-20,10.17456059131902,9.958450994381195,10.362298782517309
2026-08-02,2026-09-21,10.174941659454229,9.952227119917826,10.37644638993312
2026-08-02,2026-09-22,10.175322727589435,9.941975838781357,10.39052747727831
2026-08-02,2026-09-23,10.175703795724647,9.938196065645023,10.387311778571464
2026-08-02,2026-09-24,10.176084863859856,9.930181066984776,10.401917441426647
2026-08-02,2026-09-25,10.176465931995065,9.92518703941991,10.382228959348373
2026-08-02,2026-09-26,10.176847000130271,9.91861160189831,10.411932665138764
2026-08-02,2026-09-27,10.177228068265483,9.914634623979891,10.411050697894114
2026-08-02,2026-09-28,10.177609136400692,9.921363289682946,10.4029374423179
2026-08-02,2026-09-29,10.1779902045359,9.904818655405592,10.41632714556409
2026-08-02,2026-09-30,10.178371272671107,9.889398326489548,10.420980455841702
2026-08-02,2026-10-01,10.17875234080632,9.895117115247023,10.439550574297307
2026-08-02,2026-10-02,10.179133408941528,9.868036722969071,10.436747479488544
2026-08-02,2026-10-03,10.179514477076737,9.864547943049525,10.444769807787342
2026-08-02,2026-10-04,10.179895545211943,9.861643473012403,10.467398730975916
2026-08-02,2026-10-05,10.180276613347155,9.868524922068554,10.470637851394972
2026-08-02,2026-10-06,10.180657681482364,9.86212402845872,10.484720550551096
2026-08-02,2026-10-07,10.181038749617574,9.829575419017964,10.480745316244109
2026-08-02,2026-10-08,10.181419817752785,9.829125218799444,10.490053522178943
2026-08-02,2026-10-09,10.181800885887991,9.83370681886515,10.475842573685824
2026-08-02,2026-10-10,10.1821819540232,9.829553369943536,10.508088654896872
2026-08-02,2026-10-11,10.18256302215841,9.821807564133657,10.508724042252712
2026-08-02,2026-10-12,10.18294409029362,9.817345993410584,10.507358200948351
2026-08-02,2026-10-13,10.183325158428827,9.79067609548808,10.518213493710592
2026-08-02,2026-10-14,10.183706226564036,9.806651374540836,10.524439013949165
2026-08-02,2026-10-15,10.184087294699246,9.779538512768475,10.53079160143384
2026-08-02,2026-10-16,10.184468362834457,9.796075903137782,10.551270483087569
2026-08-02,2026-10-17,10.184849430969663,9.764148825441296,10.57305099660063
2026-08-02,2026-10-18,10.185230499104872,9.781174687687072,10.552362082835716
2026-08-02,2026-10-19,10.185611567240082,9.767154525417611,10.56625541393051
2026-08-02,2026-10-20,10.18599263537529,9.761159492493984,10.575332518542066
2026-08-02,2026-10-21,10.1863737035105,9.748942625451068,10.556947902542326
2026-08-02,2026-10-22,10.186754771645708,9.736237735459596,10.597806423139629
2026-08-02,2026-10-23,10.187135839780918,9.70650367161746,10.586107475749218
2026-08-02,2026-10-24,10.187516907916129,9.73869450247011,10.607493522528856
2026-08-02,2026-10-25,10.187897976051335,9.704124070623209,10.61690134363822
2026-08-02,2026-10-26,10.188279044186546,9.7085685517778,10.616358842145637
2026-08-02,2026-10-27,10.188660112321754,9.705399450428224,10.63678846043728
2026-08-02,2026-10-28,10.189041180456964,9.702485388100978,10.645709697023914
2026-08-02,2026-10-29,10.189422248592171,9.68009983499168,10.677051336096062
2026-08-03,2026-08-04,10.188308827161372,10.101958899870931,10.268895685571648
2026-08-03,2026-08-05,10.18955724845678,10.102229970722751,10.269484660001728
2026-08-03,2026-08-06,10.19080566975219,10.107465215777744,10.275581733120635
2026-08-03,2026-08-07,10.1920540910476,10.108108146798171,10.271733981582662
2026-08-03,2026-08-08,10.19330251234301,10.101385971710044,10.277945814351932
2026-08-03,2026-08-09,10.19455093363842,10.111948761607774,10.277844812056887
2026-08-03,2026-08-10,10.19579935493383,10.109502421981338,10.285084354414533
2026-08-03,2026-08-11,10.19704777622924,10.114226087019182,10.284717073390343
2026-08-03,2026-08-12,10.198296197524652,10.113302932007054,10.283940366549324
2026-08-03,2026-08-13,10.19954461882006,10.11101343237718,10.287960123231066
2026-08-03,2026-08-14,10.200793040115473,10.10363891396813,10.286329773648305
2026-08-03,2026-08-15,10.20204146141088,10.110738031189436,10.291682796177856
2026-08-03,2026-08-16,10.20328988270629,10.117802012406733,10.2902400709398
2026-08-03,2026-08-17,10.2045383040017,10.112250390801387,10.297109342037174
2026-08-03,2026-08-18,10.20578672529711,10.107676014965644,10.29230187366449
2026-08-03,2026-08-19,10.20703514659252,10.1166888957675,10.298561866284748
2026-08-03,2026-08-20,10.208283567887928,10.11564675996215,10.30942189822782
2026-08-03,2026-08-21,10.20953198918334,10.114531847754463,10.301540543237715
2026-08-03,2026-08-22,10.21078041047875,10.111390367384525,10.307725479798274
2026-08-03,2026-08-23,10.21202883177416,10.111442426410957,10.308484805311483
2026-08-03,2026-08-24,10.21327725306957,10.108659313570026,10.314854940216993
2026-08-03,2026-08-25,10.21452567436498,10.109920662282974,10.318972774120686
2026-08-03,2026-08-26,10.21577409566039,10.115073453477509,10.322315748230965
2026-08-03,2026-08-27,10.2170225169558,10.10629732635768,10.320230159390343
2026-08-03,2026-08-28,10.218270938251209,10.106435845060563,10.3307829103473
2026-08-03,2026-08-29,10.219519359546618,10.11090059080299,10.334388756058935
2026-08-03,2026-08-30,10.22076778084203,10.099800024157648,10.3314220830908
2026-08-03,2026-08-31,10.22201620213744,10.106142971730383,10.348268300056732
2026-08-03,2026-09-01,10.223264623432849,10.096935322050724,10.348466254000709
2026-08-03,2026-09-02,10.224513044728258,10.094018187020396,10.357684518685696
2026-08-03,2026-09-03,10.225761466023668,10.090658772305773,10.363009972451025
2026-08-03,2026-09-04,10.22700988731908,10.09323710933993,10.37106130250862
2026-08-03,2026-09-05,10.228258308614487,10.079825107234177,10.37146273771294
2026-08-03,2026-09-06,10.2295067299099,10.083376519802703,10.377596449033168
2026-08-03,2026-09-07,10.230755151205308,10.08077185466453,10.381765890865111
2026-08-03,2026-09-08,10.232003572500718,10.072526410137186,10.391525046378996
2026-08-03,2026-09-09,10.233251993796127,10.079875791581182,10.397367897534089
2026-08-03,2026-09-10,10.23450041509154,10.070725779386947,10.413807148187594
2026-08-03,2026-09-11,10.235748836386946,10.0701195366562,10.419291619485596
2026-08-03,2026-09-12,10.236997257682358,10.06478594095237,10.428951266482423
2026-08-03,2026-09-13,10.238245678977767,10.051973319444578,10.437128885136474
2026-08-03,2026-09-14,10.239494100273175,10.049925582418838,10.445526239706336
2026-08-03,2026-09-15,10.240742521568588,10.055071513873052,10.456719831266485
2026-08-03,2026-09-16,10.241990942863998,10.042268053721354,10.441204977211376
2026-08-03,2026-09-17,10.243239364159408,10.036118724806869,10.470627052429144
2026-08-03,2026-09-18,10.244487785454815,10.021139103533097,10.468543547380852
2026-08-03,2026-09-19,10.245736206750228,10.01455606342456,10.485337612724972
2026-08-03,2026-09-20,10.246984628045636,10.012499678817504,10.502302511996168
2026-08-03,2026-09-21,10.248233049341046,10.008790922760808,10.498292862182817
2026-08-03,2026-09-22,10.249481470636455,10.013999731177742,10.518375820125506
2026-08-03,2026-09-23,10.250729891931869,9.977874819457243,10.518484089138028
2026-08-03,2026-09-24,10.251978313227276,9.964272854582,10.53437408821884
2026-08-03,2026-09-25,10.253226734522686,9.978098583740564,10.53665843652113
2026-08-03,2026-09-26,10.254475155818096,9.9654365552155,10.565646806693923
2026-08-03,2026-09-27,10.255723577113509,9.968432072048817,10.56524286501862
2026-08-03,2026-09-28,10.256971998408916,9.966926921783273,10.582718177645289
2026-08-03,2026-09-29,10.258220419704326,9.95536274318474,10.591604433495432
2026-08-03,2026-09-30,10.259468840999736,9.942930745770818,10.5919099724361
2026-08-03,2026-10-01,10.260717262295143,9.93785901448075,10.623206752944222
2026-08-03,2026-10-02,10.261965683590557,9.916141750037658,10.62140776578433
2026-08-03,2026-10-03,10.263214104885964,9.910022393521157,10.62966408886822
2026-08-03,2026-10-04,10.264462526181376,9.904403073789087,10.638891866867086
2026-08-03,2026-10-05,10.265710947476784,9.905794248082127,10.659248688960396
2026-08-03,2026-10-06,10.266959368772197,9.896533401068735,10.664499850972936
2026-08-03,2026-10-07,10.268207790067605,9.872460516499665,10.683493418071656
2026-08-03,2026-10-08,10.269456211363016,9.86484998019614,10.700058990123075
2026-08-03,2026-10-09,10.270704632658424,9.88781062974232,10.710801145883844
2026-08-03,2026-10-10,10.271953053953837,9.864145383483583,10.70169774354518
2026-08-03,2026-10-11,10.273201475249245,9.853943150587869,10.725214393430669
2026-08-03,2026-10-12,10.274449896544654,9.854682209181442,10.71918063502111
2026-08-03,2026-10-13,10.275698317840066,9.829944640613297,10.734125395272294
2026-08-03,2026-10-14,10.276946739135475,9.820535512126783,10.744594785569737
2026-08-03,2026-10-15,10.278195160430885,9.799007961321452,10.756892510233866
2026-08-03,2026-10-16,10.279443581726294,9.807619288621511,10.77401555296403
2026-08-03,2026-10-17,10.280692003021704,9.802207423601637,10.786771755018172
2026-08-03,2026-10-18,10.281940424317114,9.767519885848516,10.78898231168466
2026-08-03,2026-10-19,10.283188845612525,9.77053615179828,10.80686753769644
2026-08-03,2026-10-20,10.284437266907934,9.769224347087622,10.811504993015868
2026-08-03,2026-10-21,10.285685688203344,9.749647839469226,10.836422525733616
2026-08-03,2026-10-22,10.286934109498754,9.742863421682076,10.856372638756842
2026-08-03,2026-10-23,10.288182530794163,9.725894771686413,10.875946754372317
2026-08-03,2026-10-24,10.289430952089576,9.690893512375018,10.868991029790752
2026-08-03,2026-10-25,10.290679373384982,9.6944955850131,10.86818377702781
2026-08-03,2026-10-26,10.291927794680394,9.724697448021212,10.86543466902239
2026-08-03,2026-10-27,10.293176215975803,9.669608763858143,10.900357136201636
2026-08-03,2026-10-28,10.294424637271211,9.678436323134497,10.92753926745108
2026-08-03,2026-10-29,10.295673058566624,9.670012725625334,10.919783439429096
2026-08-03,2026-10-30,10.296921479862032,9.658821508217644,10.931105485981137
2026-08-03,2026-10-31,10.298169901157443,9.628674939700533,10.959225972568122
2026-08-03,2026-11-01,10.299418322452851,9.647319978335837,10.973667317365178
2026-08-05,2026-08-06,10.197980386121454,10.100945030985583,10.293662711394065
2026-08-05,2026-08-07,10.199023570062623,10.103077239491716,10.292714501420166
2026-08-05,2026-08-08,10.200066754003796,10.10458191154324,10.293613588242252
2026-08-05,2026-08-09,10.201109937944969,10.105160639261824,10.28730540665181
2026-08-05,2026-08-10,10.202153121886138,10.101381412794185,10.30154620232025
2026-08-05,2026-08-11,10.203196305827309,10.11253590329344,10.299972342950984
2026-08-05,2026-08-12,10.20423948976848,10.10238942153317,10.30362957024201
2026-08-05,2026-08-13,10.205282673709648,10.1097033894437,10.30410239176545
2026-08-05,2026-08-14,10.20632585765082,10.115299537476012,10.305180511195989
2026-08-05,2026-08-15,10.207369041591992,10.107841425239018,10.314361874533535
2026-08-05,2026-08-16,10.208412225533165,10.106543481671524,10.312209591384168
2026-08-05,2026-08-17,10.209455409474334,10.104057438179115,10.307028153888508
2026-08-05,2026-08-18,10.210498593415505,10.106361289898484,10.31671450835553
2026-08-05,2026-08-19,10.211541777356675,10.1089780393,10.31525699884432
2026-08-05,2026-08-20,10.212584961297845,10.108151417402995,10.314175058048978
2026-08-05,2026-08-21,10.213628145239015,10.10206655478572,10.315423388405252
2026-08-05,2026-08-22,10.214671329180186,10.10587738143228,10.318762290261278
2026-08-05,2026-08-23,10.21571451312136,10.108207244754947,10.319731445141038
2026-08-05,2026-08-24,10.21675769706253,10.112551685392292,10.320242105602055
2026-08-05,2026-08-25,10.2178008810037,10.108833698820904,10.326183842543491
2026-08-05,2026-08-26,10.218844064944872,10.101050792655643,10.33093667985748
2026-08-05,2026-08-27,10.21988724888604,10.111227913842283,10.331648172349858
2026-08-05,2026-08-28,10.220930432827211,10.108045076938064,10.338834472353268
2026-08-05,2026-08-29,10.221973616768382,10.103211443434107,10.342001334411526
2026-08-05,2026-08-30,10.223016800709551,10.104010258390405,10.327238306769226
2026-08-05,2026-08-31,10.224059984650724,10.104651164289168,10.3399706360963
2026-08-05,2026-09-01,10.225103168591897,10.102721128361951,10.348882857162543
2026-08-05,2026-09-02,10.226146352533066,10.100926290572874,10.351113347680467
2026-08-05,2026-09-03,10.227189536474237,10.101138773087682,10.357675737125788
2026-08-05,2026-09-04,10.228232720415408,10.101775785819584,10.358209597095309
2026-08-05,2026-09-05,10.229275904356578,10.115760909455698,10.34656883480944
2026-08-05,2026-09-06,10.23031908829775,10.102552374289292,10.352656656616164
2026-08-05,2026-09-07,10.23136227223892,10.10035617919435,10.365663551266968
2026-08-05,2026-09-08,10.232405456180093,10.10079462540626,10.359969132593534
2026-08-05,2026-09-09,10.233448640121262,10.086172613923347,10.371808941776182
2026-08-05,2026-09-10,10.234491824062433,10.10013249108874,10.3718167621809
2026-08-05,2026-09-11,10.235535008003604,10.095935595465184,10.379765789568076
2026-08-05,2026-09-12,10.236578191944774,10.085770395056034,10.372989121758373
2026-08-05,2026-09-13,10.237621375885944,10.090572753514897,10.379403611581765
2026-08-05,2026-09-14,10.238664559827116,10.083181022560243,10.380546577786903
2026-08-05,2026-09-15,10.239707743768289,10.076244074051925,10.40248576547682
2026-08-05,2026-09-16,10.240750927709458,10.076585018559058,10.407389757280532
2026-08-05,2026-09-17,10.241794111650629,10.07638376527715,10.394454640287366
2026-08-05,2026-09-18,10.2428372955918,10.08226566682333,10.412426203495102
2026-08-05,2026-09-19,10.24388047953297,10.067371058822328,10.41163057603609
2026-08-05,2026-09-20,10.24492366347414,10.063537627361333,10.418406887374116
2026-08-05,2026-09-21,10.245966847415312,10.06908496327367,10.435161669269062
2026-08-05,2026-09-22,10.247010031356483,10.066230533937576,10.422415164352495
2026-08-05,2026-09-23,10.248053215297652,10.06485050142042,10.435597093998112
2026-08-05,2026-09-24,10.249096399238825,10.057287304307824,10.45250577763102
2026-08-05,2026-09-25,10.250139583179996,10.046646781425649,10.43017797798706
2026-08-05,2026-09-26,10.251182767121168,10.037045743749529,10.442288529229224
2026-08-05,2026-09-27,10.252225951062336,10.035187973168489,10.44815758516412
2026-08-05,2026-09-28,10.253269135003508,10.036824812768144,10.448070197496508
2026-08-05,2026-09-29,10.25431231894468,10.027296848706609,10.470791885839668
2026-08-05,2026-09-30,10.255355502885848,10.030818519066804,10.472478263840248
2026-08-05,2026-10-01,10.25639868682702,10.020347271251078,10.4868670800052
2026-08-05,2026-10-02,10.25744187076819,10.005537478825811,10.49405264374176
2026-08-05,2026-10-03,10.25848505470936,10.009768214937292,10.487243554777807
2026-08-05,2026-10-04,10.259528238650532,10.008910546178402,10.511825284978684
2026-08-05,2026-10-05,10.260571422591704,10.006833209957632,10.500489885227957
2026-08-05,2026-10-06,10.261614606532875,10.00529961967219,10.520093878480989
2026-08-05,2026-10-07,10.262657790474044,10.00175383490004,10.523614927647788
2026-08-05,2026-10-08,10.263700974415215,9.979497130840818,10.523078768606526
2026-08-05,2026-10-09,10.264744158356386,9.999363090470831,10.52381051589125
2026-08-05,2026-10-10,10.265787342297555,9.97159681439692,10.520887474501448
2026-08-05,2026-10-11,10.266830526238728,9.968932403850562,10.533648835691146
2026-08-05,2026-10-12,10.2678737101799,9.976245910014049,10.542977197559855
2026-08-05,2026-10-13,10.26891689412107,9.958116862723852,10.559115272704169
2026-08-05,2026-10-14,10.26996007806224,9.966827591955758,10.574254769864432
2026-08-05,2026-10-15,10.271003262003411,9.967796814622032,10.570736900616083
2026-08-05,2026-10-16,10.272046445944582,9.958659195594333,10.586359305808005
2026-08-05,2026-10-17,10.273089629885751,9.951328849591077,10.590968028661122
2026-08-05,2026-10-18,10.274132813826924,9.918783398395902,10.608295832445984
2026-08-05,2026-10-19,10.275175997768097,9.935489177935963,10.605339443663068
2026-08-05,2026-10-20,10.276219181709266,9.92839040328308,10.623840163655773
2026-08-05,2026-10-21,10.277262365650436,9.92402200273151,10.633783866409187
2026-08-05,2026-10-22,10.278305549591607,9.938059596257096,10.621785927405693
2026-08-05,2026-10-23,10.279348733532778,9.923922692889208,10.634547260799748
2026-08-05,2026-10-24,10.280391917473947,9.906186605351609,10.641217469671348
2026-08-05,2026-10-25,10.28143510141512,9.905803423762244,10.65069870479864
2026-08-05,2026-10-26,10.28247828535629,9.896944791260356,10.66728926103705
2026-08-05,2026-10-27,10.283521469297462,9.89379181306613,10.684893853893884
2026-08-05,2026-10-28,10.284564653238633,9.883969817286694,10.676367597400043
2026-08-05,2026-10-29,10.285607837179803,9.868252740997397,10.68534942033458
2026-08-05,2026-10-30,10.286651021120974,9.852633441948418,10.707401765519306
2026-08-05,2026-10-31,10.287694205062143,9.87132093053513,10.72514128419482
2026-08-05,2026-11-01,10.288737389003314,9.83935777479096,10.7097480743921
2026-08-05,2026-11-02,10.289780572944489,9.864352658746087,10.72888522910112
2026-08-05,2026-11-03,10.290823756885656,9.86788942595457,10.728745918903078
2026-08-08,2026-08-08,10.216387527873852,10.12246335713063,10.313338042301082
2026-08-08,2026-08-09,10.21761059705935,10.11660545296942,10.314345231657567
2026-08-08,2026-08-10,10.21883366624485,10.12138484464604,10.315814454420773
2026-08-08,2026-08-11,10.220056735430347,10.12052449170104,10.320586627144849
2026-08-08,2026-08-12,10.221279804615843,10.12825913267266,10.320798520637393
2026-08-08,2026-08-13,10.222502873801345,10.130624585386768,10.322625178869966
2026-08-08,2026-08-14,10.223725942986842,10.128753230989076,10.321064436071504
2026-08-08,2026-08-15,10.22494901217234,10.124685856612665,10.320194527673191
2026-08-08,2026-08-16,10.226172081357838,10.124686623193526,10.318899349292597
2026-08-08,2026-08-17,10.227395150543336,10.135076086617005,10.322799544739803
2026-08-08,2026-08-18,10.228618219728835,10.130450731203831,10.333208987626598
2026-08-08,2026-08-19,10.229841288914333,10.135687498677315,10.32408855822082
2026-08-08,2026-08-20,10.231064358099832,10.13308642255828,10.329350256175273
2026-08-08,2026-08-21,10.232287427285332,10.127914535439736,10.32702400162023
2026-08-08,2026-08-22,10.233510496470828,10.128149104942793,10.338158645121744
2026-08-08,2026-08-23,10.234733565656327,10.121783276254169,10.334343044427929
2026-08-08,2026-08-24,10.235956634841823,10.125810096604846,10.333112330127715
2026-08-08,2026-08-25,10.237179704027325,10.12223890779051,10.341907941090462
2026-08-08,2026-08-26,10.238402773212822,10.137790909998744,10.345191918075823
2026-08-08,2026-08-27,10.23962584239832,10.1305133806103,10.344437797275456
2026-08-08,2026-08-28,10.24084891158382,10.132419799516356,10.349080945448328
2026-08-08,2026-08-29,10.242071980769316,10.132561037215316,10.354423798487757
2026-08-08,2026-08-30,10.243295049954815,10.131691777937142,10.353146966952965
2026-08-08,2026-08-31,10.244518119140317,10.138014515062444,10.35299844691778
2026-08-08,2026-09-01,10.245741188325812,10.125692291214635,10.355272941028906
2026-08-08,2026-09-02,10.24696425751131,10.12782030685139,10.360046981508358
2026-08-08,2026-09-03,10.24818732669681,10.129800134023585,10.370153447352024
2026-08-08,2026-09-04,10.249410395882308,10.130787505289616,10.37443050012332
2026-08-08,2026-09-05,10.250633465067803,10.126360289950142,10.37793723803266
2026-08-08,2026-09-06,10.251856534253305,10.120388073159408,10.371429444564082
2026-08-08,2026-09-07,10.253079603438804,10.136534704516633,10.38543339308479
2026-08-08,2026-09-08,10.2543026726243,10.119575873115286,10.382895315200145
2026-08-08,2026-09-09,10.255525741809798,10.118471197132964,10.389489669846922
2026-08-08,2026-09-10,10.256748810995298,10.12433727968783,10.379231408592153
2026-08-08,2026-09-11,10.257971880180795,10.128658289692083,10.400554681502458
2026-08-08,2026-09-12,10.259194949366291,10.132023968215815,10.400826422410123
2026-08-08,2026-09-13,10.260418018551793,10.12029545278615,10.390876676304362
2026-08-08,2026-09-14,10.26164108773729,10.128102753569255,10.405027813951689
2026-08-08,2026-09-15,10.262864156922788,10.123435458260118,10.403939809010277
2026-08-08,2026-09-16,10.264087226108286,10.1162288065637,10.420849563905293
2026-08-08,2026-09-17,10.265310295293784,10.115173266765249,10.43354440931426
2026-08-08,2026-09-18,10.266533364479285,10.116600709224617,10.426702140762352
2026-08-08,2026-09-19,10.26775643366478,10.119298020228978,10.44275849287253
2026-08-08,2026-09-20,10.26897950285028,10.100302793732949,10.453043982767324
2026-08-08,2026-09-21,10.270202572035778,10.09191654697788,10.451771948819069
2026-08-08,2026-09-22,10.271425641221276,10.101828633519874,10.452788045329095
2026-08-08,2026-09-23,10.272648710406775,10.08528939452131,10.472756653401866
2026-08-08,2026-09-24,10.273871779592271,10.102778989918535,10.47134787229135
2026-08-08,2026-09-25,10.275094848777773,10.078596293247545,10.472457789716303
2026-08-08,2026-09-26,10.27631791796327,10.079280002975922,10.464849843750084
2026-08-08,2026-09-27,10.277540987148768,10.095373848621849,10.478913783257283
2026-08-08,2026-09-28,10.278764056334266,10.083689886359856,10.487331207556355
2026-08-08,2026-09-29,10.279987125519764,10.06359293752445,10.498915332988393
2026-08-08,2026-09-30,10.281210194705263,10.06347914649156,10.485631642255496
2026-08-08,2026-10-01,10.28243326389076,10.070066302700685,10.50582694267439
2026-08-08,2026-10-02,10.28365633307626,10.061708532981164,10.507631645784308
2026-08-08,2026-10-03,10.284879402261758,10.056544147596952,10.52569864097362
2026-08-08,2026-10-04,10.286102471447256,10.055480273561964,10.53453426872728
2026-08-08,2026-10-05,10.287325540632754,10.050322657194268,10.521989581780046
2026-08-08,2026-10-06,10.288548609818251,10.044977316044722,10.550506239389184
2026-08-08,2026-10-07,10.289771679003753,10.04412091582972,10.55302556456265
2026-08-08,2026-10-08,10.290994748189249,10.039430190559422,10.56118071074233
2026-08-08,2026-10-09,10.292217817374748,10.037896827380628,10.56411754428988
2026-08-08,2026-10-10,10.293440886560246,10.041413674764197,10.578499445049411
2026-08-08,2026-10-11,10.294663955745744,10.028603696282769,10.58418432549152
2026-08-08,2026-10-12,10.295887024931242,10.029165175814466,10.604496349855012
2026-08-08,2026-10-13,10.29711009411674,10.001228948714422,10.596668975945756
2026-08-08,2026-10-14,10.29833316330224,9.9987915361247,10.625001679626978
2026-08-08,2026-10-15,10.299556232487737,9.999901574894135,10.614103484531352
2026-08-08,2026-10-16,10.300779301673236,9.989710945486037,10.62075959371496
2026-08-08,2026-10-17,10.302002370858734,9.987494448464767,10.635035566971773
2026-08-08,2026-10-18,10.303225440044232,9.980685229480477,10.620816882406626
2026-08-08,2026-10-19,10.304448509229733,9.968050184083577,10.651121494801904
2026-08-08,2026-10-20,10.305671578415229,9.962336921595483,10.654944469068326
2026-08-08,2026-10-21,10.306894647600728,9.954938380776913,10.664185425629949
2026-08-08,2026-10-22,10.308117716786226,9.944361835963312,10.686711602945405
2026-08-08,2026-10-23,10.309340785971724,9.954032991602189,10.704602203617602
2026-08-08,2026-10-24,10.310563855157222,9.923697231939052,10.715962460655357
2026-08-08,2026-10-25,10.31178692434272,9.941529089872676,10.706469595859302
2026-08-08,2026-10-26,10.31300999352822,9.934321120201018,10.703098486428864
2026-08-08,2026-10-27,10.314233062713717,9.915683923301067,10.708667004196691
2026-08-08,2026-10-28,10.315456131899214,9.911906286948104,10.726178993980072
2026-08-08,2026-10-29,10.316679201084714,9.906301638858688,10.74361489335125
2026-08-08,2026-10-30,10.317902270270212,9.919077134525365,10.748304808174748
2026-08-08,2026-10-31,10.31912533945571,9.904146557269904,10.769250233817406
2026-08-08,2026-11-01,10.320348408641207,9.870241114187822,10.76045578117743
2026-08-08,2026-11-02,10.321571477826708,9.893594207862302,10.771026935442976
2026-08-08,2026-11-03,10.322794547012204,9.858910748671107,10.791680528984488
2026-08-08,2026-11-04,10.324017616197702,9.864824098223009,10.807224087362162
2026-08-08,2026-11-05,10.325240685383202,9.855197650514787,10.8051807743764
2026-08-10,2026-08-11,10.22517064271945,10.132571440957305,10.32054864928588
2026-08-10,2026-08-12,10.226440490589914,10.130718553892844,10.323737525814842
2026-08-10,2026-08-13,10.227710338460376,10.134087220203863,10.31855835949453
2026-08-10,2026-08-14,10.22898018633084,10.132152756315469,10.322471634747876
2026-08-10,2026-08-15,10.230250034201308,10.128891225828257,10.32775179442174
2026-08-10,2026-08-16,10.23151988207177,10.131526644453816,10.33008069437276
2026-08-10,2026-08-17,10.232789729942237,10.133894792653438,10.328717214262554
2026-08-10,2026-08-18,10.234059577812696,10.137326788813358,10.332064483532784
2026-08-10,2026-08-19,10.235329425683162,10.137995399332915,10.332237930966066
2026-08-10,2026-08-20,10.236599273553626,10.13807498344894,10.334916636711611
2026-08-10,2026-08-21,10.23786912142409,10.13533834017744,10.327262111556164
2026-08-10,2026-08-22,10.239138969294553,10.145548939049498,10.336228464071732
2026-08-10,2026-08-23,10.24040881716502,10.147314048743285,10.335978019027587
2026-08-10,2026-08-24,10.241678665035485,10.148976101698963,10.3423447566196
2026-08-10,2026-08-25,10.242948512905947,10.140802187239762,10.339717603684615
2026-08-10,2026-08-26,10.244218360776411,10.136223712165856,10.338943368105484
2026-08-10,2026-08-27,10.245488208646874,10.14638322919514,10.338429614611863
2026-08-10,2026-08-28,10.246758056517338,10.15118104817961,10.34695266448936
2026-08-10,2026-08-29,10.248027904387802,10.142075287909242,10.343636750458256
2026-08-10,2026-08-30,10.249297752258268,10.15119642542424,10.350523400489768
2026-08-10,2026-08-31,10.250567600128733,10.147384030114983,10.353044495103417
2026-08-10,2026-09-01,10.251837447999195,10.149505175889084,10.353009195494124
2026-08-10,2026-09-02,10.25310729586966,10.143379372961478,10.3594768444936
2026-08-10,2026-09-03,10.254377143740124,10.133627008178806,10.365989249114472
2026-08-10,2026-09-04,10.255646991610588,10.139238549649471,10.35833919491244
2026-08-10,2026-09-05,10.256916839481052,10.140121502970151,10.362243828360947
2026-08-10,2026-09-06,10.258186687351516,10.134732607937329,10.374006072291508
2026-08-10,2026-09-07,10.25945653522198,10.133038089170116,10.372472211857604
2026-08-10,2026-09-08,10.260726383092443,10.136131527661473,10.37275952127977
2026-08-10,2026-09-09,10.261996230962907,10.130764341839242,10.378580940672464
2026-08-10,2026-09-10,10.263266078833372,10.144151614681991,10.383265965273964
2026-08-10,2026-09-11,10.264535926703836,10.1293374146877,10.39773069734405
2026-08-10,2026-09-12,10.2658057745743,10.140266484040623,10.392219939985132
2026-08-10,2026-09-13,10.267075622444764,10.1291388880694,10.398346743695386
2026-08-10,2026-09-14,10.268345470315229,10.125900215992674,10.396688381296142
2026-08-10,2026-09-15,10.269615318185693,10.120667781545254,10.393676076632016
2026-08-10,2026-09-16,10.270885166056155,10.126200772384292,10.403008010423038
2026-08-10,2026-09-17,10.27215501392662,10.114155378231128,10.405925512673154
2026-08-10,2026-09-18,10.273424861797084,10.105922034067868,10.412479868806162
2026-08-10,2026-09-19,10.274694709667548,10.129313673104406,10.42925746351926
2026-08-10,2026-09-20,10.275964557538012,10.116775271559826,10.434306334137858
2026-08-10,2026-09-21,10.277234405408477,10.118164831653283,10.434253326371069
2026-08-10,2026-09-22,10.27850425327894,10.107263102668885,10.44042551747956
2026-08-10,2026-09-23,10.279774101149403,10.102517652756733,10.44864850200191
2026-08-10,2026-09-24,10.281043949019868,10.102698463105604,10.442700632707547
2026-08-10,2026-09-25,10.282313796890332,10.096326740147124,10.458341770857302
2026-08-10,2026-09-26,10.283583644760796,10.10368255843108,10.45612212793186
2026-08-10,2026-09-27,10.28485349263126,10.07327074015533,10.464330225152889
2026-08-10,2026-09-28,10.286123340501724,10.08324381234114,10.486619255260123
2026-08-10,2026-09-29,10.287393188372189,10.065485504362847,10.481618014823235
2026-08-10,2026-09-30,10.288663036242651,10.08746504018275,10.481162511387762
2026-08-10,2026-10-01,10.289932884113115,10.068175836310855,10.503876811683446
2026-08-10,2026-10-02,10.29120273198358,10.071278040577353,10.50256619915952
2026-08-10,2026-10-03,10.292472579854044,10.039454725704177,10.502056388094845
2026-08-10,2026-10-04,10.293742427724508,10.04853048456126,10.50814275528194
2026-08-10,2026-10-05,10.295012275594972,10.052836655338965,10.511767064646165
2026-08-10,2026-10-06,10.296282123465437,10.046481441503872,10.522007499440685
2026-08-10,2026-10-07,10.2975519713359,10.032041053821484,10.527852139697494
2026-08-10,2026-10-08,10.298821819206363,10.03368108452658,10.542173919501783
2026-08-10,2026-10-09,10.30009166707683,10.021541225593262,10.545879182258153
2026-08-10,2026-10-10,10.301361514947292,10.019209368772826,10.540143527882668
2026-08-10,2026-10-11,10.302631362817756,10.014054627388038,10.568069648620172
2026-08-10,2026-10-12,10.30390121068822,10.025291084874103,10.566108195425798
2026-08-10,2026-10-13,10.305171058558685,9.997566044111284,10.583511527745404
2026-08-10,2026-10-14,10.306440906429147,9.994899919993737,10.575345684872705
2026-08-10,2026-10-15,10.307710754299611,9.982443769975209,10.591472826394885
2026-08-10,2026-10-16,10.308980602170076,9.97611338604625,10.616045609197664
2026-08-10,2026-10-17,10.310250450040542,9.971164296119696,10.605420400218035
2026-08-10,2026-10-18,10.311520297911006,9.975839245006128,10.60781410446512
2026-08-10,2026-10-19,10.31279014578147,9.966435626661932,10.62948080289228
2026-08-10,2026-10-20,10.314059993651933,9.964192026559603,10.63389392662608
2026-08-10,2026-10-21,10.315329841522397,9.952596707712951,10.64343234820389
2026-08-10,2026-10-22,10.31659968939286,9.94579710848244,10.666656050519656
2026-08-10,2026-10-23,10.317869537263324,9.919338949979544,10.653075140016275
2026-08-10,2026-10-24,10.31913938513379,9.939384479228584,10.671005071039003
2026-08-10,2026-10-25,10.320409233004254,9.93028084294129,10.664615975101247
2026-08-10,2026-10-26,10.321679080874718,9.91473222535108,10.685824148386866
2026-08-10,2026-10-27,10.322948928745182,9.90447995423898,10.684256130798362
2026-08-10,2026-10-28,10.324218776615645,9.887680787668431,10.692762257951626
2026-08-10,2026-10-29,10.325488624486107,9.89060620443066,10.700473261769652
2026-08-10,2026-10-30,10.326758472356572,9.901805600955756,10.711365101338604
2026-08-10,2026-10-31,10.328028320227038,9.877376307724806,10.696264165750234
2026-08-10,2026-11-01,10.329298168097502,9.874344171283653,10.747088522716451
2026-08-10,2026-11-02,10.330568015967966,9.865083396142545,10.750970023578462
2026-08-10,2026-11-03,10.33183786383843,9.864199016868376,10.756636893985212
2026-08-10,2026-11-04,10.333107711708896,9.850848288142693,10.75595459200955
2026-08-10,2026-11-05,10.33437755957936,9.843972013263365,10.789119425292014
2026-08-10,2026-11-06,10.33564740744982,9.839208268857304,10.767418652773896
2026-08-10,2026-11-07,10.336917255320284,9.815998388429549,10.78550056049691
2026-08-10,2026-11-08,10.33818710319075,9.834378878668344,10.80306905601343
2026-08-11,2026-08-12,10.233514292900358,10.140012803633311,10.33285728657383
2026-08-11,2026-08-13,10.234835739116198,10.134998894026284,10.335816837770125
2026-08-11,2026-08-14,10.23615718533204,10.13769398845193,10.336315925121866
2026-08-11,2026-08-15,10.237478631547882,10.141543079869072,10.33264797941618
2026-08-11,2026-08-16,10.238800077763724,10.140695032966448,10.334971383041076
2026-08-11,2026-08-17,10.240121523979564,10.152464881981471,10.338214081915664
2026-08-11,2026-08-18,10.241442970195406,10.143897652894797,10.34022069263356
2026-08-11,2026-08-19,10.242764416411248,10.150015764845527,10.33557820166826
2026-08-11,2026-08-20,10.244085862627088,10.152219576834488,10.342528706354964
2026-08-11,2026-08-21,10.245407308842932,10.155044669110024,10.338978998178613
2026-08-11,2026-08-22,10.246728755058772,10.149231793015444,10.342805488496577
2026-08-11,2026-08-23,10.248050201274614,10.148684491967702,10.349038086628678
2026-08-11,2026-08-24,10.249371647490456,10.14986064434219,10.349494527625788
2026-08-11,2026-08-25,10.250693093706298,10.152022935566938,10.349652337178808
2026-08-11,2026-08-26,10.252014539922138,10.15068529963783,10.353977640431715
2026-08-11,2026-08-27,10.25333598613798,10.15453733086754,10.354973272133682
2026-08-11,2026-08-28,10.254657432353822,10.153031876472348,10.36050538947854
2026-08-11,2026-08-29,10.255978878569662,10.155231686504589,10.355318280767156
2026-08-11,2026-08-30,10.257300324785506,10.155020426444995,10.357823150985045
2026-08-11,2026-08-31,10.258621771001346,10.152009895203587,10.357119089989457
2026-08-11,2026-09-01,10.259943217217188,10.151410355643216,10.366768313860344
2026-08-11,2026-09-02,10.26126466343303,10.158712063856733,10.37503730570652
2026-08-11,2026-09-03,10.26258610964887,10.152184192679638,10.371228782989077
2026-08-11,2026-09-04,10.263907555864712,10.15579196024612,10.371811692588022
2026-08-11,2026-09-05,10.265229002080554,10.14552182385067,10.376605119117922
2026-08-11,2026-09-06,10.266550448296396,10.146006610102786,10.378564274459205
2026-08-11,2026-09-07,10.267871894512236,10.156403369519715,10.381510084431705
2026-08-11,2026-09-08,10.269193340728078,10.149130658148424,10.388324493920203
2026-08-11,2026-09-09,10.27051478694392,10.14374749468148,10.385865120566292
2026-08-11,2026-09-10,10.27183623315976,10.145351834034257,10.399649160488286
2026-08-11,2026-09-11,10.273157679375604,10.14856373513288,10.394148283524276
2026-08-11,2026-09-12,10.274479125591444,10.143664047213369,10.401600883133783
2026-08-11,2026-09-13,10.275800571807286,10.145731303906883,10.39704946076265
2026-08-11,2026-09-14,10.277122018023128,10.136289616733546,10.41090066100352
2026-08-11,2026-09-15,10.27844346423897,10.152317322634232,10.40805101262575
2026-08-11,2026-09-16,10.27976491045481,10.139069215171432,10.409619622699898
2026-08-11,2026-09-17,10.281086356670652,10.140399191889427,10.421620285283922
2026-08-11,2026-09-18,10.282407802886494,10.136540227774704,10.415889453995216
2026-08-11,2026-09-19,10.283729249102334,10.133609002438016,10.42875163650355
2026-08-11,2026-09-20,10.285050695318178,10.13312848580373,10.42635956372657
2026-08-11,2026-09-21,10.286372141534018,10.138208428575906,10.44187748533794
2026-08-11,2026-09-22,10.28769358774986,10.138536337089729,10.434610376950776
2026-08-11,2026-09-23,10.289015033965702,10.125941112359156,10.430183625668407
2026-08-11,2026-09-24,10.290336480181544,10.1222425852494,10.451542510024913
2026-08-11,2026-09-25,10.291657926397384,10.132605441533926,10.440795241292165
2026-08-11,2026-09-26,10.292979372613226,10.117019455424783,10.455928173475984
2026-08-11,2026-09-27,10.294300818829068,10.118907091432664,10.462920814241334
2026-08-11,2026-09-28,10.295622265044909,10.116539276276894,10.47458215888104
2026-08-11,2026-09-29,10.296943711260752,10.113201491030646,10.479614151796524
2026-08-11,2026-09-30,10.298265157476592,10.115147829381016,10.482610294962354
2026-08-11,2026-10-01,10.299586603692433,10.107109921935429,10.48332297485496
2026-08-11,2026-10-02,10.300908049908276,10.115957509652544,10.49320271654657
2026-08-11,2026-10-03,10.302229496124117,10.118136062536207,10.487369966306556
2026-08-11,2026-10-04,10.303550942339958,10.09296576758203,10.496977259894413
2026-08-11,2026-10-05,10.3048723885558,10.10895158131344,10.50569066837324
2026-08-11,2026-10-06,10.30619383477164,10.084181273111763,10.526294010696422
2026-08-11,2026-10-07,10.307515280987484,10.074941807598762,10.522406834499757
2026-08-11,2026-10-08,10.308836727203325,10.090614614204746,10.540773889915409
2026-08-11,2026-10-09,10.310158173419168,10.095151059048565,10.532206474372312
2026-08-11,2026-10-10,10.311479619635008,10.08120355939392,10.543534024321756
2026-08-11,2026-10-11,10.31280106585085,10.0774533192777,10.532277466762364
2026-08-11,2026-10-12,10.31412251206669,10.05948830976087,10.552781874788282
2026-08-11,2026-10-13,10.315443958282533,10.06856664238192,10.555957557575097
2026-08-11,2026-10-14,10.316765404498376,10.06712726794463,10.554359756970296
2026-08-11,2026-10-15,10.318086850714216,10.064016914224103,10.579847722783237
2026-08-11,2026-10-16,10.319408296930057,10.062969971851434,10.581196032507291
2026-08-11,2026-10-17,10.3207297431459,10.04866613490335,10.585274395920372
2026-08-11,2026-10-18,10.32205118936174,10.045686968313191,10.584510579623174
2026-08-11,2026-10-19,10.32337263557758,10.042289865097468,10.618346668995768
2026-08-11,2026-10-20,10.324694081793425,10.039961033627238,10.603880759847566
2026-08-11,2026-10-21,10.326015528009265,10.01838848679318,10.6170340208271
2026-08-11,2026-10-22,10.327336974225105,10.036726586454956,10.635692066157478
2026-08-11,2026-10-23,10.328658420440949,10.03329243462886,10.621610952046376
2026-08-11,2026-10-24,10.329979866656789,10.01797027829574,10.635329400223537
2026-08-11,2026-10-25,10.33130131287263,10.011043965807154,10.648934624123427
2026-08-11,2026-10-26,10.332622759088473,10.01783815216896,10.653233536016396
2026-08-11,2026-10-27,10.333944205304311,10.002325129952784,10.66562278983053
2026-08-11,2026-10-28,10.335265651520157,9.981334132833751,10.672126557606305
2026-08-11,2026-10-29,10.336587097735997,10.00301816189113,10.674873571271585
2026-08-11,2026-10-30,10.33790854395184,9.993219262999956,10.700977106723345
2026-08-11,2026-10-31,10.33922999016768,9.983130040016077,10.692029634604683
2026-08-11,2026-11-01,10.340551436383524,9.986243665715763,10.723289232291837
2026-08-11,2026-11-02,10.341872882599365,9.976569132411692,10.716152183458608
2026-08-11,2026-11-03,10.343194328815205,9.957768355971304,10.725862066527007
2026-08-11,2026-11-04,10.344515775031049,9.95519895127763,10.73825872584903
2026-08-11,2026-11-05,10.345837221246889,9.943739927581266,10.723654826605769
2026-08-11,2026-11-06,10.347158667462727,9.926526902770554,10.746507893657268
2026-08-11,2026-11-07,10.348480113678573,9.9420440665995,10.74874281364639
2026-08-11,2026-11-08,10.349801559894413,9.917207302603794,10.766265976804124
2026-08-11,2026-11-09,10.351123006110251,9.925902329769135,10.760664774554057
2026-08-12,2026-08-13,10.241987147218266,10.147460028418871,10.336433203231367
2026-08-12,2026-08-14,10.24337771259979,10.148906267186751,10.334518270463986
2026-08-12,2026-08-15,10.244768277981311,10.147394633152016,10.342177150589052
2026-08-12,2026-08-16,10.246158843362837,10.15799846759545,10.344551951804544
2026-08-12,2026-08-17,10.247549408744357,10.153139950741796,10.34292186573844
2026-08-12,2026-08-18,10.24893997412588,10.145041982438004,10.35309170574022
2026-08-12,2026-08-19,10.2503305395074,10.159963906042051,10.350899902694984
2026-08-12,2026-08-20,10.251721104888924,10.154595231360668,10.343630143421784
2026-08-12,2026-08-21,10.253111670270448,10.157121127861672,10.352269925705953
2026-08-12,2026-08-22,10.25450223565197,10.157039965443587,10.355861204286892
2026-08-12,2026-08-23,10.255892801033491,10.158838664505907,10.353762576321865
2026-08-12,2026-08-24,10.257283366415017,10.162698886766297,10.35355116501173
2026-08-12,2026-08-25,10.25867393179654,10.16032210927624,10.36041913648613
2026-08-12,2026-08-26,10.26006449717806,10.155274407565663,10.35984631107462
2026-08-12,2026-08-27,10.261455062559584,10.162481244900947,10.363567098361168
2026-08-12,2026-08-28,10.262845627941104,10.162488830040251,10.359714361271587
2026-08-12,2026-08-29,10.264236193322628,10.156095070846254,10.378178929746031
2026-08-12,2026-08-30,10.26562675870415,10.149258379564342,10.371052909447446
2026-08-12,2026-08-31,10.267017324085671,10.161670390382458,10.372213818421583
2026-08-12,2026-09-01,10.268407889467197,10.161163525906002,10.385855442746823
2026-08-12,2026-09-02,10.269798454848718,10.159824358659122,10.369767832518752
2026-08-12,2026-09-03,10.271189020230242,10.162024748173115,10.375795576340897
2026-08-12,2026-09-04,10.272579585611764,10.161808725647656,10.379743125404596
2026-08-12,2026-09-05,10.273970150993286,10.1552825557298,10.385302120938288
2026-08-12,2026-09-06,10.275360716374808,10.159376964430985,10.3961745149703
2026-08-12,2026-09-07,10.276751281756331,10.152903255493912,10.387741558527772
2026-08-12,2026-09-08,10.278141847137851,10.14950888582923,10.395377340424382
2026-08-12,2026-09-09,10.279532412519377,10.1623762344377,10.403895514306727
2026-08-12,2026-09-10,10.280922977900898,10.151175916481703,10.41204469741258
2026-08-12,2026-09-11,10.282313543282422,10.150125120040435,10.400649051363846
2026-08-12,2026-09-12,10.283704108663944,10.152745072831696,10.40966556626616
2026-08-12,2026-09-13,10.285094674045467,10.155395001354748,10.42219802847288
2026-08-12,2026-09-14,10.28648523942699,10.14026374238438,10.416871204403616
2026-08-12,2026-09-15,10.287875804808513,10.14912994187958,10.421810007922536
2026-08-12,2026-09-16,10.289266370190036,10.144195695672735,10.42904596301499
2026-08-12,2026-09-17,10.290656935571556,10.15043423402392,10.43738905134732
2026-08-12,2026-09-18,10.29204750095308,10.14611188970399,10.43801933973667
2026-08-12,2026-09-19,10.293438066334602,10.145420050467742,10.44694030836962
2026-08-12,2026-09-20,10.294828631716124,10.132824575654146,10.442413299969058
2026-08-12,2026-09-21,10.296219197097647,10.14582226867046,10.447928896755425
2026-08-12,2026-09-22,10.297609762479173,10.135639203303178,10.460770462896514
2026-08-12,2026-09-23,10.299000327860693,10.116375891164544,10.468761236778038
2026-08-12,2026-09-24,10.300390893242216,10.131577100579673,10.469389165169533
2026-08-12,2026-09-25,10.301781458623738,10.122252378009398,10.478420744398838
2026-08-12,2026-09-26,10.30317202400526,10.115437489384115,10.474775294413105
2026-08-12,2026-09-27,10.304562589386784,10.111209703512516,10.49338869546749
2026-08-12,2026-09-28,10.305953154768304,10.127104237188826,10.480121943179409
2026-08-12,2026-09-29,10.307343720149827,10.097990292801963,10.494059583267749
2026-08-12,2026-09-30,10.30873428553135,10.08467790262911,10.500091450376075
2026-08-12,2026-10-01,10.310124850912874,10.090750716835098,10.507183950943064
2026-08-12,2026-10-02,10.311515416294396,10.110691432292573,10.524822566718292
2026-08-12,2026-10-03,10.312905981675918,10.092433883165262,10.529128161273285
2026-08-12,2026-10-04,10.314296547057442,10.089457276159356,10.527644384148497
2026-08-12,2026-10-05,10.315687112438964,10.080949440512745,10.532533817858296
2026-08-12,2026-10-06,10.317077677820487,10.077117774815456,10.54497714855086
2026-08-12,2026-10-07,10.318468243202007,10.088915691087498,10.575363110601389
2026-08-12,2026-10-08,10.319858808583533,10.070985031732029,10.5541347560604
2026-08-12,2026-10-09,10.321249373965054,10.067707930657582,10.55043422147985
2026-08-12,2026-10-10,10.322639939346576,10.046998028285202,10.574578510727251
2026-08-12,2026-10-11,10.3240305047281,10.035608375743989,10.587825218054912
2026-08-12,2026-10-12,10.325421070109622,10.047826068996596,10.60589647183333
2026-08-12,2026-10-13,10.326811635491143,10.051980199464158,10.59456284287225
2026-08-12,2026-10-14,10.328202200872669,10.04116630869918,10.609192919296287
2026-08-12,2026-10-15,10.32959276625419,10.029307357655966,10.607519172858106
2026-08-12,2026-10-16,10.330983331635712,10.031333286711371,10.615413889756718
2026-08-12,2026-10-17,10.332373897017236,10.045029927679666,10.631422634763451
2026-08-12,2026-10-18,10.333764462398758,10.025497688329011,10.626588829021715
2026-08-12,2026-10-19,10.335155027780282,10.002645518567611,10.641880142387604
2026-08-12,2026-10-20,10.336545593161803,10.021348841698568,10.642606777287703
2026-08-12,2026-10-21,10.337936158543323,9.993058258646926,10.659099174185046
2026-08-12,2026-10-22,10.339326723924849,9.993750157489616,10.637404690307797
2026-08-12,2026-10-23,10.34071728930637,9.993536827218794,10.665292487342793
2026-08-12,2026-10-24,10.342107854687894,9.985814884452928,10.68220005515048
2026-08-12,2026-10-25,10.343498420069416,9.980186560959208,10.683105981450682
2026-08-12,2026-10-26,10.34488898545094,9.979384507695896,10.680078635557413
2026-08-12,2026-10-27,10.34627955083246,9.975478716992068,10.67284180656027
2026-08-12,2026-10-28,10.347670116213983,9.959013974940506,10.70159388832666
2026-08-12,2026-10-29,10.349060681595509,9.95612060182671,10.71110043686754
2026-08-12,2026-10-30,10.350451246977029,9.928302122180495,10.71656852513676
2026-08-12,2026-10-31,10.351841812358552,9.92460257095636,10.742933170465705
2026-08-12,2026-11-01,10.353232377740074,9.940753544194664,10.740762867378532
2026-08-12,2026-11-02,10.354622943121598,9.934885186342552,10.73260188158586
2026-08-12,2026-11-03,10.35601350850312,9.928828979288078,10.75691962901737
2026-08-12,2026-11-04,10.357404073884643,9.910052260332456,10.758831832758334
2026-08-12,2026-11-05,10.358794639266163,9.890809258188767,10.757862458784034
2026-08-12,2026-11-06,10.360185204647689,9.894580396904257,10.769561011151431
2026-08-12,2026-11-07,10.36157577002921,9.8918682428061,10.796370768185527
2026-08-12,2026-11-08,10.362966335410732,9.894517624354656,10.794864824102277
2026-08-12,2026-11-09,10.364356900792256,9.859078558144926,10.784511903924088
2026-08-12,2026-11-10,10.365747466173778,9.848351983701214,10.828681777824514
2026-08-13,2026-08-14,10.250882336052008,10.154241657375318,10.355747939218585
2026-08-13,2026-08-15,10.252342921918933,10.159821475306952,10.35024562099921
2026-08-13,2026-08-16,10.25380350778586,10.15857560306934,10.355798354966144
2026-08-13,2026-08-17,10.255264093652784,10.155630248344384,10.354337213446351
2026-08-13,2026-08-18,10.25672467951971,10.160996620430742,10.36424090487018
2026-08-13,2026-08-19,10.258185265386636,10.155510369807324,10.356733772887049
2026-08-13,2026-08-20,10.25964585125356,10.160894259832313,10.355480480388929
2026-08-13,2026-08-21,10.261106437120487,10.159073408444954,10.35902841747556
2026-08-13,2026-08-22,10.262567022987412,10.168695386309858,10.35804155841693
2026-08-13,2026-08-23,10.264027608854338,10.161298979503036,10.36255269226658
2026-08-13,2026-08-24,10.265488194721264,10.158723906591444,10.367053285010378
2026-08-13,2026-08-25,10.266948780588187,10.166459050750122,10.363990846597906
2026-08-13,2026-08-26,10.268409366455115,10.177929755986758,10.376659187831295
2026-08-13,2026-08-27,10.26986995232204,10.163213605690194,10.375440894448095
2026-08-13,2026-08-28,10.271330538188964,10.173971195994586,10.37803019441659
2026-08-13,2026-08-29,10.27279112405589,10.170439868164516,10.37944955768259
2026-08-13,2026-08-30,10.274251709922815,10.175118126445264,10.380298747445709
2026-08-13,2026-08-31,10.275712295789742,10.178927659124566,10.387768934011662
2026-08-13,2026-09-01,10.277172881656668,10.174298053236164,10.38529433810132
2026-08-13,2026-09-02,10.278633467523592,10.170470474584596,10.389667159820991
2026-08-13,2026-09-03,10.28009405339052,10.17552966384741,10.392086254410234
2026-08-13,2026-09-04,10.281554639257443,10.173864187633438,10.38716344003018
2026-08-13,2026-09-05,10.28301522512437,10.175207537633057,10.39850328754974
2026-08-13,2026-09-06,10.284475810991294,10.169147539426437,10.397434371772954
2026-08-13,2026-09-07,10.28593639685822,10.171461640335211,10.406785633330228
2026-08-13,2026-09-08,10.287396982725149,10.17556562400964,10.403986731529873
2026-08-13,2026-09-09,10.288857568592071,10.163115067829532,10.401279085157372
2026-08-13,2026-09-10,10.290318154458998,10.171482024305968,10.416790961918595
2026-08-13,2026-09-11,10.291778740325922,10.171982654118134,10.417901239311488
2026-08-13,2026-09-12,10.293239326192849,10.169938476730035,10.415205132010003
2026-08-13,2026-09-13,10.294699912059777,10.16685575140469,10.429112568047868
2026-08-13,2026-09-14,10.2961604979267,10.170729278495836,10.427908074847888
2026-08-13,2026-09-15,10.297621083793626,10.165789951516318,10.44184215008297
2026-08-13,2026-09-16,10.29908166966055,10.169084240506525,10.430456673676169
2026-08-13,2026-09-17,10.300542255527477,10.160813798284668,10.438243740609344
2026-08-13,2026-09-18,10.302002841394405,10.167119822092817,10.441503647408592
2026-08-13,2026-09-19,10.303463427261327,10.159852257495986,10.460127274913487
2026-08-13,2026-09-20,10.304924013128252,10.14809790398283,10.441276819253853
2026-08-13,2026-09-21,10.306384598995178,10.164878941597394,10.455811133571917
2026-08-13,2026-09-22,10.307845184862105,10.162638877569895,10.461778741613834
2026-08-13,2026-09-23,10.30930577072903,10.144392050874242,10.468628032348512
2026-08-13,2026-09-24,10.310766356595956,10.148749576062912,10.479471646661066
2026-08-13,2026-09-25,10.31222694246288,10.152541965170766,10.471950296316368
2026-08-13,2026-09-26,10.313687528329806,10.146123058977947,10.491813623631275
2026-08-13,2026-09-27,10.315148114196733,10.144987614539426,10.495689392006131
2026-08-13,2026-09-28,10.316608700063655,10.141521123405363,10.486155368773913
2026-08-13,2026-09-29,10.318069285930582,10.135544994180924,10.496547901376957
2026-08-13,2026-09-30,10.319529871797508,10.14969906026131,10.50809457937924
2026-08-13,2026-10-01,10.320990457664434,10.133445249203833,10.52171453576543
2026-08-13,2026-10-02,10.32245104353136,10.13989493153814,10.524941483239852
2026-08-13,2026-10-03,10.323911629398284,10.13004131263513,10.52944837408773
2026-08-13,2026-10-04,10.32537221526521,10.128459707266703,10.536259077295703
2026-08-13,2026-10-05,10.326832801132136,10.13150879626333,10.53257218660483
2026-08-13,2026-10-06,10.328293386999064,10.1148550693956,10.543719787291137
2026-08-13,2026-10-07,10.329753972865989,10.121485461065232,10.555277734721493
2026-08-13,2026-10-08,10.331214558732912,10.119338666638043,10.552385275200969
2026-08-13,2026-10-09,10.332675144599838,10.101554477065877,10.571511487477045
2026-08-13,2026-10-10,10.334135730466764,10.108771556211924,10.577719354412087
2026-08-13,2026-10-11,10.33559631633369,10.100134548379868,10.578840549041844
2026-08-13,2026-10-12,10.337056902200615,10.100414889240636,10.60425165265472
2026-08-13,2026-10-13,10.33851748806754,10.09922239306628,10.607366430953231
2026-08-13,2026-10-14,10.339978073934466,10.082854797426714,10.590550092374794
2026-08-13,2026-10-15,10.341438659801392,10.093596994535869,10.611846442556246
2026-08-13,2026-10-16,10.342899245668317,10.073837796465572,10.617593853215856
2026-08-13,2026-10-17,10.344359831535243,10.082677999798536,10.63334789628009
2026-08-13,2026-10-18,10.345820417402168,10.098192247424628,10.63454990700173
2026-08-13,2026-10-19,10.347281003269094,10.07327470682754,10.654407330547068
2026-08-13,2026-10-20,10.34874158913602,10.061374375439089,10.654022174667707
2026-08-13,2026-10-21,10.350202175002943,10.061025131356772,10.677857505254469
2026-08-13,2026-10-22,10.35166276086987,10.057488590389935,10.670275367030804
2026-08-13,2026-10-23,10.353123346736796,10.034613754226372,10.687008412243234
2026-08-13,2026-10-24,10.354583932603722,10.047481059582523,10.68834492417494
2026-08-13,2026-10-25,10.356044518470648,10.040768426427206,10.70138461182396
2026-08-13,2026-10-26,10.357505104337571,10.027917305209844,10.70794670717969
2026-08-13,2026-10-27,10.358965690204498,10.017838997694922,10.720112945789683
2026-08-13,2026-10-28,10.360426276071424,10.03506553821579,10.720623361766854
2026-08-13,2026-10-29,10.36188686193835,9.99759327123853,10.738178021511647
2026-08-13,2026-10-30,10.363347447805277,10.030909924056107,10.732615142270072
2026-08-13,2026-10-31,10.3648080336722,9.990680922844035,10.774592004981114
2026-08-13,2026-11-01,10.366268619539126,10.013677824566912,10.767107729384742
2026-08-13,2026-11-02,10.367729205406052,10.014294612722468,10.75782088933128
2026-08-13,2026-11-03,10.369189791272976,9.997941834104294,10.772954135963628
2026-08-13,2026-11-04,10.370650377139905,9.986614839560378,10.764203850029014
2026-08-13,2026-11-05,10.372110963006827,9.985569083293584,10.798749412355305
2026-08-13,2026-11-06,10.373571548873754,9.993775466743283,10.803615609087318
2026-08-13,2026-11-07,10.37503213474068,9.994473412771905,10.821850803758736
2026-08-13,2026-11-08,10.376492720607605,9.96384330789191,10.816013010994595
2026-08-13,2026-11-09,10.377953306474527,9.97281005320519,10.847391465470071
2026-08-13,2026-11-10,10.379413892341455,9.96247801939499,10.856225946376057
2026-08-13,2026-11-11,10.380874478208382,9.943710846785208,10.873314682238997
2026-08-14,2026-08-15,10.259620459697812,10.154147176230875,10.360352863096493
2026-08-14,2026-08-16,10.261159835182102,10.164605850749568,10.361100408336211
2026-08-14,2026-08-17,10.262699210666394,10.163486820525742,10.361563093728112
2026-08-14,2026-08-18,10.264238586150686,10.153451292216948,10.36424603663736
2026-08-14,2026-08-19,10.26577796163498,10.172876497526149,10.369083051047292
2026-08-14,2026-08-20,10.267317337119271,10.177063086945497,10.36968852560251
2026-08-14,2026-08-21,10.268856712603563,10.173227704656918,10.377324516355744
2026-08-14,2026-08-22,10.270396088087857,10.174836378271854,10.372725554944893
2026-08-14,2026-08-23,10.271935463572149,10.17404458659704,10.36860325851829
2026-08-14,2026-08-24,10.27347483905644,10.170880306132544,10.365882816946478
2026-08-14,2026-08-25,10.275014214540732,10.178135204451358,10.37414368824644
2026-08-14,2026-08-26,10.276553590025022,10.177461087317925,10.376813195255794
2026-08-14,2026-08-27,10.278092965509314,10.179376120050714,10.373796574032587
2026-08-14,2026-08-28,10.279632340993608,10.173165112589098,10.389159616493613
2026-08-14,2026-08-29,10.2811717164779,10.182287088418112,10.382146137108029
2026-08-14,2026-08-30,10.282711091962192,10.177317093537978,10.390764601608195
2026-08-14,2026-08-31,10.284250467446483,10.17965891226854,10.386769684682523
2026-08-14,2026-09-01,10.285789842930775,10.18350989164061,10.393887984194516
2026-08-14,2026-09-02,10.287329218415069,10.183543564017432,10.398453000145228
2026-08-14,2026-09-03,10.28886859389936,10.183839694769125,10.407077826955367
2026-08-14,2026-09-04,10.290407969383653,10.182994193082138,10.395396575437156
2026-08-14,2026-09-05,10.291947344867944,10.180018964376238,10.399619736316223
2026-08-14,2026-09-06,10.293486720352236,10.17368316799031,10.409199554237858
2026-08-14,2026-09-07,10.295026095836528,10.185508338949797,10.40846358619678
2026-08-14,2026-09-08,10.29656547132082,10.186993906862856,10.415245654509452
2026-08-14,2026-09-09,10.298104846805112,10.182887658862745,10.414505080808611
2026-08-14,2026-09-10,10.299644222289404,10.174267755157944,10.408880849225218
2026-08-14,2026-09-11,10.301183597773695,10.184624033633256,10.4205826982635
2026-08-14,2026-09-12,10.302722973257987,10.175943176596972,10.43310479212576
2026-08-14,2026-09-13,10.30426234874228,10.184124874966075,10.434142483286944
2026-08-14,2026-09-14,10.305801724226573,10.191066461118972,10.418601405774076
2026-08-14,2026-09-15,10.307341099710865,10.184560944302644,10.443833504312504
2026-08-14,2026-09-16,10.308880475195156,10.179143013827074,10.43979041479853
2026-08-14,2026-09-17,10.310419850679448,10.17123006130117,10.443216654194682
2026-08-14,2026-09-18,10.31195922616374,10.180407720483103,10.443522757888672
2026-08-14,2026-09-19,10.313498601648032,10.174641013535542,10.450411643629018
2026-08-14,2026-09-20,10.315037977132324,10.18207377261994,10.460407254859652
2026-08-14,2026-09-21,10.316577352616616,10.176387607557496,10.471492324732235
2026-08-14,2026-09-22,10.31811672810091,10.18602330038445,10.45904776914006
2026-08-14,2026-09-23,10.3196561035852,10.171462548744593,10.478260833779837
2026-08-14,2026-09-24,10.321195479069493,10.17777270995846,10.479069553878952
2026-08-14,2026-09-25,10.322734854553785,10.169402339604682,10.492180384162843
2026-08-14,2026-09-26,10.324274230038077,10.171932923842563,10.49579412328445
2026-08-14,2026-09-27,10.325813605522368,10.16909403302733,10.494443402968509
2026-08-14,2026-09-28,10.32735298100666,10.164628001371034,10.487867934485852
2026-08-14,2026-09-29,10.328892356490952,10.16069136018287,10.511417369801087
2026-08-14,2026-09-30,10.330431731975244,10.15946768346433,10.51065895425388
2026-08-14,2026-10-01,10.331971107459536,10.157271781451108,10.50316382639836
2026-08-14,2026-10-02,10.33351048294383,10.143237519218728,10.515537223696084
2026-08-14,2026-10-03,10.33504985842812,10.147312652666166,10.51427660462969
2026-08-14,2026-10-04,10.336589233912411,10.149280200367553,10.524928257335606
2026-08-14,2026-10-05,10.338128609396705,10.157717359804252,10.537704463308264
2026-08-14,2026-10-06,10.339667984880997,10.133564491747512,10.54434705208147
2026-08-14,2026-10-07,10.341207360365289,10.142402659596277,10.547686316175314
2026-08-14,2026-10-08,10.34274673584958,10.12640086441588,10.557945034840053
2026-08-14,2026-10-09,10.344286111333872,10.129460335840353,10.567165391433134
2026-08-14,2026-10-10,10.345825486818164,10.130875547657444,10.565015980979975
2026-08-14,2026-10-11,10.347364862302458,10.113026912753565,10.574577857554974
2026-08-14,2026-10-12,10.34890423778675,10.129505254556216,10.587198701093564
2026-08-14,2026-10-13,10.35044361327104,10.111271294153564,10.586013953254898
2026-08-14,2026-10-14,10.351982988755331,10.118936621741527,10.584280785128476
2026-08-14,2026-10-15,10.353522364239623,10.121852191923802,10.602483866424178
2026-08-14,2026-10-16,10.355061739723917,10.103378698200334,10.62340476277914
2026-08-14,2026-10-17,10.35660111520821,10.098382481451823,10.616853543989254
2026-08-14,2026-10-18,10.3581404906925,10.101231404848104,10.628916211998376
2026-08-14,2026-10-19,10.359679866176792,10.099003514810844,10.611846044285524
2026-08-14,2026-10-20,10.361219241661086,10.104891154783196,10.642025220495816
2026-08-14,2026-10-21,10.362758617145378,10.094067231111138,10.660399462723614
2026-08-14,2026-10-22,10.36429799262967,10.085804952187743,10.649715964337462
2026-08-14,2026-10-23,10.365837368113962,10.080712954803518,10.663082111862144
2026-08-14,2026-10-24,10.367376743598252,10.09982949800123,10.67358029255226
2026-08-14,2026-10-25,10.368916119082543,10.079418010182502,10.66844643948258
2026-08-14,2026-10-26,10.37045549456684,10.059168198230548,10.682621115565064
2026-08-14,2026-10-27,10.37199487005113,10.079261520656566,10.683334225541468
2026-08-14,2026-10-28,10.37353424553542,10.073292048863552,10.71460269872219
2026-08-14,2026-10-29,10.375073621019714,10.055473940978937,10.697641621543385
2026-08-14,2026-10-30,10.376612996504006,10.060493271472186,10.720883398742894
2026-08-14,2026-10-31,10.378152371988298,10.0542376550174,10.707050456684945
2026-08-14,2026-11-01,10.37969174747259,10.059863487484773,10.73969352847228
2026-08-14,2026-11-02,10.381231122956882,10.022494773659377,10.742792568248053
2026-08-14,2026-11-03,10.382770498441174,10.042588518744404,10.742013779975553
2026-08-14,2026-11-04,10.384309873925467,10.0306762890685,10.75012416709968
2026-08-14,2026-11-05,10.38584924940976,10.03507977850753,10.76656634432054
2026-08-14,2026-11-06,10.38738862489405,10.018311345201807,10.77335827213086
2026-08-14,2026-11-07,10.38892800037834,10.038887187804338,10.781305317244374
2026-08-14,2026-11-08,10.390467375862634,10.022347413198608,10.807744411517838
2026-08-14,2026-11-09,10.392006751346926,10.005840586037332,10.79276208509418
2026-08-14,2026-11-10,10.393546126831218,10.010410551302233,10.800733805268306
2026-08-14,2026-11-11,10.39508550231551,10.015466365499751,10.807121303905843
2026-08-14,2026-11-12,10.396624877799802,9.99648868286082,10.819474205502711
2026-08-15,2026-08-15,10.259620459697812,10.156141315324614,10.35275271557665
2026-08-15,2026-08-16,10.261159835182102,10.15751248222377,10.36154924067936
2026-08-15,2026-08-17,10.262699210666394,10.164538358688798,10.364890654607091
2026-08-15,2026-08-18,10.264238586150686,10.171608838444936,10.366636948305876
2026-08-15,2026-08-19,10.26577796163498,10.165317636881824,10.362616094660304
2026-08-15,2026-08-20,10.267317337119271,10.16544781795531,10.370339081809918
2026-08-15,2026-08-21,10.268856712603563,10.16068717550896,10.377549533765372
2026-08-15,2026-08-22,10.270396088087857,10.168616043824748,10.37198719956837
2026-08-15,2026-08-23,10.271935463572149,10.172357270051448,10.371979055776285
2026-08-15,2026-08-24,10.27347483905644,10.173375728986128,10.376787514765738
2026-08-15,2026-08-25,10.275014214540732,10.177046206350004,10.380104440573556
2026-08-15,2026-08-26,10.276553590025022,10.177208113006945,10.381173028493969
2026-08-15,2026-08-27,10.278092965509314,10.179130908123115,10.388958708207728
2026-08-15,2026-08-28,10.279632340993608,10.18316831669826,10.377449409370982
2026-08-15,2026-08-29,10.2811717164779,10.169096809078578,10.380574346930128
2026-08-15,2026-08-30,10.282711091962192,10.184856222052357,10.390421501614432
2026-08-15,2026-08-31,10.284250467446483,10.182320628459925,10.390647326095843
2026-08-15,2026-09-01,10.285789842930775,10.179993039152262,10.394499313746763
2026-08-15,2026-09-02,10.287329218415069,10.182145072234178,10.39394004695413
2026-08-15,2026-09-03,10.28886859389936,10.181228145176414,10.4056348456496
2026-08-15,2026-09-04,10.290407969383653,10.176576749292014,10.408715151809892
2026-08-15,2026-09-05,10.291947344867944,10.189107619973662,10.405258191059142
2026-08-15,2026-09-06,10.293486720352236,10.179119196761476,10.401910684629485
2026-08-15,2026-09-07,10.295026095836528,10.184788821303956,10.404748206611908
2026-08-15,2026-09-08,10.29656547132082,10.181499171265475,10.416032699768122
2026-08-15,2026-09-09,10.298104846805112,10.188961671739133,10.413761028599222
2026-08-15,2026-09-10,10.299644222289404,10.18525687662994,10.423447492445392
2026-08-15,2026-09-11,10.301183597773695,10.18602667071709,10.427398374835558
2026-08-15,2026-09-12,10.302722973257987,10.18084725585318,10.428208821728274
2026-08-15,2026-09-13,10.30426234874228,10.16844954136212,10.4199342354032
2026-08-15,2026-09-14,10.305801724226573,10.18093424112849,10.440065576682777
2026-08-15,2026-09-15,10.307341099710865,10.173886799775357,10.439527886878793
2026-08-15,2026-09-16,10.308880475195156,10.186696734089114,10.440282417716576
2026-08-15,2026-09-17,10.310419850679448,10.181650617118349,10.448856340898663
2026-08-15,2026-09-18,10.31195922616374,10.176514750661452,10.45743845914152
2026-08-15,2026-09-19,10.313498601648032,10.160688870859156,10.45588981770486
2026-08-15,2026-09-20,10.315037977132324,10.183824804002866,10.45393278201721
2026-08-15,2026-09-21,10.316577352616616,10.1817613935971,10.460093711560695
2026-08-15,2026-09-22,10.31811672810091,10.17876515327258,10.468869350460684
2026-08-15,2026-09-23,10.3196561035852,10.172713626215351,10.471374338574586
2026-08-15,2026-09-24,10.321195479069493,10.178179157650344,10.47715260762214
2026-08-15,2026-09-25,10.322734854553785,10.17541517986809,10.479869949270196
2026-08-15,2026-09-26,10.324274230038077,10.165732830751269,10.4842421390258
2026-08-15,2026-09-27,10.325813605522368,10.180465838134245,10.503387349318198
2026-08-15,2026-09-28,10.32735298100666,10.166184712225265,10.504356902829796
2026-08-15,2026-09-29,10.328892356490952,10.157212687276116,10.505503984939308
2026-08-15,2026-09-30,10.330431731975244,10.167869907328232,10.517356378007507
2026-08-15,2026-10-01,10.331971107459536,10.172770969389246,10.515949730648927
2026-08-15,2026-10-02,10.33351048294383,10.164316832009288,10.538217943059308
2026-08-15,2026-10-03,10.33504985842812,10.152128521344045,10.519804146382087
2026-08-15,2026-10-04,10.336589233912411,10.170396680702575,10.54658821174442
2026-08-15,2026-10-05,10.338128609396705,10.140528234383789,10.533605056763436
2026-08-15,2026-10-06,10.339667984880997,10.145168814726324,10.541704047908713
2026-08-15,2026-10-07,10.341207360365289,10.145837356359005,10.550463207311337
2026-08-15,2026-10-08,10.34274673584958,10.13846477432679,10.582130975273282
2026-08-15,2026-10-09,10.344286111333872,10.132461533453846,10.571756048078488
2026-08-15,2026-10-10,10.345825486818164,10.140021080628134,10.600361337352066
2026-08-15,2026-10-11,10.347364862302458,10.137542023511177,10.588480915612893
2026-08-15,2026-10-12,10.34890423778675,10.136533287656531,10.606918940121856
2026-08-15,2026-10-13,10.35044361327104,10.122970368028236,10.595674588923304
2026-08-15,2026-10-14,10.351982988755331,10.127326345035014,10.615511597097056
2026-08-15,2026-10-15,10.353522364239623,10.11833907446112,10.621932773727444
2026-08-15,2026-10-16,10.355061739723917,10.11905324338264,10.636335916312738
2026-08-15,2026-10-17,10.35660111520821,10.118430875875251,10.637340973409293
2026-08-15,2026-10-18,10.3581404906925,10.104047352515584,10.661900174075944
2026-08-15,2026-10-19,10.359679866176792,10.104809648652363,10.67248920514035
2026-08-15,2026-10-20,10.361219241661086,10.09391480494638,10.667485798295724
2026-08-15,2026-10-21,10.362758617145378,10.091635831313994,10.696547607665774
2026-08-15,2026-10-22,10.36429799262967,10.103373221250113,10.676095676383168
2026-08-15,2026-10-23,10.365837368113962,10.09707000768771,10.70302496772849
2026-08-15,2026-10-24,10.367376743598252,10.086020122136,10.71699169649153
2026-08-15,2026-10-25,10.368916119082543,10.085690673987257,10.71824182930582
2026-08-15,2026-10-26,10.37045549456684,10.074211164843383,10.707167866720098
2026-08-15,2026-10-27,10.37199487005113,10.073349586634276,10.745629302812649
2026-08-15,2026-10-28,10.37353424553542,10.080434605151884,10.742373464372395
2026-08-15,2026-10-29,10.375073621019714,10.061273401146332,10.75726432773418
2026-08-15,2026-10-30,10.376612996504006,10.045167920370169,10.74683267367356
2026-08-15,2026-10-31,10.378152371988298,10.055767283661698,10.780493392307893
2026-08-15,2026-11-01,10.37969174747259,10.029523545094648,10.761572248245828
2026-08-15,2026-11-02,10.381231122956882,10.042801042783012,10.779718775462392
2026-08-15,2026-11-03,10.382770498441174,10.041994137118271,10.78487836715051
2026-08-15,2026-11-04,10.384309873925467,10.046062205802809,10.819585434037634
2026-08-15,2026-11-05,10.38584924940976,10.038986107940325,10.82116581211217
2026-08-15,2026-11-06,10.38738862489405,10.018773711911743,10.812338525285371
2026-08-15,2026-11-07,10.38892800037834,10.011957615549552,10.830923073740443
2026-08-15,2026-11-08,10.390467375862634,10.040651697641952,10.802795382607265
2026-08-15,2026-11-09,10.392006751346926,10.01355493819661,10.839426735953367
2026-08-15,2026-11-10,10.393546126831218,10.00244145889388,10.843710573445154
2026-08-15,2026-11-11,10.39508550231551,9.995347964662406,10.8550013438136
2026-08-15,2026-11-12,10.396624877799802,9.986231068349811,10.867023559023336
2026-08-16,2026-08-15,10.259620459697812,10.163577410659183,10.355567132953924
2026-08-16,2026-08-16,10.261159835182102,10.158550185497853,10.365394904283937
2026-08-16,2026-08-17,10.262699210666394,10.157400058647388,10.35916272025727
2026-08-16,2026-08-18,10.264238586150686,10.167346071662644,10.358412688920101
2026-08-16,2026-08-19,10.26577796163498,10.162650461972039,10.364780040267124
2026-08-16,2026-08-20,10.267317337119271,10.170607466316081,10.369632659332945
2026-08-16,2026-08-21,10.268856712603563,10.17432127453999,10.378383354550495
2026-08-16,2026-08-22,10.270396088087855,10.16777461276552,10.36480470276499
2026-08-16,2026-08-23,10.271935463572147,10.169763101231664,10.37673055808117
2026-08-16,2026-08-24,10.273474839056439,10.172853473181705,10.372835273299673
2026-08-16,2026-08-25,10.275014214540732,10.178129529719035,10.375070298191975
2026-08-16,2026-08-26,10.276553590025022,10.176653198713336,10.383095538409995
2026-08-16,2026-08-27,10.278092965509314,10.181397672543547,10.386948957564774
2026-08-16,2026-08-28,10.279632340993608,10.175292184223075,10.384032596389396
2026-08-16,2026-08-29,10.2811717164779,10.17986753322495,10.385088693956066
2026-08-16,2026-08-30,10.282711091962192,10.177721769149793,10.394685625366375
2026-08-16,2026-08-31,10.284250467446483,10.184695690708619,10.384247294887556
2026-08-16,2026-09-01,10.285789842930775,10.179838818106973,10.392812172376694
2026-08-16,2026-09-02,10.287329218415067,10.180776191758197,10.395115997387908
2026-08-16,2026-09-03,10.28886859389936,10.180314079548332,10.39528753687486
2026-08-16,2026-09-04,10.290407969383653,10.18457948751326,10.40633590992067
2026-08-16,2026-09-05,10.291947344867943,10.18659797307397,10.411521497867529
2026-08-16,2026-09-06,10.293486720352236,10.176807254056174,10.405412264719438
2026-08-16,2026-09-07,10.295026095836528,10.181314848731212,10.412974332581683
2026-08-16,2026-09-08,10.29656547132082,10.176339574597876,10.411113161151302
2026-08-16,2026-09-09,10.298104846805112,10.175660526377255,10.415697200681876
2026-08-16,2026-09-10,10.299644222289404,10.181445006322292,10.41481285117321
2026-08-16,2026-09-11,10.301183597773695,10.17944438086633,10.425179993343788
2026-08-16,2026-09-12,10.302722973257987,10.177168850290915,10.430578418369645
2026-08-16,2026-09-13,10.30426234874228,10.180745320997525,10.434873152472646
2026-08-16,2026-09-14,10.305801724226573,10.188108745142832,10.439862887575815
2026-08-16,2026-09-15,10.307341099710865,10.180840345034175,10.443752479762363
2026-08-16,2026-09-16,10.308880475195156,10.174055535326586,10.44194187163227
2026-08-16,2026-09-17,10.310419850679448,10.185740060242754,10.447888024645334
2026-08-16,2026-09-18,10.31195922616374,10.182575834370235,10.469769629300307
2026-08-16,2026-09-19,10.313498601648032,10.170530379052359,10.468205751121014
2026-08-16,2026-09-20,10.315037977132324,10.169801180131131,10.46588656005838
2026-08-16,2026-09-21,10.316577352616616,10.180975004322812,10.466630370534885
2026-08-16,2026-09-22,10.31811672810091,10.182197938106805,10.466026695286448
2026-08-16,2026-09-23,10.319656103585201,10.170400540032494,10.468955837499847
2026-08-16,2026-09-24,10.321195479069493,10.155691743933497,10.492841189297375
2026-08-16,2026-09-25,10.322734854553785,10.171517319661943,10.501529437221516
2026-08-16,2026-09-26,10.324274230038077,10.165670574181757,10.497283316300745
2026-08-16,2026-09-27,10.325813605522368,10.17854368823522,10.501168860844123
2026-08-16,2026-09-28,10.32735298100666,10.166224472808542,10.501436621360359
2026-08-16,2026-09-29,10.328892356490952,10.165140590053957,10.520596765775364
2026-08-16,2026-09-30,10.330431731975244,10.154660695275807,10.51691992350316
2026-08-16,2026-10-01,10.331971107459536,10.160609357123734,10.526447838987574
2026-08-16,2026-10-02,10.33351048294383,10.15126957902817,10.537042462476643
2026-08-16,2026-10-03,10.335049858428121,10.149433771231074,10.542924959995423
2026-08-16,2026-10-04,10.336589233912413,10.162836213854002,10.543211529348804
2026-08-16,2026-10-05,10.338128609396705,10.15516144722927,10.5479114279521
2026-08-16,2026-10-06,10.339667984880997,10.142403305717957,10.557387003952996
2026-08-16,2026-10-07,10.341207360365289,10.132596998517567,10.553154048217536
2026-08-16,2026-10-08,10.34274673584958,10.143686480851699,10.575145174282154
2026-08-16,2026-10-09,10.344286111333872,10.136071671247036,10.591703158945084
2026-08-16,2026-10-10,10.345825486818164,10.134882572844846,10.573074809575036
2026-08-16,2026-10-11,10.347364862302458,10.13327992442502,10.588738239027679
2026-08-16,2026-10-12,10.34890423778675,10.12578422682552,10.609551677405118
2026-08-16,2026-10-13,10.350443613271041,10.122928411590001,10.604686990787078
2026-08-16,2026-10-14,10.351982988755333,10.122554364022507,10.602917876461994
2026-08-16,2026-10-15,10.353522364239625,10.107294471660852,10.618861510378824
2026-08-16,2026-10-16,10.355061739723917,10.103290368070875,10.635656364564054
2026-08-16,2026-10-17,10.35660111520821,10.102595335695115,10.641834013975092
2026-08-16,2026-10-18,10.3581404906925,10.100678045020933,10.641654524121611
2026-08-16,2026-10-19,10.359679866176792,10.099184075814538,10.660719662524045
2026-08-16,2026-10-20,10.361219241661086,10.089552014731343,10.666597435822757
2026-08-16,2026-10-21,10.362758617145378,10.097039950270947,10.656323076498532
2026-08-16,2026-10-22,10.36429799262967,10.071874890102587,10.667000627056872
2026-08-16,2026-10-23,10.365837368113962,10.073308628560056,10.677190739803532
2026-08-16,2026-10-24,10.367376743598253,10.086874768634477,10.681614132615996
2026-08-16,2026-10-25,10.368916119082545,10.058247615241731,10.698257746930942
2026-08-16,2026-10-26,10.370455494566839,10.048907435249419,10.707179957863637
2026-08-16,2026-10-27,10.37199487005113,10.050957756638546,10.719563773090828
2026-08-16,2026-10-28,10.37353424553542,10.058016435759187,10.737458649693128
2026-08-16,2026-10-29,10.375073621019714,10.049391629684331,10.744594952858666
2026-08-16,2026-10-30,10.376612996504006,10.024245323408431,10.740212389069896
2026-08-16,2026-10-31,10.378152371988298,10.053622423757723,10.735883396686457
2026-08-16,2026-11-01,10.37969174747259,10.01532940251284,10.745781984163333
2026-08-16,2026-11-02,10.381231122956882,10.02580771033243,10.770093310896112
2026-08-16,2026-11-03,10.382770498441174,10.016310458193379,10.791882906603568
2026-08-16,2026-11-04,10.384309873925467,10.008153274245283,10.789681718719736
2026-08-16,2026-11-05,10.385849249409759,10.000318461147048,10.803179599532672
2026-08-16,2026-11-06,10.38738862489405,10.017031799708025,10.786664727888416
2026-08-16,2026-11-07,10.38892800037834,10.004721535057353,10.806629487820302
2026-08-16,2026-11-08,10.390467375862634,10.022867753904139,10.814136906724823
2026-08-16,2026-11-09,10.392006751346926,10.00665498989623,10.832040387186618
2026-08-16,2026-11-10,10.393546126831218,9.984760689038863,10.835723282074891
2026-08-16,2026-11-11,10.39508550231551,9.967674765457419,10.836332521004026
2026-08-16,2026-11-12,10.396624877799802,9.960886024386221,10.852442485676567
