{
  "model": "arima",
  "mae": 0.03652333333333339,
  "rmse": 0.04673037199366885,
  "mape": 0.7600413300289528,
  "test_size": 30,
  "changepoint_range": null,
  "arima_order": [
    0,
    1,
    0
  ],
  "alternative_model": "prophet",
  "alternative_mape": 1.5494422128442062
}