{
  "model": "arima",
  "mae": 0.013046383047196918,
  "rmse": 0.015552975460743959,
  "mape": 0.19102816593373226,
  "test_size": 30,
  "changepoint_range": null,
  "arima_order": [
    1,
    1,
    1
  ],
  "alternative_model": "prophet",
  "alternative_mape": 0.23341160868639343
}