{
  "model": "arima",
  "mae": 0.32991947260797877,
  "rmse": 0.39019984238936917,
  "mape": 1.0058154963548251,
  "test_size": 30,
  "changepoint_range": null,
  "arima_order": [
    1,
    1,
    1
  ],
  "alternative_model": "prophet",
  "alternative_mape": 1.2452911408379734
}