{
  "model": "arima",
  "mae": 0.05430000000000013,
  "rmse": 0.06426382600914257,
  "mape": 1.132482139131045,
  "test_size": 30,
  "changepoint_range": null,
  "arima_order": [
    0,
    1,
    0
  ],
  "alternative_model": "prophet",
  "alternative_mape": 1.5521695752275042
}