{
  "model": "prophet",
  "mae": 0.013983711237848695,
  "rmse": 0.01520215994491647,
  "mape": 0.109849857245166,
  "test_size": 30,
  "changepoint_range": 0.95,
  "arima_order": null,
  "alternative_model": "arima",
  "alternative_mape": 0.3212162780610984
}