{
  "model": "prophet",
  "mae": 0.019697164146588855,
  "rmse": 0.02168545471217733,
  "mape": 0.1584890740682693,
  "test_size": 30,
  "changepoint_range": 0.95,
  "arima_order": null,
  "alternative_model": "arima",
  "alternative_mape": 0.25115898235464884
}