{
  "model": "arima",
  "mae": 0.21295135716047148,
  "rmse": 0.2737760263433523,
  "mape": 0.6575517755682913,
  "test_size": 30,
  "changepoint_range": null,
  "arima_order": [
    3,
    1,
    2
  ],
  "alternative_model": "prophet",
  "alternative_mape": 3.501800407589438
}