{
  "model": "arima",
  "mae": 0.2303291348551544,
  "rmse": 0.28688906230927025,
  "mape": 0.4326075734769707,
  "test_size": 30,
  "changepoint_range": null,
  "arima_order": [
    3,
    1,
    3
  ],
  "alternative_model": "prophet",
  "alternative_mape": 0.686797920034672
}