{
  "model": "arima",
  "mae": 0.3133147288737483,
  "rmse": 0.38609816025552035,
  "mape": 0.5857336287902689,
  "test_size": 30,
  "changepoint_range": null,
  "arima_order": [
    3,
    1,
    3
  ],
  "alternative_model": "prophet",
  "alternative_mape": 0.6787555620315079
}