{
  "model": "arima",
  "mae": 0.32848220304365155,
  "rmse": 0.38646477097183696,
  "mape": 1.0012878832543282,
  "test_size": 30,
  "changepoint_range": null,
  "arima_order": [
    1,
    1,
    1
  ],
  "alternative_model": "prophet",
  "alternative_mape": 1.064460126322322
}