{
  "model": "arima",
  "mae": 0.058033174478816105,
  "rmse": 0.06754610149542523,
  "mape": 0.5721871935662082,
  "test_size": 30,
  "changepoint_range": null,
  "arima_order": [
    1,
    1,
    0
  ],
  "alternative_model": "prophet",
  "alternative_mape": 0.6070880155396158
}