{
  "model": "arima",
  "mae": 0.012983230917925177,
  "rmse": 0.015643354366963694,
  "mape": 0.1902888683227405,
  "test_size": 30,
  "changepoint_range": null,
  "arima_order": [
    1,
    1,
    2
  ],
  "alternative_model": "prophet",
  "alternative_mape": 0.2652304991750812
}