{
  "model": "arima",
  "mae": 0.041562149195412346,
  "rmse": 0.04904557022140332,
  "mape": 0.5819132174306264,
  "test_size": 30,
  "changepoint_range": null,
  "arima_order": [
    3,
    1,
    3
  ],
  "alternative_model": "prophet",
  "alternative_mape": 0.7021671582080742
}