{
  "model": "arima",
  "mae": 0.07615054677987748,
  "rmse": 0.09553468392027223,
  "mape": 1.6091210871670276,
  "test_size": 30,
  "changepoint_range": null,
  "arima_order": [
    3,
    1,
    2
  ],
  "alternative_model": "prophet",
  "alternative_mape": 5.807264921156878
}