{
  "model": "arima",
  "mae": 0.24708645501035467,
  "rmse": 0.30652460007666044,
  "mape": 0.464698451456881,
  "test_size": 30,
  "changepoint_range": null,
  "arima_order": [
    1,
    1,
    1
  ],
  "alternative_model": "prophet",
  "alternative_mape": 0.6953001619276719
}