{
  "model": "arima",
  "mae": 0.4018007066994279,
  "rmse": 0.4934448937893478,
  "mape": 0.6488796010589883,
  "test_size": 30,
  "changepoint_range": null,
  "arima_order": [
    2,
    1,
    1
  ],
  "alternative_model": "prophet",
  "alternative_mape": 0.7327012885330569
}