{
  "model": "prophet",
  "mae": 0.07137109150532067,
  "rmse": 0.08818557633682408,
  "mape": 0.24862232767969886,
  "test_size": 30,
  "changepoint_range": 0.8,
  "arima_order": null,
  "alternative_model": "arima",
  "alternative_mape": 0.3577290556056205
}