{
  "model": "prophet",
  "mae": 0.0003012986810702343,
  "rmse": 0.0003288908546892717,
  "mape": 0.18058413710201265,
  "test_size": 30,
  "changepoint_range": 0.95,
  "arima_order": null,
  "alternative_model": "arima",
  "alternative_mape": 1.2141965325118689
}