{
  "model": "arima",
  "mae": 0.037511986680409344,
  "rmse": 0.04420920182048392,
  "mape": 0.5258278927661364,
  "test_size": 30,
  "changepoint_range": null,
  "arima_order": [
    3,
    1,
    3
  ],
  "alternative_model": "prophet",
  "alternative_mape": 0.696115465121739
}