{
  "model": "arima",
  "mae": 0.23152005117861746,
  "rmse": 0.2913433555566435,
  "mape": 0.7150119609757658,
  "test_size": 30,
  "changepoint_range": null,
  "arima_order": [
    2,
    1,
    3
  ],
  "alternative_model": "prophet",
  "alternative_mape": 3.2458538676521798
}