{
  "model": "arima",
  "mae": 0.2854116422407538,
  "rmse": 0.3600043426233159,
  "mape": 0.4960471566571578,
  "test_size": 30,
  "changepoint_range": null,
  "arima_order": [
    3,
    1,
    3
  ],
  "alternative_model": "prophet",
  "alternative_mape": 1.8194645005403292
}