{
  "model": "arima",
  "mae": 0.04845637740296501,
  "rmse": 0.058742106373647476,
  "mape": 0.6780502567095613,
  "test_size": 30,
  "changepoint_range": null,
  "arima_order": [
    2,
    1,
    2
  ],
  "alternative_model": "prophet",
  "alternative_mape": 0.6886233116830134
}