{
  "model": "arima",
  "mae": 0.41035397094109194,
  "rmse": 0.49449278651059503,
  "mape": 0.662407416137158,
  "test_size": 30,
  "changepoint_range": null,
  "arima_order": [
    2,
    1,
    1
  ],
  "alternative_model": "prophet",
  "alternative_mape": 0.6795771645274281
}