{
  "model": "prophet",
  "mae": 0.027089162053442688,
  "rmse": 0.029838685199960784,
  "mape": 0.09924896595802866,
  "test_size": 30,
  "changepoint_range": 0.95,
  "arima_order": null,
  "alternative_model": "arima",
  "alternative_mape": 0.3114690964136537
}