{
  "model": "prophet",
  "mae": 0.015457290694807982,
  "rmse": 0.016757161484698357,
  "mape": 0.1214960807355925,
  "test_size": 30,
  "changepoint_range": 0.95,
  "arima_order": null,
  "alternative_model": "arima",
  "alternative_mape": 0.2814890705513695
}