{
  "model": "arima",
  "mae": 0.2913654093663014,
  "rmse": 0.3551819977530215,
  "mape": 0.8948174790989315,
  "test_size": 30,
  "changepoint_range": null,
  "arima_order": [
    2,
    1,
    3
  ],
  "alternative_model": "prophet",
  "alternative_mape": 2.859107054069553
}