{
  "model": "arima",
  "mae": 0.30829132647402985,
  "rmse": 0.38724524072610655,
  "mape": 0.5362703272475569,
  "test_size": 30,
  "changepoint_range": null,
  "arima_order": [
    3,
    1,
    3
  ],
  "alternative_model": "prophet",
  "alternative_mape": 1.8355722615828998
}