{
  "model": "prophet",
  "mae": 0.00026486693635394777,
  "rmse": 0.0002917711466319653,
  "mape": 0.15861737533284295,
  "test_size": 30,
  "changepoint_range": 0.95,
  "arima_order": null,
  "alternative_model": "arima",
  "alternative_mape": 1.2798887791492346
}