{
  "model": "prophet",
  "mae": 0.012947946799738593,
  "rmse": 0.014471222212151075,
  "mape": 0.10256281305117046,
  "test_size": 30,
  "changepoint_range": 0.95,
  "arima_order": null,
  "alternative_model": "arima",
  "alternative_mape": 0.23706188817928028
}