{
  "model": "prophet",
  "mae": 0.020939954103818995,
  "rmse": 0.023130566232320123,
  "mape": 3.458144535570968,
  "test_size": 30,
  "changepoint_range": 0.8,
  "arima_order": null,
  "alternative_model": "arima",
  "alternative_mape": 4.857038654166789
}