{
  "model": "arima",
  "mae": 0.07168184403732496,
  "rmse": 0.08746164148373782,
  "mape": 1.5119168817724338,
  "test_size": 30,
  "changepoint_range": null,
  "arima_order": [
    3,
    1,
    3
  ],
  "alternative_model": "prophet",
  "alternative_mape": 5.19900520068991
}